datetime,humidity,no2,o3,pm10,pm25,so2,temperature,wind_direction,wind_speed
2026-06-30 23:30:00+00:00,86.3,,1.46,17.3,10.2,5.81,29.1,243.0,0.623
2026-07-01 00:30:00+00:00,82.7,,1.06,13.8,9.24,5.35,29.1,244.0,0.93
2026-07-01 01:30:00+00:00,82.6,,0.59,11.6,9.15,4.94,29.2,242.0,0.868
2026-07-01 02:30:00+00:00,80.9,,0.993,11.5,8.43,5.14,29.7,244.0,0.853
2026-07-01 03:30:00+00:00,80.2,0.16,1.36,14.5,10.2,5.56,29.8,245.0,0.913
2026-07-01 04:30:00+00:00,70.9,0.895,2.4,18.8,12.1,6.88,31.6,280.0,0.9
2026-07-01 05:30:00+00:00,65.8,3.24,3.0,20.9,10.5,6.63,32.5,280.0,1.01
2026-07-01 06:30:00+00:00,64.5,4.61,12.5,,,4.64,32.7,285.0,0.988
2026-07-01 07:30:00+00:00,62.9,4.93,11.7,19.5,,4.09,33.3,288.0,0.92
2026-07-01 08:30:00+00:00,63.3,5.37,6.1,22.8,5.61,7.42,33.2,296.0,0.95
2026-07-01 09:30:00+00:00,65.4,6.57,7.3,27.8,7.32,6.21,32.7,286.0,0.825
2026-07-01 10:30:00+00:00,61.3,6.27,9.64,29.1,9.43,4.7,33.2,274.0,0.76
2026-07-01 11:30:00+00:00,60.3,4.31,10.9,25.7,8.4,3.95,33.0,259.0,0.643
2026-07-01 12:30:00+00:00,64.4,3.15,1.86,22.1,8.37,3.31,32.1,254.0,0.55
2026-07-01 13:30:00+00:00,68.2,1.57,1.69,22.9,9.22,3.77,31.7,239.0,0.35
2026-07-01 14:30:00+00:00,70.2,0.995,1.19,23.8,9.85,4.2,31.2,242.0,0.405
2026-07-01 15:30:00+00:00,71.6,0.845,1.31,24.8,9.54,4.75,31.0,242.0,0.415
2026-07-01 16:30:00+00:00,74.7,1.09,0.923,25.9,10.9,6.21,30.8,237.0,0.365
2026-07-01 17:30:00+00:00,79.5,0.3,1.18,26.6,12.5,4.83,30.4,236.0,0.453
2026-07-01 18:30:00+00:00,80.9,0.01,1.87,26.6,11.1,5.07,30.0,233.0,0.505
2026-07-01 19:30:00+00:00,80.9,,2.1,24.9,10.8,5.01,30.0,242.0,0.645
2026-07-01 20:30:00+00:00,81.4,,1.84,22.0,10.2,2.72,29.9,242.0,0.548
2026-07-01 21:30:00+00:00,81.5,,0.71,19.0,10.1,2.85,29.4,248.0,0.908
2026-07-01 22:30:00+00:00,84.2,,1.13,14.8,9.07,2.77,28.8,246.0,0.538
2026-07-01 23:30:00+00:00,85.1,,1.03,12.9,7.75,2.89,28.9,247.0,0.583
2026-07-02 00:30:00+00:00,84.2,,1.84,13.8,7.91,2.92,29.2,244.0,0.623
2026-07-02 01:30:00+00:00,81.9,0.06,1.53,12.9,7.75,3.03,29.7,257.0,0.608
2026-07-02 02:30:00+00:00,76.6,0.573,0.81,12.6,6.84,2.95,30.6,271.0,0.933
2026-07-02 03:30:00+00:00,66.8,0.633,0.588,15.7,7.72,2.47,32.3,281.0,0.948
2026-07-02 04:30:00+00:00,63.3,0.668,1.07,19.0,9.1,4.47,33.2,262.0,0.983
2026-07-02 05:30:00+00:00,64.8,0.883,1.97,21.3,9.79,5.14,33.0,252.0,1.12
2026-07-02 06:30:00+00:00,59.3,1.09,1.66,22.9,12.6,5.47,34.4,261.0,1.24
2026-07-02 07:30:00+00:00,56.2,1.19,2.59,23.1,12.7,5.01,35.0,259.0,1.27
2026-07-02 08:30:00+00:00,53.2,0.983,2.42,22.5,10.1,4.81,35.6,268.0,1.42
2026-07-02 09:30:00+00:00,58.0,1.27,1.82,19.7,9.65,3.59,34.5,274.0,1.45
2026-07-02 10:30:00+00:00,94.0,1.62,2.26,18.8,9.06,3.96,28.4,99.3,0.86
2026-07-02 11:30:00+00:00,96.1,1.98,1.5,23.2,10.2,4.9,28.6,173.0,0.205
2026-07-02 12:30:00+00:00,96.1,1.54,1.43,24.5,12.3,3.31,28.7,191.0,0.198
2026-07-02 13:30:00+00:00,96.1,1.07,1.23,20.7,11.4,3.35,28.6,192.0,0.188
2026-07-02 14:30:00+00:00,96.1,0.0833,0.388,16.3,9.98,3.12,28.1,220.0,0.293
2026-07-02 15:30:00+00:00,96.1,,0.893,14.5,9.41,3.42,28.1,221.0,0.243
2026-07-02 16:30:00+00:00,96.1,,1.68,13.3,8.51,3.99,28.3,238.0,0.383
2026-07-02 17:30:00+00:00,96.1,,1.8,10.9,7.37,4.24,28.5,239.0,0.533
2026-07-02 18:30:00+00:00,96.2,,1.0,10.8,7.1,3.96,28.4,240.0,0.485
2026-07-02 19:30:00+00:00,96.3,,0.447,9.75,6.42,3.73,28.4,234.0,0.37
2026-07-02 20:30:00+00:00,96.9,,0.438,8.46,5.74,3.0,28.2,236.0,0.378
2026-07-02 21:30:00+00:00,97.3,,1.68,8.77,6.71,3.26,28.2,236.0,0.375
2026-07-02 22:30:00+00:00,97.6,,1.86,7.83,5.73,3.62,27.7,238.0,0.578
2026-07-02 23:30:00+00:00,98.4,,1.6,7.1,4.03,4.26,27.3,244.0,0.795
2026-07-03 00:30:00+00:00,98.4,,0.643,7.88,4.79,3.6,27.2,245.0,0.703
2026-07-03 01:30:00+00:00,98.4,,0.608,7.01,5.94,3.41,27.8,248.0,0.74
2026-07-03 02:30:00+00:00,94.7,,1.66,5.74,5.61,3.8,29.1,249.0,0.89
2026-07-03 03:30:00+00:00,88.7,0.0825,2.06,6.83,3.92,3.86,29.8,253.0,1.09
2026-07-03 04:30:00+00:00,87.8,0.44,1.46,8.82,4.54,3.81,29.8,257.0,0.873
2026-07-03 05:30:00+00:00,86.2,3.34,4.65,14.7,4.7,2.34,30.4,258.0,0.983
2026-07-03 06:30:00+00:00,86.3,,5.35,19.3,5.76,1.04,30.1,258.0,1.06
2026-07-03 07:30:00+00:00,83.4,4.24,8.11,20.1,6.3,0.528,30.5,258.0,0.948
2026-07-03 08:30:00+00:00,84.0,4.08,18.7,19.5,5.33,1.35,30.4,253.0,0.788
2026-07-03 09:30:00+00:00,84.2,3.96,20.2,19.3,5.03,1.78,30.4,250.0,0.815
2026-07-03 10:30:00+00:00,88.8,3.59,19.6,17.4,5.03,1.81,29.8,242.0,0.608
2026-07-03 11:30:00+00:00,88.2,3.88,25.2,18.3,6.46,2.9,29.8,249.0,0.6
2026-07-03 12:30:00+00:00,87.8,2.76,15.1,22.2,6.5,3.07,29.6,245.0,0.69
2026-07-03 13:30:00+00:00,89.1,1.12,2.5,19.7,6.53,2.69,29.4,238.0,0.483
2026-07-03 14:30:00+00:00,89.9,0.218,2.43,16.8,7.3,3.08,29.2,241.0,0.48
2026-07-03 15:30:00+00:00,92.4,,3.29,17.1,6.9,3.58,28.6,245.0,0.72
2026-07-03 16:30:00+00:00,91.6,,4.15,16.1,6.75,3.29,28.5,245.0,0.603
2026-07-03 17:30:00+00:00,92.9,,3.85,13.3,7.08,3.43,28.3,246.0,0.617
2026-07-03 18:30:00+00:00,93.0,,2.01,15.0,10.0,4.32,28.4,240.0,0.485
2026-07-03 19:30:00+00:00,93.7,,2.21,13.3,9.23,4.72,28.3,237.0,0.385
2026-07-03 20:30:00+00:00,94.7,,1.31,10.6,7.43,4.54,27.8,248.0,0.435
2026-07-03 21:30:00+00:00,95.1,,2.13,9.42,6.12,4.81,27.3,242.0,0.473
2026-07-03 22:30:00+00:00,95.1,,1.38,8.5,4.98,4.45,27.3,245.0,0.44
2026-07-03 23:30:00+00:00,95.1,,1.79,8.64,4.83,4.98,27.6,252.0,0.295
2026-07-04 00:30:00+00:00,94.2,,2.0,11.9,5.99,5.28,28.0,269.0,0.318
2026-07-04 01:30:00+00:00,92.1,,2.03,15.1,5.82,5.71,28.7,242.0,0.208
2026-07-04 02:30:00+00:00,86.9,0.355,3.04,16.3,5.65,5.36,29.8,296.0,0.348
2026-07-04 03:30:00+00:00,81.6,0.11,3.72,21.1,10.0,6.21,31.1,277.0,0.213
2026-07-04 04:30:00+00:00,75.1,0.863,3.22,30.1,15.4,6.96,31.7,32.5,0.425
2026-07-04 05:30:00+00:00,66.7,1.24,2.9,38.0,17.8,7.76,33.3,46.2,0.588
2026-07-04 06:30:00+00:00,64.4,1.66,4.78,43.3,20.4,7.79,34.0,92.0,0.225
2026-07-04 07:30:00+00:00,58.8,1.36,11.2,45.4,19.9,8.37,35.6,158.0,0.253
2026-07-04 08:30:00+00:00,58.7,0.928,21.8,43.6,19.3,9.0,35.6,166.0,0.273
2026-07-04 09:30:00+00:00,65.3,0.523,18.0,37.4,19.8,7.18,34.6,192.0,0.44
2026-07-04 10:30:00+00:00,94.8,0.608,3.99,29.9,19.2,5.12,29.0,201.0,0.648
2026-07-04 11:30:00+00:00,95.5,0.685,3.15,26.2,17.7,4.8,27.8,254.0,0.88
2026-07-04 12:30:00+00:00,95.5,0.97,1.63,24.2,13.7,4.79,28.1,261.0,0.77
2026-07-04 13:30:00+00:00,93.8,0.608,2.4,22.7,9.96,4.84,27.8,250.0,0.738
2026-07-04 14:30:00+00:00,95.1,0.283,2.24,22.7,9.05,4.63,28.2,248.0,0.9
2026-07-04 15:30:00+00:00,94.7,0.01,2.43,21.6,9.44,4.33,28.5,246.0,1.1
2026-07-04 16:30:00+00:00,92.7,0.015,2.42,18.1,8.36,4.76,28.7,247.0,1.07
2026-07-04 17:30:00+00:00,92.1,0.01,2.63,15.2,7.18,4.77,28.5,245.0,1.14
2026-07-04 18:30:00+00:00,95.5,0.02,1.37,14.9,6.39,4.92,26.9,259.0,1.33
2026-07-04 19:30:00+00:00,95.5,0.01,2.38,14.3,6.4,3.97,26.7,255.0,1.52
2026-07-04 20:30:00+00:00,95.5,0.035,2.39,9.06,4.66,5.18,26.7,246.0,0.67
2026-07-04 21:30:00+00:00,95.5,0.125,1.87,7.78,4.85,5.21,26.6,199.0,0.328
2026-07-04 22:30:00+00:00,95.6,0.01,2.25,5.69,4.33,5.49,26.5,248.0,0.62
2026-07-04 23:30:00+00:00,95.6,,1.31,4.53,3.21,5.51,26.3,242.0,0.403
2026-07-05 00:30:00+00:00,95.6,,1.7,4.21,2.4,5.31,26.4,245.0,0.568
2026-07-05 01:30:00+00:00,95.6,,1.85,4.28,1.81,4.91,26.9,246.0,0.675
2026-07-05 02:30:00+00:00,95.6,,2.38,4.79,1.51,5.47,27.5,246.0,0.993
2026-07-05 03:30:00+00:00,95.6,0.04,1.97,4.94,1.61,5.49,27.0,263.0,1.05
2026-07-05 04:30:00+00:00,95.6,0.195,1.46,4.8,3.03,6.66,27.9,256.0,1.01
2026-07-05 05:30:00+00:00,95.5,0.08,1.63,4.35,4.01,6.37,27.8,250.0,1.16
2026-07-05 06:30:00+00:00,95.5,0.258,0.998,7.74,3.24,5.96,27.2,245.0,1.06
2026-07-05 07:30:00+00:00,95.5,0.4,1.82,10.9,2.99,6.21,27.0,256.0,0.968
2026-07-05 08:30:00+00:00,95.5,0.868,2.23,9.46,3.3,6.48,27.4,254.0,1.07
2026-07-05 09:30:00+00:00,95.5,0.948,1.93,9.95,4.46,6.91,27.5,252.0,1.14
2026-07-05 10:30:00+00:00,95.5,0.623,1.08,10.7,6.51,6.41,27.0,247.0,0.725
2026-07-05 11:30:00+00:00,95.5,0.24,1.15,13.4,7.23,6.32,26.7,246.0,0.738
2026-07-05 12:30:00+00:00,95.6,0.24,1.24,14.3,7.16,5.77,26.9,246.0,0.93
2026-07-05 13:30:00+00:00,95.5,0.763,1.68,13.9,7.41,5.78,27.0,246.0,1.03
2026-07-05 14:30:00+00:00,95.5,0.88,1.86,15.1,8.83,5.76,27.1,248.0,0.943
2026-07-05 15:30:00+00:00,95.5,0.56,1.09,13.3,9.58,5.99,27.1,244.0,0.785
2026-07-05 16:30:00+00:00,95.5,,1.83,11.2,7.83,5.71,26.9,250.0,0.875
2026-07-05 17:30:00+00:00,95.6,,0.76,10.0,6.51,5.31,26.7,244.0,0.88
2026-07-05 18:30:00+00:00,95.6,,2.79,9.44,6.83,5.97,26.7,244.0,0.96
2026-07-05 19:30:00+00:00,95.6,,2.34,9.4,6.83,6.34,26.8,246.0,0.79
2026-07-05 20:30:00+00:00,95.6,,1.68,,,4.79,26.8,246.0,0.735
2026-07-05 21:30:00+00:00,95.6,,0.76,,,4.86,26.7,243.0,0.865
2026-07-05 22:30:00+00:00,95.6,,1.43,5.42,5.17,4.85,26.4,245.0,0.91
2026-07-05 23:30:00+00:00,95.7,,2.35,5.13,4.47,5.18,26.3,244.0,1.09
2026-07-06 00:30:00+00:00,95.7,,2.18,5.26,3.62,5.29,26.2,244.0,1.08
2026-07-06 01:30:00+00:00,95.7,,1.51,5.1,3.38,5.08,26.1,244.0,1.08
2026-07-06 02:30:00+00:00,95.7,,1.14,3.77,2.8,4.77,26.0,243.0,1.11
2026-07-06 03:30:00+00:00,95.7,,1.15,3.36,2.05,4.62,26.0,241.0,1.07
2026-07-06 04:30:00+00:00,95.7,,2.17,3.5,1.79,4.17,26.2,244.0,1.15
2026-07-06 05:30:00+00:00,95.7,,2.33,2.48,2.66,4.79,26.8,246.0,1.26
2026-07-06 06:30:00+00:00,95.7,,1.82,2.39,2.38,5.17,27.5,246.0,1.25
2026-07-06 07:30:00+00:00,95.4,0.085,8.26,2.51,2.57,4.11,28.1,246.0,1.0
2026-07-06 08:30:00+00:00,95.1,0.393,14.6,2.05,1.92,2.1,28.1,245.0,0.99
2026-07-06 09:30:00+00:00,95.1,0.273,2.9,2.92,1.65,1.52,28.3,242.0,0.883
2026-07-06 10:30:00+00:00,95.5,,2.03,4.75,1.9,2.51,28.2,240.0,0.813
2026-07-06 11:30:00+00:00,95.0,,2.34,6.61,3.3,3.13,28.3,237.0,0.613
2026-07-06 12:30:00+00:00,95.4,,2.15,6.99,3.85,3.04,28.0,236.0,0.5
2026-07-06 13:30:00+00:00,95.6,,2.54,5.34,2.78,3.22,27.8,237.0,0.458
2026-07-06 14:30:00+00:00,95.6,,2.51,4.74,2.14,3.87,27.7,236.0,0.363
2026-07-06 15:30:00+00:00,95.6,,2.24,5.16,2.53,4.25,27.7,238.0,0.358
2026-07-06 16:30:00+00:00,95.6,,1.88,5.54,2.79,4.65,27.6,237.0,0.378
2026-07-06 17:30:00+00:00,95.6,,1.62,5.8,2.75,4.79,27.6,238.0,0.433
2026-07-06 19:30:00+00:00,95.6,,2.4,8.9,4.47,4.19,27.6,234.0,0.355
2026-07-06 20:30:00+00:00,94.8,,1.68,8.02,4.17,5.04,27.8,238.0,0.468
2026-07-06 21:30:00+00:00,94.9,,2.45,6.49,3.29,6.32,27.6,226.0,0.22
2026-07-06 22:30:00+00:00,95.2,,1.54,6.25,2.95,6.03,27.5,230.0,0.19
2026-07-06 23:30:00+00:00,94.3,,2.29,6.16,3.18,5.8,27.5,235.0,0.283
2026-07-07 00:30:00+00:00,91.3,,2.12,6.11,4.38,5.51,27.8,238.0,0.45
2026-07-07 01:30:00+00:00,87.3,,1.99,6.62,5.57,5.69,28.6,238.0,0.613
2026-07-07 02:30:00+00:00,80.8,,1.91,7.43,4.62,5.91,29.8,241.0,0.755
2026-07-07 03:30:00+00:00,69.9,,2.2,7.84,5.69,5.99,31.2,241.0,1.1
2026-07-07 04:30:00+00:00,68.6,,3.87,9.32,6.42,2.16,31.5,239.0,1.03
2026-07-07 05:30:00+00:00,68.0,,3.33,10.9,5.31,1.59,31.5,240.0,1.16
2026-07-07 06:30:00+00:00,71.7,,2.93,11.5,5.62,1.37,30.8,238.0,1.01
2026-07-07 07:30:00+00:00,68.7,,3.37,10.2,5.69,2.22,31.5,239.0,0.933
2026-07-07 08:30:00+00:00,72.3,,2.34,9.44,4.48,2.35,31.0,244.0,0.475
2026-07-07 09:30:00+00:00,85.2,,1.92,10.7,3.99,2.59,29.7,233.0,0.198
2026-07-07 10:30:00+00:00,84.4,,6.85,11.3,4.64,1.29,29.7,253.0,0.198
2026-07-07 11:30:00+00:00,82.4,,5.93,11.9,6.05,1.78,29.9,248.0,0.283
2026-07-07 12:30:00+00:00,82.8,,2.06,12.5,5.63,5.57,29.7,252.0,0.21
2026-07-07 13:30:00+00:00,83.8,,2.25,13.0,4.5,5.96,29.4,259.0,0.283
2026-07-07 14:30:00+00:00,85.3,,2.93,11.2,3.64,6.04,29.2,248.0,0.24
2026-07-07 15:30:00+00:00,86.8,,5.83,8.99,2.72,5.05,29.0,242.0,0.19
2026-07-07 16:30:00+00:00,87.3,,5.05,8.75,2.2,5.24,28.8,246.0,0.245
2026-07-07 17:30:00+00:00,86.9,,2.01,9.37,2.68,5.47,28.8,239.0,0.323
2026-07-07 18:30:00+00:00,86.2,,1.27,9.38,4.09,5.88,28.6,237.0,0.635
2026-07-07 19:30:00+00:00,85.4,,2.47,8.76,3.48,5.99,28.5,239.0,0.723
2026-07-07 20:30:00+00:00,86.3,,3.36,7.27,2.44,5.27,28.3,240.0,0.618
2026-07-07 21:30:00+00:00,86.7,,2.8,5.58,1.71,5.28,28.0,238.0,0.518
2026-07-07 22:30:00+00:00,89.5,,2.0,4.63,1.21,5.33,27.6,241.0,0.24
2026-07-07 23:30:00+00:00,90.4,,1.58,5.78,0.96,5.77,27.5,240.0,0.193
2026-07-08 00:30:00+00:00,87.1,,1.62,8.03,0.9,5.91,28.3,241.0,0.45
2026-07-08 01:30:00+00:00,81.1,,2.86,8.42,0.83,5.63,29.5,240.0,0.875
2026-07-08 02:30:00+00:00,76.3,,2.65,8.59,1.04,5.19,30.3,242.0,1.07
2026-07-08 03:30:00+00:00,70.6,,3.2,9.4,2.05,4.87,30.8,240.0,0.92
2026-07-08 04:30:00+00:00,67.8,,2.18,9.88,2.48,5.19,31.4,236.0,0.968
2026-07-08 05:30:00+00:00,64.8,,13.1,11.8,2.55,4.78,32.5,237.0,0.915
2026-07-08 06:30:00+00:00,64.5,,22.9,13.4,2.93,3.41,32.6,239.0,0.838
2026-07-08 07:30:00+00:00,67.7,,21.6,9.08,,2.36,31.9,234.0,0.568
2026-07-08 08:30:00+00:00,71.0,,17.2,13.0,0.91,1.88,31.5,234.0,0.578
2026-07-08 09:30:00+00:00,66.7,,10.7,11.7,1.43,2.33,32.4,234.0,0.553
2026-07-08 10:30:00+00:00,76.5,,21.9,8.87,2.96,2.37,31.2,224.0,0.348
2026-07-08 11:30:00+00:00,80.9,0.03,21.1,9.55,3.0,2.63,30.4,231.0,0.343
2026-07-08 12:30:00+00:00,93.2,0.54,20.1,9.82,2.23,1.19,28.4,234.0,0.37
2026-07-08 13:30:00+00:00,95.2,1.66,5.14,7.71,2.25,1.37,27.6,228.0,0.22
2026-07-08 14:30:00+00:00,95.3,1.24,2.7,6.01,3.22,2.28,27.8,232.0,0.21
2026-07-08 15:30:00+00:00,94.4,0.94,2.18,5.06,2.78,3.49,28.3,229.0,0.265
2026-07-08 16:30:00+00:00,94.6,0.91,1.48,4.76,3.02,3.91,28.1,234.0,0.198
2026-07-08 17:30:00+00:00,94.3,0.74,4.02,8.8,2.51,3.85,28.2,238.0,0.293
2026-07-08 18:30:00+00:00,89.6,0.715,4.11,5.97,1.64,3.76,28.6,239.0,0.725
2026-07-08 19:30:00+00:00,91.5,0.773,2.33,4.59,1.36,4.19,28.4,242.0,0.6
2026-07-08 20:30:00+00:00,93.5,1.08,1.68,3.39,1.24,4.47,28.3,241.0,0.81
2026-07-08 21:30:00+00:00,93.5,1.29,1.89,2.77,1.3,4.94,28.2,240.0,0.583
2026-07-08 22:30:00+00:00,92.3,1.2,2.71,3.56,1.77,4.67,28.1,242.0,0.635
2026-07-08 23:30:00+00:00,92.2,1.03,2.65,5.39,1.62,4.15,27.9,242.0,0.598
2026-07-09 00:30:00+00:00,91.2,0.915,1.83,4.8,1.71,4.69,28.1,241.0,0.655
2026-07-09 01:30:00+00:00,88.9,1.1,1.57,5.97,2.34,4.64,28.6,243.0,0.848
2026-07-09 02:30:00+00:00,88.4,1.28,1.9,7.08,2.33,5.19,29.0,244.0,0.78
2026-07-09 03:30:00+00:00,83.7,1.39,1.99,8.22,3.99,5.01,30.3,242.0,0.895
2026-07-09 04:30:00+00:00,81.8,1.33,4.03,10.3,5.45,2.9,30.9,245.0,0.92
2026-07-09 05:30:00+00:00,69.2,1.47,4.26,13.5,5.68,2.53,32.8,250.0,1.14
2026-07-09 06:30:00+00:00,65.7,2.13,3.9,15.2,8.49,2.61,33.0,251.0,1.15
2026-07-09 07:30:00+00:00,63.4,2.38,3.71,24.1,9.63,2.96,33.4,256.0,1.08
2026-07-09 08:30:00+00:00,59.6,2.53,4.5,29.5,11.1,2.77,34.6,258.0,0.945
2026-07-09 09:30:00+00:00,61.7,2.86,8.64,33.0,12.4,2.61,34.0,258.0,0.858
2026-07-09 10:30:00+00:00,69.7,1.93,13.8,32.4,12.3,1.44,32.8,231.0,0.495
2026-07-09 11:30:00+00:00,72.3,1.59,5.65,28.9,15.1,2.3,32.3,239.0,0.5
2026-07-09 12:30:00+00:00,75.7,1.52,4.35,26.6,12.6,3.26,31.6,240.0,0.473
2026-07-09 13:30:00+00:00,78.6,1.5,3.44,23.9,10.9,4.03,30.9,244.0,0.755
2026-07-09 14:30:00+00:00,83.5,1.74,6.44,19.3,9.03,4.05,29.9,236.0,0.515
2026-07-09 15:30:00+00:00,84.3,1.39,6.56,17.7,8.26,3.42,29.2,244.0,0.55
2026-07-09 16:30:00+00:00,88.2,1.17,3.82,16.7,7.08,3.74,28.9,239.0,0.5
2026-07-09 17:30:00+00:00,87.4,1.16,2.31,17.6,9.53,4.24,29.0,236.0,0.417
2026-07-09 18:30:00+00:00,88.5,1.16,2.23,15.3,6.67,4.8,28.9,235.0,0.565
2026-07-09 19:30:00+00:00,89.8,1.16,2.28,14.3,6.54,4.4,28.7,234.0,0.463
2026-07-09 20:30:00+00:00,91.2,0.873,2.88,13.8,6.16,5.34,28.4,241.0,0.633
2026-07-09 21:30:00+00:00,92.4,0.728,2.26,17.2,4.39,5.41,28.1,240.0,0.468
2026-07-09 22:30:00+00:00,91.9,0.788,1.83,13.6,4.15,6.23,28.2,239.0,0.483
2026-07-09 23:30:00+00:00,92.1,0.888,1.93,14.3,7.5,6.38,28.1,237.0,0.45
2026-07-10 00:30:00+00:00,90.7,0.928,1.49,14.7,8.71,6.29,28.6,239.0,0.53
2026-07-10 01:30:00+00:00,85.9,0.825,2.56,13.1,6.37,5.61,29.8,240.0,0.735
2026-07-10 02:30:00+00:00,82.1,0.965,3.6,12.1,5.78,5.53,30.6,246.0,0.903
2026-07-10 03:30:00+00:00,76.6,1.43,2.3,15.8,7.88,5.79,31.5,247.0,0.92
2026-07-10 04:30:00+00:00,70.2,2.26,5.53,23.5,7.19,5.14,32.4,256.0,0.888
2026-07-10 05:30:00+00:00,64.2,,32.8,27.2,10.9,3.77,33.5,251.0,0.853
2026-07-10 06:30:00+00:00,59.8,13.2,39.4,29.3,11.5,2.75,34.8,256.0,0.88
2026-07-10 07:30:00+00:00,55.3,9.67,49.8,38.6,15.1,6.09,35.8,253.0,0.963
2026-07-10 08:30:00+00:00,51.9,8.99,40.2,38.7,16.0,4.28,36.0,253.0,0.993
2026-07-10 09:30:00+00:00,55.5,7.54,38.6,39.7,16.8,5.92,35.5,244.0,0.915
2026-07-10 10:30:00+00:00,56.4,7.43,26.1,41.5,17.0,5.32,35.2,242.0,0.885
2026-07-10 11:30:00+00:00,57.2,5.51,11.4,38.7,16.4,2.87,34.1,247.0,0.868
2026-07-10 12:30:00+00:00,60.3,5.16,23.7,39.4,14.5,3.19,33.2,245.0,0.62
2026-07-10 13:30:00+00:00,67.4,5.32,19.0,38.3,17.1,3.92,32.2,227.0,0.265
2026-07-10 14:30:00+00:00,70.6,4.34,6.56,41.4,18.5,3.97,31.8,238.0,0.373
2026-07-10 15:30:00+00:00,71.5,3.85,5.62,40.2,15.8,4.52,31.4,240.0,0.433
2026-07-10 16:30:00+00:00,75.0,3.58,5.71,37.0,14.2,4.5,30.8,236.0,0.33
2026-07-10 17:30:00+00:00,78.0,3.35,8.1,33.9,14.3,3.89,30.5,243.0,0.483
2026-07-10 18:30:00+00:00,79.7,2.85,8.93,30.9,13.0,3.87,30.3,242.0,0.45
2026-07-10 19:30:00+00:00,80.2,2.7,2.82,29.0,12.5,4.59,30.2,238.0,0.435
2026-07-10 20:30:00+00:00,81.9,2.59,1.88,28.6,11.8,2.85,29.8,236.0,0.313
2026-07-10 21:30:00+00:00,84.9,2.51,2.07,27.9,10.4,3.35,29.5,228.0,0.238
2026-07-10 22:30:00+00:00,87.1,2.52,5.63,25.8,10.7,2.76,29.2,225.0,0.218
2026-07-10 23:30:00+00:00,86.9,2.3,5.36,23.1,12.1,2.78,29.2,239.0,0.315
2026-07-11 00:30:00+00:00,84.8,2.19,2.56,24.2,10.9,3.13,29.4,241.0,0.45
2026-07-11 01:30:00+00:00,80.6,2.4,1.58,23.0,11.0,3.74,29.9,243.0,0.578
2026-07-11 02:30:00+00:00,71.9,3.22,1.84,22.5,10.8,3.8,31.0,245.0,0.66
2026-07-11 03:30:00+00:00,63.8,4.35,2.86,26.9,10.8,3.7,32.5,259.0,1.05
2026-07-11 04:30:00+00:00,59.7,5.05,4.76,31.0,14.2,4.06,33.5,252.0,1.03
2026-07-11 05:30:00+00:00,57.5,5.14,5.78,34.7,14.0,4.12,33.8,259.0,1.21
2026-07-11 06:30:00+00:00,55.9,5.43,4.25,34.6,14.4,3.3,34.9,265.0,1.24
2026-07-11 07:30:00+00:00,56.9,5.46,3.22,37.5,15.1,3.54,35.3,252.0,0.918
2026-07-11 08:30:00+00:00,54.0,4.93,5.54,37.0,14.5,3.49,35.7,256.0,1.16
2026-07-11 09:30:00+00:00,55.7,5.3,8.61,36.1,12.8,3.2,35.0,260.0,1.04
2026-07-11 10:30:00+00:00,53.4,6.03,7.85,36.9,14.0,3.23,35.3,262.0,0.908
2026-07-11 11:30:00+00:00,55.3,5.28,4.78,35.1,15.7,3.21,34.5,246.0,0.69
2026-07-11 12:30:00+00:00,59.6,4.82,4.86,37.1,13.6,3.65,34.3,244.0,0.593
2026-07-11 13:30:00+00:00,62.9,4.12,6.35,38.3,12.5,3.76,33.6,241.0,0.408
2026-07-11 14:30:00+00:00,63.9,4.47,13.3,35.5,11.4,3.36,32.7,241.0,0.483
2026-07-11 15:30:00+00:00,62.7,4.64,11.0,34.4,9.98,3.81,32.3,242.0,0.465
2026-07-11 16:30:00+00:00,63.5,4.19,3.69,34.9,11.0,4.41,31.6,243.0,0.478
2026-07-11 17:30:00+00:00,64.7,4.48,1.81,36.1,11.3,4.47,31.5,242.0,0.393
2026-07-11 18:30:00+00:00,67.6,3.77,3.31,36.7,14.1,4.42,31.1,238.0,0.435
2026-07-11 19:30:00+00:00,71.0,3.59,5.25,34.7,12.9,4.1,31.4,232.0,0.268
2026-07-11 20:30:00+00:00,72.4,2.95,6.1,32.3,10.9,2.51,30.7,237.0,0.34
2026-07-11 21:30:00+00:00,73.5,2.75,4.32,31.2,10.4,3.1,30.3,236.0,0.315
2026-07-11 22:30:00+00:00,74.7,2.66,1.51,26.8,9.38,3.66,30.1,234.0,0.268
2026-07-11 23:30:00+00:00,76.1,2.66,1.81,23.7,8.94,4.07,29.9,242.0,0.505
2026-07-12 00:30:00+00:00,72.7,2.92,1.91,23.9,8.27,3.69,30.2,244.0,0.55
2026-07-12 01:30:00+00:00,69.3,3.32,2.41,26.7,10.1,3.64,31.2,250.0,0.64
2026-07-12 02:30:00+00:00,62.4,3.77,2.39,29.9,9.98,3.71,32.9,259.0,0.99
2026-07-12 03:30:00+00:00,59.1,4.82,1.47,31.7,10.4,3.29,34.1,263.0,1.13
2026-07-12 04:30:00+00:00,56.3,5.66,2.74,32.3,12.8,4.79,35.1,259.0,1.14
2026-07-12 05:30:00+00:00,55.5,5.91,3.81,33.0,13.0,5.75,35.3,250.0,1.08
2026-07-12 06:30:00+00:00,53.1,5.46,7.28,35.4,12.1,4.88,36.0,256.0,1.14
2026-07-12 07:30:00+00:00,48.5,5.68,6.98,35.3,12.1,4.37,36.9,264.0,1.39
2026-07-12 08:30:00+00:00,47.5,5.79,5.33,35.8,10.5,4.19,36.9,261.0,1.15
2026-07-12 09:30:00+00:00,49.3,6.08,6.16,35.3,12.1,4.89,36.1,256.0,1.03
2026-07-12 10:30:00+00:00,49.6,6.01,5.91,38.0,14.0,5.17,36.0,250.0,0.883
2026-07-12 11:30:00+00:00,52.9,5.47,15.6,37.6,16.2,5.96,35.0,248.0,0.765
2026-07-12 12:30:00+00:00,53.9,4.78,18.3,36.7,15.6,5.25,34.2,245.0,0.683
2026-07-12 13:30:00+00:00,56.8,4.55,9.51,33.2,14.3,5.79,33.4,245.0,0.58
2026-07-12 14:30:00+00:00,55.2,4.74,4.49,32.6,13.5,6.32,33.1,248.0,0.67
2026-07-12 15:30:00+00:00,59.1,5.04,2.99,34.1,15.0,6.65,32.3,244.0,0.485
2026-07-12 16:30:00+00:00,61.3,5.88,4.72,34.5,15.1,7.41,31.8,245.0,0.6
2026-07-12 17:30:00+00:00,66.7,6.71,6.13,37.5,17.2,8.48,31.0,224.0,0.28
2026-07-12 18:30:00+00:00,65.0,5.3,3.49,36.3,16.4,8.62,31.1,243.0,0.525
2026-07-12 19:30:00+00:00,66.3,4.72,2.05,35.1,16.5,7.01,30.9,244.0,0.43
2026-07-12 20:30:00+00:00,65.8,5.18,2.34,36.3,16.0,3.96,31.0,253.0,0.485
2026-07-12 21:30:00+00:00,70.2,4.64,2.65,38.6,15.8,4.0,30.4,230.0,0.348
2026-07-12 22:30:00+00:00,76.8,3.48,3.5,36.6,15.0,3.38,29.5,229.0,0.3
2026-07-12 23:30:00+00:00,79.7,2.8,4.02,34.1,13.2,3.08,29.2,234.0,0.27
2026-07-13 00:30:00+00:00,75.9,2.52,1.63,29.8,13.2,3.51,30.0,243.0,0.465
2026-07-13 01:30:00+00:00,66.5,3.35,1.48,27.1,13.3,3.82,31.5,251.0,0.778
2026-07-13 02:30:00+00:00,62.2,4.58,1.78,28.0,14.3,3.82,33.1,255.0,0.893
2026-07-13 03:30:00+00:00,57.7,5.69,4.66,32.4,17.3,3.33,34.3,269.0,1.02
2026-07-13 04:30:00+00:00,55.1,5.9,11.0,36.7,17.3,3.54,35.0,282.0,1.15
2026-07-13 05:30:00+00:00,53.1,10.0,30.0,37.6,14.5,2.21,35.7,287.0,0.945
2026-07-13 06:30:00+00:00,50.4,12.2,31.2,36.8,12.8,1.82,36.4,280.0,1.11
2026-07-13 07:30:00+00:00,49.3,11.9,31.0,38.3,16.3,1.62,36.9,267.0,0.845
2026-07-13 08:30:00+00:00,48.2,8.21,35.5,42.9,15.0,1.3,37.4,249.0,0.9
2026-07-13 09:30:00+00:00,48.4,8.9,38.6,34.9,15.3,1.19,37.7,253.0,0.858
2026-07-13 10:30:00+00:00,50.5,8.98,38.0,37.1,14.1,6.44,37.2,246.0,0.898
2026-07-13 11:30:00+00:00,52.4,6.76,43.5,38.9,15.2,4.8,36.3,242.0,0.758
2026-07-13 12:30:00+00:00,54.7,6.54,31.9,39.7,15.0,2.6,35.0,242.0,0.615
2026-07-13 13:30:00+00:00,59.4,7.14,22.8,41.2,12.7,2.36,34.0,245.0,0.518
2026-07-13 14:30:00+00:00,60.2,7.93,14.2,40.8,12.2,3.61,33.5,246.0,0.598
2026-07-13 15:30:00+00:00,62.2,8.2,10.5,42.0,12.8,4.8,33.0,236.0,0.428
2026-07-13 16:30:00+00:00,64.2,5.56,3.98,43.5,15.0,3.71,32.6,241.0,0.453
2026-07-13 17:30:00+00:00,64.3,4.99,3.84,43.4,16.1,3.99,32.6,243.0,0.497
2026-07-13 18:30:00+00:00,66.4,5.91,6.58,45.8,15.0,4.7,32.3,243.0,0.495
2026-07-13 19:30:00+00:00,65.7,6.75,7.93,47.6,14.8,6.58,32.4,242.0,0.413
2026-07-13 20:30:00+00:00,61.6,6.15,5.79,48.4,15.1,5.01,32.3,254.0,0.595
2026-07-13 21:30:00+00:00,62.7,4.8,2.89,48.0,13.9,4.2,32.1,244.0,0.413
2026-07-13 22:30:00+00:00,66.2,4.47,1.43,50.3,15.6,3.49,31.7,228.0,0.305
2026-07-13 23:30:00+00:00,66.7,4.62,1.39,49.8,16.7,3.34,32.0,235.0,0.305
2026-07-14 00:30:00+00:00,67.2,5.85,5.02,48.8,16.0,3.53,32.2,243.0,0.403
2026-07-14 01:30:00+00:00,64.3,6.11,3.76,49.5,17.5,3.72,32.6,258.0,0.583
2026-07-14 02:30:00+00:00,59.5,5.48,3.75,49.5,17.6,3.85,34.2,285.0,0.998
2026-07-14 03:30:00+00:00,58.4,6.0,3.32,52.6,16.4,3.73,34.9,285.0,1.09
2026-07-14 04:30:00+00:00,57.2,6.79,3.28,51.0,15.6,2.29,35.6,280.0,0.805
2026-07-14 05:30:00+00:00,54.1,7.23,6.68,50.9,16.8,2.58,36.9,287.0,0.97
2026-07-14 06:30:00+00:00,52.8,7.73,10.5,50.8,16.8,2.13,36.6,279.0,0.928
2026-07-14 07:30:00+00:00,51.3,8.09,11.8,51.2,16.3,2.01,36.7,286.0,0.688
2026-07-14 08:30:00+00:00,50.8,7.58,8.18,48.2,14.3,1.99,36.7,273.0,0.63
2026-07-14 09:30:00+00:00,52.2,6.64,9.67,46.5,16.5,1.88,36.9,245.0,0.54
2026-07-14 10:30:00+00:00,55.4,6.33,15.1,46.7,16.8,2.67,36.9,244.0,0.52
2026-07-14 11:30:00+00:00,54.4,7.29,13.9,45.3,14.1,2.16,36.2,252.0,0.91
2026-07-14 12:30:00+00:00,57.6,8.24,16.7,45.9,13.6,2.82,35.7,248.0,0.75
2026-07-14 13:30:00+00:00,63.0,5.85,7.6,45.8,13.7,4.39,35.2,243.0,0.455
2026-07-14 14:30:00+00:00,65.8,5.51,6.83,42.9,13.5,4.49,34.5,242.0,0.333
2026-07-14 15:30:00+00:00,64.4,7.66,5.54,40.3,13.0,4.49,33.5,245.0,0.418
2026-07-14 16:30:00+00:00,67.2,10.4,6.45,41.1,12.0,4.95,32.2,95.8,0.773
2026-07-14 17:30:00+00:00,76.0,8.24,5.86,42.4,12.3,4.34,30.3,93.8,0.373
2026-07-14 18:30:00+00:00,80.6,4.42,1.96,36.3,12.4,4.07,30.2,153.0,0.135
2026-07-14 19:30:00+00:00,81.9,3.97,1.76,32.0,10.8,4.17,29.8,201.0,0.145
2026-07-14 20:30:00+00:00,84.1,3.67,1.27,25.4,8.23,4.64,29.8,135.0,0.18
2026-07-14 21:30:00+00:00,93.1,3.4,2.34,18.1,8.2,4.55,28.9,137.0,0.165
2026-07-14 22:30:00+00:00,96.2,2.91,2.4,19.3,7.44,4.31,28.4,209.0,0.12
2026-07-14 23:30:00+00:00,96.2,2.44,1.29,18.2,7.5,4.78,28.5,144.0,0.183
2026-07-15 00:30:00+00:00,96.1,2.29,1.78,16.7,10.6,5.13,28.9,152.0,0.113
2026-07-15 01:30:00+00:00,95.3,2.24,1.81,18.9,9.52,5.34,29.8,217.0,0.2
2026-07-15 02:30:00+00:00,84.9,2.73,3.11,17.5,11.3,5.12,31.6,241.0,0.35
2026-07-15 03:30:00+00:00,64.3,5.87,6.39,19.0,10.2,4.6,33.3,272.0,0.508
2026-07-15 04:30:00+00:00,54.3,6.17,4.63,25.9,11.3,4.2,34.3,285.0,0.925
2026-07-15 05:30:00+00:00,51.2,8.02,15.2,28.4,10.1,2.67,35.3,274.0,0.988
2026-07-15 06:30:00+00:00,50.2,12.3,23.0,26.7,10.0,2.19,36.1,271.0,0.823
2026-07-15 07:30:00+00:00,50.8,11.7,25.6,26.2,10.6,1.4,36.6,255.0,0.66
2026-07-15 08:30:00+00:00,49.4,7.07,31.0,29.1,11.2,1.37,35.8,248.0,0.74
2026-07-15 09:30:00+00:00,52.2,6.05,35.4,30.1,11.0,1.18,35.5,240.0,0.55
2026-07-15 10:30:00+00:00,54.2,10.4,26.1,29.4,10.5,3.83,36.2,252.0,0.943
2026-07-15 11:30:00+00:00,84.9,9.44,4.51,35.4,11.6,1.61,30.7,63.1,0.505
2026-07-15 12:30:00+00:00,95.6,7.29,1.7,33.9,14.8,1.61,29.8,110.0,0.683
2026-07-15 13:30:00+00:00,92.1,5.9,1.68,33.1,12.1,2.67,28.5,254.0,0.765
2026-07-15 14:30:00+00:00,91.8,4.37,1.36,24.5,10.7,3.46,28.0,238.0,0.22
2026-07-15 15:30:00+00:00,90.3,7.25,0.698,23.1,12.5,1.18,28.6,168.0,0.235
2026-07-15 16:30:00+00:00,83.0,5.24,0.46,43.7,13.2,3.15,29.5,313.0,0.2
2026-07-15 17:30:00+00:00,85.3,,,51.9,15.7,,29.4,18.3,0.24
2026-07-15 19:30:00+00:00,84.8,2.5,0.48,43.3,21.9,1.97,27.7,148.0,0.14
2026-07-15 20:30:00+00:00,84.7,3.15,0.055,48.0,27.4,3.24,27.6,209.0,0.27
2026-07-15 21:30:00+00:00,86.9,1.88,0.055,48.0,26.2,1.8,27.7,182.0,0.165
2026-07-15 22:30:00+00:00,88.8,2.0,0.5,39.2,17.8,2.41,27.6,238.0,0.22
2026-07-15 23:30:00+00:00,86.5,4.01,0.35,32.4,17.2,4.06,28.0,233.0,0.235
2026-07-16 00:30:00+00:00,83.5,2.06,3.34,30.6,17.6,3.9,28.4,241.0,0.38
2026-07-16 01:30:00+00:00,80.9,3.01,,27.4,18.3,2.17,28.9,249.0,0.5
2026-07-16 02:30:00+00:00,84.9,3.54,,27.6,11.8,3.92,28.8,232.0,0.285
2026-07-16 03:30:00+00:00,83.2,3.17,0.74,42.0,15.7,3.46,29.6,229.0,0.245
2026-07-16 04:30:00+00:00,80.0,2.84,0.02,50.4,18.7,3.74,30.4,220.0,0.17
2026-07-16 05:30:00+00:00,70.9,,4.1,45.4,16.3,,31.1,212.0,0.18
2026-07-16 06:30:00+00:00,69.4,3.74,30.3,35.7,16.0,1.34,31.8,210.0,0.25
2026-07-16 07:30:00+00:00,69.4,,37.1,39.9,17.2,,32.1,219.0,0.3
2026-07-16 08:30:00+00:00,74.3,,32.6,39.4,16.8,,31.3,224.0,0.3
2026-07-16 09:30:00+00:00,67.5,5.77,22.9,36.0,15.7,1.16,31.1,234.0,0.553
2026-07-16 10:30:00+00:00,80.4,6.94,4.99,31.9,13.6,0.323,27.6,250.0,0.823
2026-07-16 11:30:00+00:00,94.3,5.15,2.36,30.2,14.5,0.445,25.7,240.0,0.56
2026-07-16 12:30:00+00:00,94.3,4.21,2.49,21.6,11.0,2.45,26.6,237.0,0.545
2026-07-16 13:30:00+00:00,94.3,3.79,1.79,22.4,9.79,3.74,26.4,240.0,0.54
2026-07-16 14:30:00+00:00,94.3,4.19,1.45,18.4,7.18,3.97,26.4,254.0,0.688
2026-07-16 15:30:00+00:00,94.3,4.88,1.27,16.3,6.65,4.11,26.3,246.0,0.88
2026-07-16 16:30:00+00:00,94.2,4.32,0.848,15.8,7.46,3.85,26.2,246.0,0.75
2026-07-16 17:30:00+00:00,93.2,3.75,0.94,15.9,9.67,4.26,26.5,245.0,0.787
2026-07-16 18:30:00+00:00,94.3,3.48,1.85,14.6,7.56,4.55,25.8,239.0,0.27
2026-07-16 19:30:00+00:00,94.3,3.1,1.83,15.9,7.87,4.24,25.8,190.0,0.178
2026-07-16 20:30:00+00:00,94.3,2.85,1.81,16.1,8.42,4.15,25.6,75.8,0.51
2026-07-16 21:30:00+00:00,94.3,2.63,1.04,16.8,9.46,4.35,25.3,184.0,0.228
2026-07-16 22:30:00+00:00,94.3,2.07,0.703,14.5,9.95,4.49,25.3,240.0,0.338
2026-07-16 23:30:00+00:00,94.4,2.43,1.57,11.4,8.14,4.57,25.1,246.0,0.515
2026-07-17 00:30:00+00:00,94.4,2.92,2.22,10.4,8.96,4.51,25.2,243.0,0.56
2026-07-17 01:30:00+00:00,94.4,3.09,1.97,10.2,7.19,4.58,25.4,242.0,0.335
2026-07-17 02:30:00+00:00,94.4,2.43,0.715,12.1,5.73,4.52,25.7,233.0,0.42
2026-07-17 03:30:00+00:00,94.4,2.24,0.768,14.7,5.82,4.08,25.9,248.0,0.668
2026-07-17 04:30:00+00:00,94.4,2.57,1.34,12.5,8.37,4.74,26.1,249.0,0.545
2026-07-17 05:30:00+00:00,94.4,4.29,4.12,15.6,9.04,4.35,26.5,244.0,0.385
2026-07-17 06:30:00+00:00,94.3,9.48,5.42,16.7,8.45,2.92,27.0,258.0,0.573
2026-07-17 07:30:00+00:00,94.3,14.4,11.4,15.8,9.88,1.81,27.3,267.0,0.655
2026-07-17 08:30:00+00:00,93.7,19.9,11.6,18.4,10.2,0.865,27.6,268.0,0.748
2026-07-17 09:30:00+00:00,89.5,18.8,16.9,19.3,9.07,2.29,27.9,264.0,0.783
2026-07-17 10:30:00+00:00,86.1,13.5,20.3,21.8,7.52,2.42,27.7,255.0,0.775
2026-07-17 11:30:00+00:00,88.3,14.2,17.4,19.7,9.41,0.735,28.0,247.0,0.713
2026-07-17 12:30:00+00:00,91.6,9.95,1.92,19.5,7.88,0.685,27.3,252.0,0.69
2026-07-17 13:30:00+00:00,91.9,6.42,1.19,22.7,8.21,1.18,26.9,247.0,0.64
2026-07-17 14:30:00+00:00,93.0,4.78,2.12,20.5,6.95,1.48,26.7,243.0,0.508
2026-07-17 15:30:00+00:00,97.2,3.94,1.81,20.9,7.86,2.13,26.7,244.0,0.46
2026-07-17 16:30:00+00:00,97.9,3.82,1.64,18.5,8.67,2.6,26.6,243.0,0.435
2026-07-17 17:30:00+00:00,98.2,3.57,1.15,22.1,8.46,2.68,26.4,238.0,0.353
2026-07-17 18:30:00+00:00,97.2,2.91,1.57,17.4,8.79,2.81,26.0,243.0,0.54
2026-07-17 19:30:00+00:00,97.8,2.72,0.808,18.3,8.71,2.9,25.9,245.0,0.488
2026-07-17 20:30:00+00:00,97.9,2.67,2.54,17.9,6.85,1.42,26.0,245.0,0.613
2026-07-17 21:30:00+00:00,96.4,3.4,1.63,17.5,7.95,1.86,26.0,245.0,0.665
2026-07-17 22:30:00+00:00,95.3,3.74,1.7,18.1,8.33,1.73,25.9,245.0,0.48
2026-07-17 23:30:00+00:00,93.9,3.62,0.953,20.0,9.28,2.26,25.8,243.0,0.498
2026-07-18 00:30:00+00:00,93.0,3.02,0.97,20.0,11.4,2.28,25.7,243.0,0.518
2026-07-18 01:30:00+00:00,92.9,2.59,1.27,18.2,10.1,2.61,25.8,246.0,0.59
2026-07-18 02:30:00+00:00,93.6,2.97,1.75,18.4,9.06,2.55,26.2,245.0,0.513
2026-07-18 03:30:00+00:00,96.5,3.54,1.29,21.1,10.4,2.28,25.9,247.0,0.645
2026-07-18 04:30:00+00:00,98.3,3.43,1.31,20.9,10.8,6.12,25.6,246.0,0.553
2026-07-18 05:30:00+00:00,98.4,2.98,0.955,22.9,11.0,6.62,25.5,247.0,0.615
2026-07-18 06:30:00+00:00,98.4,2.61,1.18,21.6,11.7,6.47,25.6,240.0,0.503
2026-07-18 07:30:00+00:00,98.4,2.57,2.04,19.7,11.3,6.52,26.4,242.0,0.6
2026-07-18 08:30:00+00:00,98.1,3.12,1.74,18.0,9.74,6.45,27.6,246.0,0.713
2026-07-18 09:30:00+00:00,96.9,3.81,1.08,17.3,9.75,6.57,27.8,243.0,0.703
2026-07-18 10:30:00+00:00,96.7,3.38,2.31,17.3,11.7,6.32,27.7,238.0,0.518
2026-07-18 11:30:00+00:00,97.7,3.0,1.81,17.5,9.68,6.3,27.3,239.0,0.525
2026-07-18 12:30:00+00:00,98.4,2.83,1.53,18.1,9.89,4.84,26.9,241.0,0.485
2026-07-18 13:30:00+00:00,98.4,3.03,1.94,16.6,8.92,5.18,26.8,239.0,0.38
2026-07-18 14:30:00+00:00,98.4,2.98,1.36,14.7,8.56,5.23,26.9,242.0,0.388
2026-07-18 15:30:00+00:00,98.4,2.97,1.28,12.6,8.92,5.38,26.8,244.0,0.393
2026-07-18 16:30:00+00:00,98.4,2.48,1.13,16.1,9.26,5.19,26.4,244.0,0.398
2026-07-18 17:30:00+00:00,98.4,2.04,1.31,15.8,10.5,4.81,26.1,240.0,0.327
2026-07-18 18:30:00+00:00,98.4,2.47,1.52,15.5,10.0,5.49,26.1,247.0,0.475
2026-07-18 19:30:00+00:00,98.4,2.58,1.45,16.2,9.72,5.46,26.1,245.0,0.65
2026-07-18 20:30:00+00:00,98.4,2.5,0.86,16.1,8.79,4.21,25.8,248.0,0.563
2026-07-18 21:30:00+00:00,98.4,2.37,0.79,16.9,9.88,4.57,25.7,248.0,0.658
2026-07-18 22:30:00+00:00,98.4,2.37,0.973,17.7,11.7,4.67,25.6,244.0,0.563
2026-07-18 23:30:00+00:00,98.4,2.37,1.91,16.8,12.8,4.86,25.8,243.0,0.503
2026-07-19 00:30:00+00:00,98.4,2.28,1.45,17.5,10.5,4.74,26.2,249.0,0.7
2026-07-19 01:30:00+00:00,96.9,2.77,1.15,19.7,8.98,4.53,27.4,247.0,0.763
2026-07-19 02:30:00+00:00,93.9,2.79,1.73,22.9,9.46,4.34,28.5,250.0,0.67
2026-07-19 03:30:00+00:00,90.5,2.91,1.55,22.9,14.3,4.76,29.4,251.0,0.815
2026-07-19 04:30:00+00:00,88.8,3.3,1.54,26.4,14.2,5.13,30.1,248.0,0.603
2026-07-19 05:30:00+00:00,89.6,4.11,1.44,28.0,15.3,5.43,30.2,237.0,0.465
2026-07-19 06:30:00+00:00,93.3,4.71,3.45,27.5,16.4,5.41,29.6,233.0,0.268
2026-07-19 07:30:00+00:00,98.4,4.29,2.11,26.7,15.1,5.45,26.7,231.0,0.355
2026-07-19 08:30:00+00:00,98.4,2.99,2.15,21.4,10.9,5.35,26.5,238.0,0.385
2026-07-19 09:30:00+00:00,98.5,3.11,1.28,17.8,8.16,5.59,26.3,235.0,0.36
2026-07-19 10:30:00+00:00,98.5,3.36,2.01,13.9,7.49,5.27,26.9,230.0,0.273
2026-07-19 11:30:00+00:00,98.5,3.5,1.74,15.6,6.88,5.3,27.1,227.0,0.273
2026-07-19 12:30:00+00:00,98.5,3.01,1.6,12.3,7.26,5.86,26.8,184.0,0.16
2026-07-19 13:30:00+00:00,98.4,3.69,1.9,10.5,7.46,5.78,26.9,126.0,0.338
2026-07-19 14:30:00+00:00,98.4,4.11,1.41,14.1,8.35,6.06,27.3,177.0,0.203
2026-07-19 15:30:00+00:00,98.4,4.14,1.62,25.8,10.5,6.2,27.0,152.0,0.343
2026-07-19 16:30:00+00:00,98.4,4.24,1.87,29.3,11.0,6.37,26.5,235.0,0.143
2026-07-19 17:30:00+00:00,98.4,3.96,0.983,30.6,14.3,6.22,26.3,177.0,0.107
2026-07-19 18:30:00+00:00,98.4,2.09,1.71,22.2,11.0,6.08,26.3,223.0,0.15
2026-07-19 19:30:00+00:00,98.4,1.38,1.07,16.2,9.52,6.26,26.3,232.0,0.168
2026-07-19 20:30:00+00:00,98.4,1.57,1.63,13.8,7.06,2.7,26.2,203.0,0.135
2026-07-19 21:30:00+00:00,98.4,1.83,1.7,14.7,6.67,3.09,26.2,183.0,0.143
2026-07-19 22:30:00+00:00,98.4,1.79,1.59,14.5,6.57,3.1,26.3,234.0,0.27
2026-07-19 23:30:00+00:00,98.4,1.85,1.64,11.0,6.17,3.12,26.3,244.0,0.428
2026-07-20 00:30:00+00:00,98.4,1.81,1.17,10.6,5.56,2.88,26.6,246.0,0.463
2026-07-20 01:30:00+00:00,98.4,1.91,1.84,11.6,6.07,2.9,27.2,245.0,0.505
2026-07-20 02:30:00+00:00,95.8,2.67,1.75,10.6,5.23,2.97,28.7,247.0,0.873
2026-07-20 03:30:00+00:00,93.3,3.48,1.31,14.1,7.8,2.56,29.1,246.0,0.808
2026-07-20 04:30:00+00:00,91.3,3.97,1.69,18.0,9.17,3.84,29.5,253.0,0.785
2026-07-20 05:30:00+00:00,88.2,4.12,1.94,21.2,10.3,4.87,30.3,261.0,0.843
2026-07-20 06:30:00+00:00,81.5,4.97,2.43,27.9,13.3,4.76,31.2,269.0,0.928
2026-07-20 07:30:00+00:00,77.3,6.3,1.69,27.7,15.2,4.4,31.2,272.0,0.913
2026-07-20 08:30:00+00:00,84.7,6.73,3.11,29.1,17.1,4.26,30.0,176.0,0.733
2026-07-20 09:30:00+00:00,86.6,6.16,3.71,29.2,15.9,4.96,29.8,180.0,0.585
2026-07-20 10:30:00+00:00,85.1,6.09,4.99,33.1,15.3,4.2,29.7,241.0,0.505
2026-07-20 11:30:00+00:00,86.0,6.34,2.81,34.5,14.2,4.81,29.7,290.0,0.29
2026-07-20 12:30:00+00:00,88.0,5.42,2.07,39.3,15.6,4.71,29.3,236.0,0.238
2026-07-20 13:30:00+00:00,93.8,4.63,1.03,45.4,19.0,5.04,28.6,187.0,0.213
2026-07-20 14:30:00+00:00,97.5,2.98,2.2,35.5,17.4,5.01,28.0,218.0,0.228
2026-07-20 15:30:00+00:00,98.0,2.63,2.55,23.5,13.2,4.79,27.4,231.0,0.263
2026-07-20 16:30:00+00:00,98.4,2.37,1.89,15.3,10.8,5.01,26.9,240.0,0.435
2026-07-20 17:30:00+00:00,98.4,2.83,1.71,16.6,10.1,4.86,26.6,239.0,0.39
2026-07-20 19:30:00+00:00,98.4,2.9,1.11,8.93,5.76,5.05,26.6,243.0,0.485
2026-07-20 20:30:00+00:00,98.4,2.55,1.14,5.84,4.45,5.77,26.4,244.0,0.473
2026-07-20 21:30:00+00:00,98.4,2.5,0.9,4.18,3.34,5.97,26.4,244.0,0.47
2026-07-20 22:30:00+00:00,98.4,2.48,2.23,5.18,2.89,6.42,26.4,245.0,0.438
2026-07-20 23:30:00+00:00,98.4,2.6,1.88,5.65,3.57,6.55,26.5,242.0,0.425
2026-07-21 00:30:00+00:00,98.4,2.51,1.88,5.62,3.96,6.58,26.2,240.0,0.405
2026-07-21 01:30:00+00:00,98.4,2.11,0.695,3.69,3.61,6.7,26.0,244.0,0.438
2026-07-21 02:30:00+00:00,98.4,1.94,0.985,4.78,3.74,6.23,26.4,246.0,0.428
2026-07-21 03:30:00+00:00,98.4,2.28,0.893,6.12,3.91,6.17,27.0,247.0,0.593
2026-07-21 04:30:00+00:00,98.3,3.07,1.68,9.86,4.73,4.13,27.7,245.0,0.583
2026-07-21 05:30:00+00:00,96.5,3.12,1.4,12.0,5.91,4.35,28.0,243.0,0.64
2026-07-21 06:30:00+00:00,95.4,3.46,1.95,10.4,6.25,4.23,28.5,244.0,0.625
2026-07-21 07:30:00+00:00,92.9,3.2,1.62,12.5,8.4,4.26,28.9,246.0,0.615
2026-07-21 08:30:00+00:00,96.7,3.14,1.94,12.1,7.49,3.99,27.1,244.0,0.875
2026-07-21 09:30:00+00:00,98.4,3.06,2.07,9.38,5.28,4.33,25.4,243.0,0.675
2026-07-21 10:30:00+00:00,98.5,2.98,1.82,9.7,3.91,4.32,25.6,245.0,0.638
2026-07-21 11:30:00+00:00,98.5,2.93,1.04,7.76,3.09,4.44,26.0,244.0,0.505
2026-07-21 12:30:00+00:00,98.4,2.66,1.07,8.61,2.33,3.1,25.9,246.0,0.575
2026-07-21 13:30:00+00:00,98.4,2.36,1.18,6.2,1.85,3.27,25.8,248.0,0.66
2026-07-21 14:30:00+00:00,98.4,2.49,1.76,4.75,1.4,3.82,25.8,244.0,0.46
2026-07-21 15:30:00+00:00,98.4,2.56,1.81,3.61,1.39,3.79,25.6,245.0,0.658
2026-07-21 16:30:00+00:00,98.4,2.63,1.73,3.08,1.43,4.2,25.2,245.0,0.71
2026-07-21 17:30:00+00:00,98.4,2.36,1.22,4.07,1.24,3.88,24.9,244.0,0.667
2026-07-21 21:30:00+00:00,98.5,2.05,2.07,2.45,1.2,4.31,24.7,241.0,0.43
2026-07-21 22:30:00+00:00,98.5,2.01,1.0,3.1,1.12,5.03,24.5,240.0,0.765
2026-07-21 23:30:00+00:00,98.5,2.07,0.895,2.55,1.05,4.87,24.3,240.0,0.695
2026-07-22 00:30:00+00:00,98.5,2.03,1.72,1.96,0.963,4.63,24.4,241.0,0.74
2026-07-22 01:30:00+00:00,98.4,2.19,2.21,1.75,0.955,4.84,24.8,240.0,0.585
2026-07-22 02:30:00+00:00,98.4,2.2,1.86,1.43,0.94,4.75,25.4,242.0,0.67
2026-07-22 03:30:00+00:00,98.4,2.06,0.943,1.48,1.04,4.78,25.9,244.0,0.845
2026-07-22 04:30:00+00:00,98.4,1.95,1.24,1.45,1.02,6.13,25.2,242.0,0.74
2026-07-22 05:30:00+00:00,98.4,1.79,1.27,1.18,1.02,6.63,25.0,241.0,0.615
2026-07-22 06:30:00+00:00,98.4,3.08,4.02,1.1,0.998,5.3,25.2,245.0,0.753
2026-07-22 07:30:00+00:00,98.4,3.88,4.58,1.07,0.978,4.05,25.5,240.0,0.69
2026-07-24 08:30:00+00:00,73.0,5.01,21.6,12.9,4.58,2.39,30.3,248.0,0.795
2026-07-24 09:30:00+00:00,70.9,4.57,10.3,14.3,4.53,2.89,31.0,245.0,0.767
2026-07-24 10:30:00+00:00,72.2,3.58,3.04,14.8,5.85,3.02,30.4,247.0,0.755
2026-07-24 11:30:00+00:00,74.7,3.15,2.91,14.0,7.34,3.77,30.1,238.0,0.45
2026-07-24 12:30:00+00:00,83.3,3.29,4.78,15.6,7.16,2.4,29.2,226.0,0.26
2026-07-24 13:30:00+00:00,92.5,3.01,4.56,16.1,5.44,3.16,28.2,204.0,0.15
2026-07-24 14:30:00+00:00,95.6,2.85,4.03,16.8,4.82,3.83,27.9,181.0,0.138
2026-07-24 15:30:00+00:00,96.5,2.1,1.49,17.8,5.89,4.48,27.9,194.0,0.153
2026-07-24 16:30:00+00:00,93.6,2.08,1.52,15.5,6.43,4.65,28.2,234.0,0.268
2026-07-24 17:30:00+00:00,92.5,1.98,1.4,13.7,6.44,4.96,28.1,236.0,0.235
2026-07-24 18:30:00+00:00,96.2,1.92,2.73,14.7,6.24,4.66,27.3,235.0,0.255
2026-07-24 19:30:00+00:00,95.8,1.69,1.93,13.7,5.32,5.11,27.3,237.0,0.233
2026-07-24 20:30:00+00:00,96.2,1.69,1.9,12.6,4.23,4.75,27.2,223.0,0.16
2026-07-24 21:30:00+00:00,95.7,1.75,1.32,11.4,4.2,5.01,27.0,244.0,0.295
2026-07-24 22:30:00+00:00,94.0,1.85,1.5,10.0,3.84,5.01,26.9,241.0,0.288
2026-07-24 23:30:00+00:00,96.8,1.67,1.32,8.9,3.22,5.35,26.5,203.0,0.145
2026-07-25 00:30:00+00:00,97.4,1.33,0.998,7.27,3.0,5.46,26.7,232.0,0.253
2026-07-25 01:30:00+00:00,92.5,1.62,1.45,6.23,2.83,5.07,27.8,241.0,0.467
2026-07-25 02:30:00+00:00,84.1,1.9,1.03,6.09,3.74,5.29,29.6,249.0,0.623
2026-07-25 03:30:00+00:00,73.3,3.13,1.3,9.19,5.08,4.99,30.8,258.0,0.85
2026-07-25 04:30:00+00:00,67.5,4.21,1.58,13.1,5.55,5.41,31.3,258.0,1.01
2026-07-25 05:30:00+00:00,66.4,4.53,3.55,16.9,6.54,5.34,32.2,251.0,0.868
2026-07-25 06:30:00+00:00,64.7,4.45,2.85,20.6,8.64,5.12,32.5,256.0,0.875
2026-07-25 07:30:00+00:00,64.6,4.58,3.14,21.7,8.41,5.02,32.3,248.0,0.76
2026-07-25 08:30:00+00:00,64.0,4.23,3.35,21.5,7.48,4.87,32.5,243.0,0.748
2026-07-25 09:30:00+00:00,64.3,3.78,5.06,20.1,8.12,5.0,32.6,248.0,0.777
2026-07-25 10:30:00+00:00,65.2,4.38,10.6,19.7,8.23,5.91,32.4,245.0,0.623
2026-07-25 11:30:00+00:00,66.2,4.83,9.73,19.7,8.24,6.41,31.8,246.0,0.467
2026-07-25 12:30:00+00:00,69.8,3.78,4.64,20.7,7.84,3.43,30.7,243.0,0.395
2026-07-25 13:30:00+00:00,75.8,3.93,3.77,18.1,7.54,3.36,30.2,217.0,0.283
2026-07-25 14:30:00+00:00,76.5,4.01,3.78,18.5,7.06,3.39,30.1,248.0,0.54
2026-07-25 15:30:00+00:00,78.1,3.81,6.05,20.7,7.28,3.13,29.9,246.0,0.465
2026-07-25 16:30:00+00:00,84.9,3.59,6.77,17.5,8.38,3.29,29.5,247.0,0.42
2026-07-25 17:30:00+00:00,87.3,3.05,2.92,18.3,8.67,3.88,29.3,244.0,0.35
2026-07-25 18:30:00+00:00,90.5,3.11,2.37,18.2,6.66,3.84,28.9,242.0,0.41
2026-07-25 19:30:00+00:00,92.7,2.77,2.23,15.7,6.25,3.99,28.6,217.0,0.21
2026-07-25 20:30:00+00:00,94.6,3.16,3.19,13.4,5.86,4.45,28.4,243.0,0.4
2026-07-25 21:30:00+00:00,95.9,2.44,4.32,14.1,5.36,5.54,28.2,247.0,0.5
2026-07-25 22:30:00+00:00,96.5,2.35,2.07,14.3,5.59,5.67,28.0,250.0,0.55
2026-07-25 23:30:00+00:00,95.9,2.94,1.62,13.4,7.5,5.56,27.8,255.0,0.613
2026-07-26 00:30:00+00:00,94.7,3.5,1.17,13.2,8.02,5.41,27.8,256.0,0.715
2026-07-26 01:30:00+00:00,93.4,3.61,1.27,14.7,6.06,4.91,27.9,256.0,0.697
2026-07-26 02:30:00+00:00,94.0,3.32,1.1,15.9,6.48,5.49,27.9,248.0,0.5
2026-07-26 03:30:00+00:00,95.8,2.99,1.19,18.7,7.71,5.73,27.8,246.0,0.41
2026-07-26 04:30:00+00:00,96.1,2.97,1.32,20.8,8.97,4.65,28.0,239.0,0.358
2026-07-26 05:30:00+00:00,97.5,2.72,1.11,22.4,10.3,4.78,28.1,227.0,0.363
2026-07-26 06:30:00+00:00,98.2,2.79,2.4,23.8,10.8,4.36,28.0,247.0,0.493
2026-07-26 07:30:00+00:00,95.8,3.15,2.3,22.1,9.9,4.71,29.0,247.0,0.498
2026-07-26 08:30:00+00:00,90.8,3.61,3.93,21.2,8.46,4.88,30.3,252.0,0.588
2026-07-26 09:30:00+00:00,86.6,4.59,3.64,22.8,9.52,5.01,30.9,252.0,0.713
2026-07-26 10:30:00+00:00,89.4,4.84,2.59,24.4,11.7,4.21,29.8,256.0,0.848
2026-07-26 11:30:00+00:00,92.3,4.68,1.54,21.7,11.1,4.53,28.8,247.0,0.538
2026-07-26 12:30:00+00:00,94.6,4.01,3.64,18.5,9.34,4.82,28.1,226.0,0.23
2026-07-26 13:30:00+00:00,98.4,2.86,4.03,16.9,8.83,5.02,27.3,216.0,0.228
2026-07-26 14:30:00+00:00,98.5,2.71,2.17,14.4,7.81,5.4,27.5,246.0,0.348
2026-07-26 15:30:00+00:00,98.3,3.0,1.97,14.0,7.72,5.25,27.8,247.0,0.423
2026-07-26 16:30:00+00:00,97.3,3.22,2.12,14.0,9.63,5.19,27.9,245.0,0.488
2026-07-26 17:30:00+00:00,97.1,3.09,4.06,15.4,9.82,4.61,27.8,245.0,0.563
2026-07-26 18:30:00+00:00,97.4,2.54,4.61,17.2,9.89,5.23,27.7,246.0,0.475
2026-07-26 19:30:00+00:00,96.9,2.45,1.73,15.9,8.28,5.38,27.7,247.0,0.54
2026-07-26 20:30:00+00:00,96.5,3.06,1.56,15.7,6.77,4.63,27.7,248.0,0.653
2026-07-26 21:30:00+00:00,97.0,3.35,1.86,15.8,7.02,5.14,27.6,247.0,0.678
2026-07-26 22:30:00+00:00,98.4,2.96,1.89,15.1,7.98,4.91,27.2,247.0,0.46
2026-07-26 23:30:00+00:00,98.5,2.54,1.15,15.0,8.8,5.42,27.1,246.0,0.408
2026-07-27 00:30:00+00:00,98.4,2.67,1.73,17.3,9.73,5.47,27.4,244.0,0.338
2026-07-27 01:30:00+00:00,98.4,2.92,1.35,20.7,10.1,5.34,27.8,249.0,0.785
2026-07-27 02:30:00+00:00,96.7,3.73,1.36,20.9,9.86,5.37,27.4,247.0,0.658
2026-07-27 03:30:00+00:00,92.8,4.59,2.03,20.4,8.83,5.16,28.1,253.0,0.407
2026-07-27 04:30:00+00:00,87.9,4.89,3.84,21.9,9.91,5.87,29.6,256.0,0.505
2026-07-27 05:30:00+00:00,84.2,10.1,15.4,24.0,11.0,5.09,30.8,243.0,0.655
2026-07-27 06:30:00+00:00,84.7,7.17,4.78,25.9,11.5,3.62,31.5,242.0,0.713
2026-07-27 07:30:00+00:00,86.5,5.14,6.12,25.4,12.9,3.95,31.3,243.0,0.51
2026-07-27 08:30:00+00:00,90.9,4.55,6.63,23.2,12.3,4.55,30.6,233.0,0.375
2026-07-27 09:30:00+00:00,96.2,4.5,9.24,23.1,12.2,4.61,29.0,259.0,0.438
2026-07-27 10:30:00+00:00,98.5,4.38,4.12,21.6,12.5,5.16,26.0,14.7,0.95
2026-07-27 11:30:00+00:00,98.5,,1.97,14.0,8.78,4.26,26.3,178.0,0.23
2026-07-27 12:30:00+00:00,98.5,2.9,1.48,16.1,10.4,0.95,26.2,209.0,0.238
2026-07-27 13:30:00+00:00,98.6,3.04,1.16,18.5,11.1,,26.5,199.0,0.15
2026-07-27 14:30:00+00:00,98.6,2.41,2.16,18.2,9.16,,26.6,209.0,0.143
2026-07-27 15:30:00+00:00,98.6,3.29,1.53,17.5,8.09,,25.3,86.0,0.398
2026-07-27 16:30:00+00:00,98.6,4.55,1.31,15.8,6.41,,24.5,146.0,0.498
2026-07-27 17:30:00+00:00,98.6,3.92,0.663,13.0,6.18,,24.5,250.0,0.06
2026-07-27 18:30:00+00:00,98.6,1.47,1.75,9.89,5.98,,24.9,204.0,0.125
2026-07-27 19:30:00+00:00,98.6,1.27,1.82,9.77,5.36,,25.0,188.0,0.09
2026-07-27 20:30:00+00:00,98.6,1.63,1.67,8.49,4.28,4.76,25.0,204.0,0.145
2026-07-27 21:30:00+00:00,98.6,1.87,1.59,6.72,4.16,4.99,25.1,228.0,0.23
2026-07-27 22:30:00+00:00,98.6,1.99,1.44,6.18,4.44,4.96,25.3,206.0,0.223
2026-07-27 23:30:00+00:00,98.6,1.59,0.843,5.54,4.05,5.31,25.5,209.0,0.34
2026-07-28 00:30:00+00:00,98.6,1.49,1.51,5.05,3.99,5.16,25.8,163.0,1.1
2026-07-28 01:30:00+00:00,98.6,2.1,1.51,4.45,2.94,4.77,26.2,198.0,0.32
2026-07-28 02:30:00+00:00,98.6,2.86,1.44,5.31,3.42,4.53,27.5,261.0,0.653
2026-07-28 03:30:00+00:00,97.2,4.42,1.09,9.77,4.56,4.45,29.0,270.0,0.567
2026-07-28 04:30:00+00:00,97.5,4.87,3.16,14.7,4.94,4.61,28.5,281.0,0.393
2026-07-28 05:30:00+00:00,98.5,3.38,2.83,18.2,7.51,5.0,28.3,159.0,0.175
2026-07-28 06:30:00+00:00,98.5,2.45,1.64,16.4,8.95,5.01,29.1,207.0,0.238
2026-07-28 07:30:00+00:00,98.2,3.1,1.81,13.9,6.42,5.13,29.9,241.0,0.393
2026-07-28 08:30:00+00:00,95.0,3.54,1.57,12.9,5.19,5.55,30.1,220.0,0.268
2026-07-28 09:30:00+00:00,91.4,3.4,6.82,11.6,5.97,4.74,31.4,242.0,0.55
2026-07-28 10:30:00+00:00,91.0,3.22,4.43,11.1,7.09,5.03,30.3,244.0,0.75
2026-07-28 11:30:00+00:00,93.6,3.26,3.64,10.6,6.99,5.03,29.4,249.0,0.903
2026-07-28 12:30:00+00:00,96.2,3.41,2.82,9.64,6.01,5.29,28.7,249.0,0.898
2026-07-28 13:30:00+00:00,96.6,4.13,2.53,8.38,5.27,5.74,26.6,278.0,0.993
2026-07-28 14:30:00+00:00,98.2,4.36,1.3,6.9,5.83,5.71,25.6,213.0,0.768
2026-07-28 15:30:00+00:00,98.2,3.62,1.52,6.48,5.79,5.71,25.7,248.0,0.703
2026-07-28 16:30:00+00:00,98.2,4.18,1.37,8.7,6.78,6.23,25.8,254.0,0.83
2026-07-28 17:30:00+00:00,98.6,4.53,1.81,11.4,8.1,5.93,25.6,250.0,0.98
2026-07-28 18:30:00+00:00,98.6,4.53,1.58,8.59,5.8,6.31,25.4,253.0,0.895
2026-07-28 19:30:00+00:00,98.6,4.23,1.45,7.01,4.45,6.01,25.4,255.0,0.71
2026-07-28 20:30:00+00:00,98.6,3.66,0.735,5.54,3.4,4.87,25.4,260.0,0.778
2026-07-28 21:30:00+00:00,98.6,3.24,1.27,5.75,3.01,4.92,25.4,275.0,0.7
2026-07-28 22:30:00+00:00,98.6,3.19,1.6,7.13,3.93,4.88,25.4,221.0,0.568
2026-07-28 23:30:00+00:00,98.6,3.41,1.67,6.59,4.99,4.48,25.5,273.0,0.773
2026-07-29 00:30:00+00:00,98.6,3.57,1.29,4.93,4.43,4.43,25.7,275.0,0.863
2026-07-29 01:30:00+00:00,98.6,3.06,0.945,5.54,4.31,4.8,26.3,273.0,0.905
2026-07-29 02:30:00+00:00,98.7,3.03,1.43,6.79,4.66,4.64,26.5,274.0,0.713
2026-07-29 03:30:00+00:00,98.6,3.35,1.86,6.53,4.03,4.69,27.1,267.0,0.667
2026-07-29 04:30:00+00:00,98.5,4.07,1.31,9.42,5.06,4.52,28.3,274.0,0.703
2026-07-29 05:30:00+00:00,96.8,11.3,14.2,18.5,8.53,4.06,28.8,163.0,0.67
2026-07-29 06:30:00+00:00,91.5,17.0,17.1,31.9,13.0,6.62,29.1,178.0,0.755
2026-07-29 07:30:00+00:00,98.5,18.8,9.43,37.1,13.4,3.3,26.6,113.0,0.64
2026-07-29 08:30:00+00:00,98.5,17.9,7.31,34.9,14.3,2.98,26.5,30.6,1.55
2026-07-29 09:30:00+00:00,98.6,15.2,10.6,32.2,16.8,2.18,26.8,22.6,1.13
2026-07-29 10:30:00+00:00,98.5,17.9,9.6,25.9,13.7,1.65,27.1,30.6,1.08
2026-07-29 11:30:00+00:00,98.5,15.7,2.64,23.7,12.0,1.71,27.1,36.7,1.18
2026-07-29 12:30:00+00:00,98.5,11.4,2.39,28.8,12.6,3.31,26.9,34.8,0.795
2026-07-29 13:30:00+00:00,98.5,6.02,1.84,37.8,13.6,4.55,26.9,28.7,0.643
2026-07-29 14:30:00+00:00,98.5,4.5,1.53,40.0,13.3,4.97,26.8,38.0,1.17
2026-07-29 15:30:00+00:00,98.5,4.19,1.95,34.4,12.2,5.06,26.7,38.3,1.76
2026-07-29 16:30:00+00:00,98.5,3.73,2.24,29.1,10.0,5.36,25.9,35.0,1.57
2026-07-29 17:30:00+00:00,98.5,3.41,2.73,26.4,8.49,5.19,25.1,33.4,1.71
2026-07-29 18:30:00+00:00,98.6,1.96,2.12,15.2,6.29,5.81,25.0,34.8,1.53
2026-07-29 19:30:00+00:00,98.6,2.07,1.66,12.7,5.59,5.45,24.9,35.6,1.8
2026-07-29 20:30:00+00:00,98.6,2.52,1.39,8.89,4.64,4.93,24.9,41.1,1.46
2026-07-29 21:30:00+00:00,98.6,2.62,1.34,6.57,3.47,5.34,24.9,53.5,0.788
2026-07-29 22:30:00+00:00,98.6,2.31,1.49,5.1,2.66,5.35,25.0,51.1,0.745
2026-07-29 23:30:00+00:00,98.6,2.14,1.04,4.27,2.39,5.86,25.0,46.7,0.91
2026-07-30 01:30:00+00:00,98.5,2.44,2.15,2.66,1.59,5.53,25.2,54.2,0.56
2026-07-30 02:30:00+00:00,98.5,2.4,1.16,2.91,1.54,6.12,25.5,50.3,0.798
2026-07-30 03:30:00+00:00,98.5,2.31,1.58,3.75,1.36,6.1,25.6,77.6,0.335
2026-07-30 04:30:00+00:00,98.6,2.16,1.29,4.03,1.14,5.57,25.9,87.0,0.255
2026-07-30 05:30:00+00:00,98.5,1.99,2.63,4.97,1.52,5.89,27.5,96.5,0.32
2026-07-30 06:30:00+00:00,98.5,2.31,1.73,5.89,1.99,5.54,28.0,101.0,0.268
2026-07-30 07:30:00+00:00,98.4,2.69,1.97,4.67,1.72,5.52,28.5,108.0,0.327
2026-07-30 08:30:00+00:00,97.6,2.61,6.1,4.09,1.57,5.12,28.6,88.7,0.43
2026-07-30 09:30:00+00:00,91.4,2.67,8.16,3.55,1.69,5.11,29.5,96.0,0.383
2026-07-30 10:30:00+00:00,88.4,2.61,3.7,3.47,1.9,5.36,29.1,96.2,0.515
2026-07-30 11:30:00+00:00,97.4,2.73,2.06,3.43,1.86,5.62,27.1,104.0,0.263
2026-07-30 12:30:00+00:00,98.5,2.85,1.46,3.3,1.85,3.88,26.4,154.0,0.163
2026-07-30 13:30:00+00:00,98.5,2.49,2.71,3.24,1.83,3.75,26.5,91.5,0.245
2026-07-30 14:30:00+00:00,98.5,1.97,3.04,2.88,1.8,3.65,26.6,82.3,0.35
2026-07-30 15:30:00+00:00,98.5,1.75,2.47,3.52,1.74,4.35,26.4,79.6,0.317
2026-07-30 16:30:00+00:00,98.5,1.68,1.44,4.98,1.71,4.58,26.5,93.5,0.308
2026-07-30 17:30:00+00:00,98.5,1.83,1.62,5.92,1.68,4.66,26.4,88.2,0.0433
2026-07-30 18:30:00+00:00,98.5,2.0,2.45,5.73,1.66,4.26,26.2,115.0,0.115
2026-07-30 19:30:00+00:00,98.5,1.5,2.24,4.97,1.65,4.09,26.0,126.0,0.155
2026-07-30 20:30:00+00:00,98.5,1.12,1.55,3.48,1.64,4.91,25.7,72.7,0.3
2026-07-30 21:30:00+00:00,98.5,1.24,1.88,2.43,1.62,5.59,26.0,83.9,0.303
2026-07-30 22:30:00+00:00,98.5,1.34,1.79,1.97,1.6,5.91,25.9,83.9,0.225
2026-07-30 23:30:00+00:00,98.5,1.35,0.978,,,5.77,26.0,88.7,0.193
2026-07-31 00:30:00+00:00,98.5,1.2,2.04,3.13,1.68,5.24,26.6,94.1,0.228
2026-07-31 01:30:00+00:00,95.6,1.03,2.52,4.35,1.68,5.11,27.9,151.0,0.178
2026-07-31 02:30:00+00:00,84.3,1.37,1.78,5.71,1.66,5.51,29.9,251.0,0.283
2026-07-31 03:30:00+00:00,75.8,2.21,1.99,5.25,1.65,5.04,30.9,251.0,0.405
2026-07-31 04:30:00+00:00,76.6,2.54,2.32,4.19,1.65,4.56,30.8,256.0,0.365
2026-07-31 05:30:00+00:00,75.9,2.41,14.9,4.61,1.65,3.66,30.9,238.0,0.38
2026-07-31 06:30:00+00:00,72.6,3.48,23.8,4.68,1.65,1.74,31.8,241.0,0.555
2026-07-31 07:30:00+00:00,67.2,3.31,26.7,23.0,14.3,1.22,33.2,236.0,0.595
2026-07-31 08:30:00+00:00,66.2,3.02,24.3,41.1,27.3,0.783,33.5,239.0,0.553
2026-07-31 09:30:00+00:00,65.7,3.21,24.2,26.4,22.4,0.603,35.5,228.0,0.443
2026-07-31 10:30:00+00:00,82.7,3.04,9.6,18.9,16.4,0.903,32.4,188.0,0.165
2026-07-31 11:30:00+00:00,98.4,2.54,8.7,15.0,11.9,1.75,30.6,164.0,0.22
2026-07-31 12:30:00+00:00,96.7,2.1,5.66,12.7,8.37,3.55,30.6,153.0,0.185
2026-07-31 13:30:00+00:00,98.1,1.93,2.23,9.07,6.03,4.92,30.2,147.0,0.17
2026-07-31 14:30:00+00:00,98.5,2.22,1.42,8.43,4.86,4.82,29.9,151.0,0.155
2026-07-31 15:30:00+00:00,98.5,2.51,3.76,11.3,4.15,4.84,29.8,161.0,0.115
2026-07-31 16:30:00+00:00,98.5,2.2,5.0,10.8,9.81,5.02,29.4,191.0,0.095
2026-07-31 17:30:00+00:00,98.5,1.71,5.19,13.4,8.43,5.23,29.0,159.0,0.07
2026-07-31 18:30:00+00:00,98.5,1.56,2.33,10.0,7.68,5.89,28.6,245.0,0.13
2026-07-31 19:30:00+00:00,98.4,1.67,1.51,9.65,5.88,6.11,28.4,236.0,0.103
2026-07-31 20:30:00+00:00,98.5,1.71,1.95,8.4,4.43,4.68,28.1,171.0,0.115
2026-07-31 21:30:00+00:00,98.5,1.3,2.06,8.53,5.09,5.03,27.5,160.0,0.0775
2026-07-31 22:30:00+00:00,98.5,0.813,1.35,8.76,7.38,5.7,27.6,161.0,0.11
2026-07-31 23:30:00+00:00,98.5,0.638,1.29,9.34,5.82,5.71,27.9,182.0,0.0875
2026-08-01 00:30:00+00:00,98.5,0.76,1.28,13.5,4.46,5.86,29.1,182.0,0.12
2026-08-01 01:30:00+00:00,95.2,1.24,1.5,15.0,4.34,5.73,30.4,249.0,0.373
2026-08-01 02:30:00+00:00,90.5,1.56,3.26,14.3,4.7,5.36,31.5,245.0,0.54
2026-08-01 03:30:00+00:00,88.5,1.83,3.27,12.0,7.07,5.51,31.8,243.0,0.568
2026-08-01 04:30:00+00:00,78.2,2.1,1.86,13.2,6.66,3.26,33.7,238.0,0.463
2026-08-01 05:30:00+00:00,96.0,2.85,2.77,12.7,7.81,2.92,31.5,234.0,0.29
2026-08-01 06:30:00+00:00,75.1,2.89,3.09,12.2,8.44,2.93,35.5,234.0,0.45
2026-08-01 07:30:00+00:00,65.4,2.64,3.86,12.4,9.0,2.76,36.3,244.0,0.61
2026-08-01 08:30:00+00:00,65.7,2.55,5.14,11.2,10.2,2.64,35.6,232.0,0.493
2026-08-01 09:30:00+00:00,64.8,2.61,4.18,9.44,7.57,2.43,35.3,240.0,0.62
2026-08-01 10:30:00+00:00,66.4,2.72,4.59,12.7,6.44,2.33,35.5,230.0,0.428
2026-08-01 11:30:00+00:00,68.4,2.74,4.77,14.7,7.29,2.3,34.4,242.0,0.515
2026-08-01 12:30:00+00:00,72.3,2.92,10.1,13.7,7.34,3.48,33.4,239.0,0.385
2026-08-01 13:30:00+00:00,79.1,3.07,13.4,12.2,10.7,3.54,33.1,210.0,0.218
2026-08-01 14:30:00+00:00,87.5,3.37,8.46,12.9,8.62,3.93,32.4,191.0,0.13
2026-08-01 15:30:00+00:00,89.9,2.56,2.08,17.9,8.36,5.19,31.7,182.0,0.15
2026-08-01 16:30:00+00:00,95.0,2.27,2.48,22.5,10.9,5.31,31.1,185.0,0.125
2026-08-01 17:30:00+00:00,96.0,2.27,4.32,24.0,13.7,5.21,31.1,228.0,0.17
2026-08-01 18:30:00+00:00,97.4,2.45,9.06,21.9,13.2,4.2,30.9,233.0,0.185
2026-08-01 19:30:00+00:00,97.8,2.2,7.61,22.2,12.1,4.51,30.8,203.0,0.135
2026-08-01 20:30:00+00:00,98.4,1.84,1.6,19.9,13.3,5.51,30.4,171.0,0.143
2026-08-01 21:30:00+00:00,98.5,1.74,1.46,15.6,10.4,5.75,29.9,182.0,0.115
2026-08-01 22:30:00+00:00,98.4,1.79,1.79,16.8,11.2,5.71,30.0,205.0,0.175
2026-08-01 23:30:00+00:00,98.4,1.58,5.22,18.3,11.7,5.18,29.9,232.0,0.228
2026-08-02 00:30:00+00:00,97.9,1.63,3.76,19.2,11.7,5.15,30.1,242.0,0.395
2026-08-02 01:30:00+00:00,95.4,1.91,2.58,14.6,8.67,5.77,30.5,247.0,0.617
2026-08-02 02:30:00+00:00,91.3,2.42,1.67,11.8,7.48,5.67,31.5,248.0,0.68
2026-08-02 03:30:00+00:00,80.6,3.32,1.52,12.2,8.02,6.0,32.7,248.0,0.67
2026-08-02 04:30:00+00:00,70.3,3.93,2.91,22.5,13.6,3.79,33.8,254.0,0.783
2026-08-02 05:30:00+00:00,68.4,4.46,4.92,26.0,13.4,3.78,34.5,247.0,0.66
2026-08-02 06:30:00+00:00,68.9,4.9,5.68,28.1,14.6,3.57,34.5,275.0,0.465
2026-08-02 07:30:00+00:00,68.0,4.53,3.42,27.7,14.7,3.21,34.9,246.0,0.548
2026-08-02 08:30:00+00:00,67.0,3.86,4.21,26.1,11.2,3.05,35.6,242.0,0.528
2026-08-02 09:30:00+00:00,65.1,3.09,7.58,25.1,10.9,2.91,35.7,239.0,0.557
2026-08-02 10:30:00+00:00,65.7,2.79,11.4,21.5,11.9,2.32,35.3,247.0,0.603
2026-08-02 11:30:00+00:00,68.0,2.75,11.3,20.0,12.7,2.77,35.2,246.0,0.587
2026-08-02 12:30:00+00:00,70.8,2.83,4.85,18.6,8.83,5.5,33.8,245.0,0.47
2026-08-02 13:30:00+00:00,75.8,2.91,3.66,19.1,9.24,5.73,33.3,238.0,0.3
2026-08-02 14:30:00+00:00,84.8,2.84,8.29,16.2,10.6,5.22,31.7,238.0,0.303
2026-08-02 15:30:00+00:00,89.7,2.84,10.9,15.8,9.5,5.52,31.7,240.0,0.3
2026-08-02 16:30:00+00:00,91.9,2.68,9.62,16.5,8.97,5.89,31.9,243.0,0.383
2026-08-02 17:30:00+00:00,95.0,2.27,1.82,19.2,8.8,6.62,31.3,226.0,0.17
2026-08-02 18:30:00+00:00,97.5,1.9,3.77,16.6,10.8,5.8,30.9,228.0,0.16
2026-08-02 19:30:00+00:00,97.5,1.79,2.34,15.8,11.1,6.36,31.3,239.0,0.253
2026-08-02 20:30:00+00:00,97.7,1.81,7.65,12.1,11.5,4.08,30.6,244.0,0.317
2026-08-02 21:30:00+00:00,98.4,1.76,6.84,14.0,10.1,4.72,30.3,235.0,0.215
2026-08-02 22:30:00+00:00,98.5,1.35,2.24,13.5,11.0,5.52,30.4,232.0,0.223
2026-08-02 23:30:00+00:00,98.5,1.43,1.59,16.8,8.64,5.61,29.9,231.0,0.208
2026-08-03 00:30:00+00:00,98.1,1.56,1.18,17.9,9.6,5.58,30.7,227.0,0.228
2026-08-03 01:30:00+00:00,95.8,1.69,4.63,13.5,10.6,5.27,31.7,236.0,0.317
2026-08-03 02:30:00+00:00,90.4,1.83,4.89,13.2,8.67,5.28,33.0,240.0,0.42
2026-08-03 03:30:00+00:00,84.5,2.55,3.7,19.2,10.7,5.96,33.8,240.0,0.485
2026-08-03 04:30:00+00:00,72.4,3.41,2.58,20.1,15.1,5.15,34.8,247.0,0.485
2026-08-03 05:30:00+00:00,68.8,4.3,3.35,28.5,15.0,5.0,35.8,246.0,0.583
2026-08-03 06:30:00+00:00,67.7,4.88,9.81,34.2,18.3,5.15,35.6,248.0,0.555
2026-08-03 07:30:00+00:00,64.3,4.58,9.52,36.5,17.7,4.99,36.6,254.0,0.598
2026-08-03 08:30:00+00:00,67.6,4.28,10.8,37.5,15.9,4.64,36.0,225.0,0.343
2026-08-03 09:30:00+00:00,68.0,4.03,7.78,42.2,16.6,4.57,35.9,223.0,0.375
2026-08-03 10:30:00+00:00,69.3,3.75,9.68,41.4,17.9,4.38,35.4,226.0,0.368
2026-08-03 11:30:00+00:00,73.1,3.5,15.0,38.6,19.8,4.14,34.6,248.0,0.258
2026-08-03 12:30:00+00:00,90.2,7.83,11.8,41.3,21.1,4.47,32.1,31.0,0.888
2026-08-03 13:30:00+00:00,98.5,7.84,7.67,45.4,21.0,4.45,30.6,106.0,0.205
2026-08-03 14:30:00+00:00,98.5,3.02,2.17,42.1,19.1,5.16,30.5,173.0,0.168
2026-08-03 15:30:00+00:00,98.5,2.35,2.45,37.2,20.8,4.67,30.9,162.0,0.15
2026-08-03 16:30:00+00:00,98.5,1.63,2.96,36.2,16.9,4.5,30.2,174.0,0.123
2026-08-03 17:30:00+00:00,98.5,1.52,5.68,26.4,15.6,4.06,30.0,158.0,0.17
2026-08-03 18:30:00+00:00,98.5,1.78,6.37,18.6,15.0,4.67,30.3,157.0,0.13
2026-08-03 19:30:00+00:00,98.5,1.57,2.67,19.3,12.7,5.0,30.1,154.0,0.157
2026-08-03 20:30:00+00:00,98.5,1.66,1.9,17.7,15.8,4.86,30.3,159.0,0.148
2026-08-03 21:30:00+00:00,98.5,1.57,0.897,17.7,14.2,5.21,30.8,160.0,0.143
2026-08-03 22:30:00+00:00,98.5,1.72,4.32,17.7,11.0,4.52,30.5,192.0,0.153
2026-08-03 23:30:00+00:00,98.5,1.61,5.71,17.8,10.7,4.69,30.4,189.0,0.14
2026-08-04 00:30:00+00:00,98.5,1.41,4.27,20.9,13.3,5.07,31.0,212.0,0.188
2026-08-04 01:30:00+00:00,98.5,1.65,1.49,21.2,12.5,5.76,31.6,245.0,0.317
2026-08-04 02:30:00+00:00,97.3,2.33,1.82,22.5,11.8,5.41,32.3,235.0,0.308
2026-08-04 03:30:00+00:00,94.8,3.88,6.73,23.9,16.2,5.21,33.0,237.0,0.34
2026-08-04 04:30:00+00:00,91.1,4.29,14.8,23.6,18.1,3.89,33.8,235.0,0.363
2026-08-04 05:30:00+00:00,75.8,7.69,31.8,,,4.64,35.0,246.0,0.515
2026-08-04 06:30:00+00:00,71.4,7.3,33.2,55.1,33.5,4.56,35.6,242.0,0.47
2026-08-04 13:30:00+00:00,98.5,2.6,2.49,24.3,20.0,3.97,29.3,190.0,0.15
2026-08-04 14:30:00+00:00,98.5,2.87,5.85,21.0,19.2,3.88,29.4,219.0,0.11
2026-08-04 15:30:00+00:00,98.5,2.78,5.1,22.6,13.8,3.67,29.1,204.0,0.135
2026-08-04 16:30:00+00:00,98.5,1.53,2.03,19.6,13.2,4.84,29.6,235.0,0.26
2026-08-04 17:30:00+00:00,98.5,1.43,1.79,22.9,11.0,5.02,30.0,232.0,0.257
2026-08-04 18:30:00+00:00,98.5,1.9,1.49,16.5,7.86,4.61,30.2,246.0,0.56
2026-08-04 19:30:00+00:00,98.5,2.19,3.58,13.4,8.58,4.36,30.2,245.0,0.483
2026-08-04 20:30:00+00:00,98.4,2.31,4.29,15.0,10.2,5.0,28.8,304.0,0.563
2026-08-04 21:30:00+00:00,98.5,2.76,2.32,10.9,7.16,5.6,27.3,71.7,0.42
2026-08-04 22:30:00+00:00,98.5,2.45,1.4,13.8,5.32,5.82,28.0,135.0,0.133
2026-08-04 23:30:00+00:00,98.5,2.12,1.17,16.5,9.79,5.98,28.6,167.0,0.138
2026-08-05 00:30:00+00:00,98.5,1.79,1.65,12.4,11.0,5.34,28.8,179.0,0.09
2026-08-05 01:30:00+00:00,98.5,1.38,1.73,,,5.42,30.0,208.0,0.11
2026-08-05 02:30:00+00:00,98.5,1.28,2.46,14.6,33.8,5.88,30.2,239.0,0.31
2026-08-05 03:30:00+00:00,97.7,1.23,1.29,,,5.56,31.4,250.0,0.49
2026-08-05 04:30:00+00:00,86.6,7.08,18.1,24.4,15.9,3.38,33.4,253.0,0.743
2026-08-05 05:30:00+00:00,73.7,11.6,26.9,25.8,12.1,3.49,34.3,260.0,0.89
2026-08-05 06:30:00+00:00,71.6,12.1,31.2,29.7,13.3,3.45,34.9,261.0,0.798
2026-08-05 07:30:00+00:00,67.0,9.26,27.9,33.2,22.9,2.58,36.2,253.0,0.85
2026-08-05 08:30:00+00:00,67.5,8.02,31.9,34.0,17.4,3.68,36.0,250.0,0.748
2026-08-05 09:30:00+00:00,66.8,11.3,29.8,33.6,19.5,2.2,35.4,256.0,0.67
2026-08-05 10:30:00+00:00,68.6,10.1,31.7,31.7,15.7,2.84,34.7,251.0,0.748
2026-08-05 11:30:00+00:00,74.4,9.85,19.3,31.2,19.4,4.98,33.8,248.0,0.463
2026-08-05 12:30:00+00:00,86.7,5.88,14.2,31.7,20.5,2.84,32.8,246.0,0.37
2026-08-05 13:30:00+00:00,98.0,3.29,1.85,30.3,20.2,2.79,31.3,163.0,0.1
2026-08-05 14:30:00+00:00,98.5,2.91,2.42,27.5,20.5,2.72,31.3,120.0,0.148
2026-08-05 15:30:00+00:00,98.6,2.71,1.51,26.7,18.7,3.38,30.6,152.0,0.115
2026-08-05 16:30:00+00:00,98.6,2.43,4.44,24.4,16.7,2.84,30.0,153.0,0.12
2026-08-05 17:30:00+00:00,98.6,2.37,1.96,23.9,15.0,3.1,29.9,176.0,0.12
2026-08-05 18:30:00+00:00,98.6,1.34,1.87,18.0,13.4,4.57,30.1,183.0,0.08
2026-08-05 20:30:00+00:00,98.6,1.09,1.17,21.2,12.9,3.06,30.0,183.0,0.145
2026-08-05 21:30:00+00:00,98.6,1.26,3.3,26.8,14.2,2.74,29.6,197.0,0.16
2026-08-05 22:30:00+00:00,98.5,1.16,3.07,23.3,14.4,2.78,29.4,242.0,0.3
2026-08-05 23:30:00+00:00,98.5,1.04,2.13,22.7,13.8,3.4,28.7,236.0,0.26
2026-08-06 00:30:00+00:00,98.5,1.04,1.42,19.4,10.1,3.66,28.9,242.0,0.36
2026-08-06 01:30:00+00:00,98.5,1.39,1.6,18.8,7.64,3.54,29.4,248.0,0.56
2026-08-06 02:30:00+00:00,95.9,2.39,1.25,20.3,11.7,3.5,30.3,252.0,0.688
2026-08-06 03:30:00+00:00,86.4,2.97,2.36,27.1,13.0,3.48,32.1,256.0,0.79
2026-08-06 04:30:00+00:00,75.6,3.65,3.68,28.0,14.9,5.71,33.2,256.0,0.885
2026-08-06 05:30:00+00:00,70.8,4.49,2.27,35.1,14.5,5.78,33.6,282.0,0.87
2026-08-06 06:30:00+00:00,67.3,5.34,3.13,35.0,17.7,5.55,34.9,280.0,0.765
2026-08-06 07:30:00+00:00,65.5,5.51,4.25,36.1,14.5,5.4,35.4,269.0,0.588
2026-08-06 08:30:00+00:00,72.0,4.44,4.91,36.9,14.6,5.25,34.5,236.0,0.575
2026-08-06 09:30:00+00:00,72.6,3.87,9.84,35.7,17.4,5.02,35.0,223.0,0.393
2026-08-06 10:30:00+00:00,80.3,4.0,7.31,33.9,14.6,5.93,34.2,221.0,0.318
2026-08-06 11:30:00+00:00,79.5,3.95,5.93,32.0,19.5,5.57,34.5,233.0,0.288
2026-08-06 12:30:00+00:00,69.5,5.88,5.39,26.0,13.7,2.96,34.1,270.0,0.4
2026-08-06 13:30:00+00:00,72.8,9.12,13.8,31.3,18.3,3.29,33.8,281.0,0.165
2026-08-06 14:30:00+00:00,88.1,7.84,9.28,33.8,19.9,4.04,32.4,172.0,0.25
2026-08-06 15:30:00+00:00,90.8,3.39,3.13,42.2,19.6,4.25,32.1,211.0,0.16
2026-08-06 16:30:00+00:00,95.0,2.64,3.57,36.5,17.7,4.46,31.8,160.0,0.145
2026-08-06 17:30:00+00:00,95.9,2.73,6.18,32.6,16.0,4.44,31.7,167.0,0.16
2026-08-06 19:30:00+00:00,97.9,2.4,7.99,26.0,10.7,3.24,31.0,175.0,0.105
2026-08-06 20:30:00+00:00,98.3,2.11,6.07,23.7,13.7,3.74,30.9,169.0,0.13
2026-08-06 21:30:00+00:00,98.2,1.56,1.62,25.0,14.5,4.69,30.9,162.0,0.117
2026-08-06 22:30:00+00:00,96.8,2.34,1.49,21.6,11.2,4.53,31.3,247.0,0.338
2026-08-06 23:30:00+00:00,98.5,3.08,1.0,21.9,8.31,4.45,29.9,247.0,0.35
2026-08-07 01:30:00+00:00,98.5,1.88,1.56,16.6,5.4,4.56,30.4,249.0,0.455
2026-08-07 02:30:00+00:00,98.5,1.95,1.67,22.1,11.1,4.52,30.5,237.0,0.26
2026-08-07 03:30:00+00:00,93.9,2.73,1.19,23.7,12.4,4.76,31.5,263.0,0.54
2026-08-07 04:30:00+00:00,92.0,3.51,1.27,34.4,14.3,6.47,31.9,256.0,0.593
2026-08-07 05:30:00+00:00,89.8,5.34,11.0,33.5,17.2,5.69,31.7,271.0,0.695
2026-08-07 06:30:00+00:00,92.2,11.9,18.2,27.0,12.6,3.81,31.7,268.0,0.523
2026-08-07 07:30:00+00:00,91.7,7.55,16.0,32.4,16.8,3.0,31.9,248.0,0.3
2026-08-07 08:30:00+00:00,88.9,6.75,19.7,35.6,15.3,2.88,31.9,245.0,0.357
2026-08-07 09:30:00+00:00,97.5,6.33,12.2,36.4,17.9,2.66,31.3,180.0,0.145
2026-08-07 10:30:00+00:00,98.5,5.14,5.55,38.4,12.7,3.25,30.5,215.0,0.223
2026-08-07 11:30:00+00:00,98.5,4.03,7.11,28.0,14.8,3.92,30.5,196.0,0.183
2026-08-07 12:30:00+00:00,96.8,3.39,3.3,23.3,13.5,3.41,30.0,256.0,0.38
2026-08-07 13:30:00+00:00,98.5,3.45,1.08,30.1,14.0,4.15,29.1,213.0,0.175
2026-08-07 14:30:00+00:00,98.5,2.76,1.43,30.6,14.3,4.16,29.1,243.0,0.348
2026-08-07 15:30:00+00:00,98.5,2.36,2.63,27.7,16.2,4.47,29.1,243.0,0.343
2026-08-07 16:30:00+00:00,98.5,1.98,2.37,26.8,16.0,4.78,29.0,246.0,0.408
2026-08-07 17:30:00+00:00,98.5,2.02,3.03,26.3,17.0,4.7,28.8,248.0,0.423
2026-08-07 18:30:00+00:00,98.5,2.26,2.43,22.4,19.5,5.46,28.4,246.0,0.285
2026-08-07 19:30:00+00:00,98.6,2.53,0.73,23.6,14.1,4.89,28.3,234.0,0.22
2026-08-07 20:30:00+00:00,98.6,1.7,1.14,20.6,14.4,4.24,28.3,243.0,0.375
2026-08-07 21:30:00+00:00,98.6,1.18,1.46,21.4,11.4,4.59,28.2,248.0,0.453
2026-08-07 22:30:00+00:00,98.6,1.0,1.18,22.0,9.66,4.35,28.3,243.0,0.295
2026-08-07 23:30:00+00:00,98.6,0.983,1.47,21.6,9.05,4.65,28.3,242.0,0.288
2026-08-08 00:30:00+00:00,98.5,1.53,1.41,20.1,6.68,4.86,28.4,250.0,0.45
2026-08-08 01:30:00+00:00,98.5,2.61,0.88,18.0,7.47,4.91,28.7,257.0,0.49
2026-08-08 02:30:00+00:00,98.5,2.8,1.28,23.7,11.0,4.14,29.1,264.0,0.608
2026-08-08 03:30:00+00:00,97.9,2.4,2.27,26.0,12.1,4.05,29.7,266.0,0.653
2026-08-08 04:30:00+00:00,97.4,2.64,1.3,31.5,11.5,3.68,30.0,258.0,0.578
2026-08-08 05:30:00+00:00,96.3,3.38,2.0,30.9,13.0,4.13,30.6,262.0,0.557
2026-08-08 06:30:00+00:00,92.3,3.95,1.03,32.6,16.8,3.76,31.4,276.0,0.67
2026-08-08 07:30:00+00:00,93.3,4.06,2.96,36.0,18.6,3.37,31.8,255.0,0.55
2026-08-08 08:30:00+00:00,94.7,4.09,4.32,43.6,21.7,3.35,32.0,246.0,0.49
2026-08-08 09:30:00+00:00,94.2,3.84,2.92,46.3,19.1,3.93,32.3,243.0,0.478
2026-08-08 10:30:00+00:00,94.1,3.42,2.48,45.7,23.1,3.82,32.3,242.0,0.473
2026-08-08 11:30:00+00:00,95.3,3.04,2.73,45.4,21.5,3.71,31.8,243.0,0.465
2026-08-08 12:30:00+00:00,97.6,3.16,1.82,38.1,21.4,4.17,28.2,278.0,0.9
2026-08-08 13:30:00+00:00,98.6,2.95,1.53,29.7,15.0,4.85,26.9,251.0,0.493
2026-08-08 14:30:00+00:00,98.6,3.5,1.9,23.5,11.0,4.85,27.4,177.0,0.25
2026-08-08 15:30:00+00:00,98.6,3.08,1.71,21.5,10.2,4.84,27.6,245.0,0.358
2026-08-08 16:30:00+00:00,98.6,3.31,1.76,19.0,10.2,4.76,27.7,247.0,0.4
2026-08-08 17:30:00+00:00,98.6,3.15,1.64,16.0,8.17,4.7,27.7,249.0,0.58
2026-08-08 19:30:00+00:00,98.6,2.36,1.93,8.63,6.61,4.96,27.5,243.0,0.415
2026-08-08 20:30:00+00:00,98.6,2.32,1.43,12.2,7.19,6.94,27.6,247.0,0.508
2026-08-08 21:30:00+00:00,98.6,2.47,1.2,10.0,6.47,7.24,27.6,251.0,0.617
2026-08-08 22:30:00+00:00,98.6,2.83,1.11,10.5,5.66,7.23,27.6,244.0,0.413
2026-08-08 23:30:00+00:00,98.6,2.18,1.58,,,6.95,27.6,247.0,0.543
2026-08-09 00:30:00+00:00,98.6,1.79,1.0,,,7.08,27.7,248.0,0.448
2026-08-09 01:30:00+00:00,98.6,2.08,1.97,,,7.18,27.9,247.0,0.65
2026-08-09 02:30:00+00:00,98.6,2.34,1.66,10.0,6.79,6.98,28.2,248.0,0.495
2026-08-09 03:30:00+00:00,98.5,2.97,1.31,11.1,8.69,6.97,29.4,251.0,0.78
2026-08-09 04:30:00+00:00,98.5,3.07,1.15,14.6,12.0,6.08,30.0,251.0,0.715
2026-08-09 05:30:00+00:00,95.0,3.4,1.8,15.1,13.7,7.06,32.1,246.0,0.74
2026-08-09 06:30:00+00:00,92.5,3.7,1.84,16.7,10.7,6.65,31.7,250.0,0.765
2026-08-09 07:30:00+00:00,86.8,5.06,1.38,19.1,8.13,5.91,32.2,260.0,0.815
2026-08-09 08:30:00+00:00,87.4,5.11,1.98,27.4,13.8,6.0,32.4,261.0,0.795
2026-08-09 09:30:00+00:00,86.0,5.21,2.46,28.8,14.3,5.93,32.1,262.0,1.04
2026-08-09 10:30:00+00:00,88.7,4.44,3.58,29.1,17.2,5.82,31.5,252.0,0.897
2026-08-09 11:30:00+00:00,93.1,4.06,2.23,32.4,20.1,6.09,30.7,249.0,0.795
2026-08-09 12:30:00+00:00,94.6,4.21,2.15,29.3,20.0,4.62,30.5,249.0,0.67
2026-08-09 13:30:00+00:00,97.2,3.76,1.64,34.0,20.1,4.5,29.8,248.0,0.705
2026-08-09 14:30:00+00:00,98.3,3.19,1.76,30.7,18.3,4.8,29.7,242.0,0.385
2026-08-09 15:30:00+00:00,98.5,2.51,2.38,28.3,15.6,4.74,29.1,245.0,0.425
2026-08-09 16:30:00+00:00,98.5,2.2,1.69,32.5,17.6,5.13,29.0,247.0,0.455
2026-08-09 17:30:00+00:00,98.5,2.2,1.23,30.0,16.9,5.09,29.0,246.0,0.403
2026-08-09 18:30:00+00:00,98.5,2.31,0.9,25.7,13.0,4.66,28.7,248.0,0.545
2026-08-09 19:30:00+00:00,98.5,2.45,1.58,27.9,11.5,4.8,28.5,240.0,0.393
2026-08-09 20:30:00+00:00,98.5,2.01,2.12,25.3,15.9,5.43,28.2,246.0,0.468
2026-08-09 21:30:00+00:00,98.5,1.7,0.935,22.7,16.8,6.1,28.1,243.0,0.41
2026-08-09 22:30:00+00:00,98.5,1.54,1.88,23.3,11.9,6.28,28.0,245.0,0.36
2026-08-09 23:30:00+00:00,98.5,1.65,1.51,20.2,12.7,6.59,28.0,245.0,0.308
2026-08-10 00:30:00+00:00,98.5,1.61,1.59,20.1,12.4,6.35,28.6,244.0,0.365
2026-08-10 01:30:00+00:00,97.6,1.53,1.14,25.1,10.3,5.92,29.8,246.0,0.58
2026-08-10 02:30:00+00:00,91.8,1.76,1.82,23.7,10.7,6.03,31.4,246.0,0.673
2026-08-10 03:30:00+00:00,85.3,2.26,1.47,23.4,15.2,6.03,32.5,251.0,0.81
2026-08-10 04:30:00+00:00,71.9,3.53,1.47,30.9,16.2,5.49,33.6,252.0,0.82
2026-08-10 05:30:00+00:00,69.8,4.37,2.25,37.6,18.4,5.8,34.6,252.0,0.775
2026-08-10 06:30:00+00:00,69.4,4.44,4.08,38.6,23.8,5.78,35.3,246.0,0.77
2026-08-10 07:30:00+00:00,71.1,3.72,6.02,45.6,20.8,5.12,35.0,247.0,0.63
2026-08-10 08:30:00+00:00,67.5,3.79,4.45,42.2,26.1,5.05,35.3,248.0,0.728
2026-08-10 09:30:00+00:00,66.9,3.54,3.57,48.3,18.6,4.99,34.8,251.0,0.727
2026-08-10 10:30:00+00:00,91.0,3.7,2.33,42.0,20.8,4.81,31.5,228.0,0.543
2026-08-10 11:30:00+00:00,98.5,3.37,5.32,41.0,19.7,4.54,30.8,163.0,0.203
2026-08-10 12:30:00+00:00,98.4,3.53,7.2,30.8,21.2,5.53,30.6,184.0,0.235
2026-08-10 13:30:00+00:00,95.1,3.54,3.46,29.3,15.8,6.48,30.9,258.0,0.757
2026-08-10 14:30:00+00:00,98.2,3.82,1.4,29.8,17.4,6.82,30.1,248.0,0.608
2026-08-10 15:30:00+00:00,98.5,3.39,2.01,27.7,14.5,6.7,29.9,238.0,0.353
2026-08-10 16:30:00+00:00,98.5,2.96,1.42,26.3,17.8,6.44,29.2,241.0,0.333
2026-08-10 17:30:00+00:00,98.5,2.08,0.62,18.9,12.9,6.31,28.9,241.0,0.31
2026-08-10 18:30:00+00:00,98.5,1.82,0.96,13.4,9.01,6.96,28.5,250.0,0.5
2026-08-10 19:30:00+00:00,97.7,1.98,2.03,12.6,9.01,7.3,28.6,247.0,0.45
2026-08-10 20:30:00+00:00,98.3,1.77,1.45,18.1,11.2,4.77,28.5,237.0,0.298
2026-08-10 21:30:00+00:00,98.5,1.58,1.06,15.9,9.12,5.02,28.6,245.0,0.245
2026-08-10 22:30:00+00:00,98.4,1.49,0.535,15.8,10.4,5.15,28.4,246.0,0.355
2026-08-10 23:30:00+00:00,98.5,1.15,0.835,20.7,9.64,5.41,28.3,247.0,0.36
2026-08-11 00:30:00+00:00,98.5,1.0,0.893,18.4,12.2,5.28,28.4,245.0,0.34
2026-08-11 01:30:00+00:00,91.4,1.53,1.22,20.4,11.0,5.19,30.9,259.0,0.565
2026-08-11 02:30:00+00:00,87.2,1.97,1.47,31.7,10.0,5.31,31.0,254.0,0.643
2026-08-11 03:30:00+00:00,74.3,2.2,0.755,34.9,14.9,5.12,32.2,247.0,0.69
2026-08-11 04:30:00+00:00,71.5,2.66,6.98,40.6,17.2,4.66,32.8,248.0,0.727
2026-08-11 05:30:00+00:00,71.2,3.06,18.7,28.3,12.8,2.2,33.4,248.0,0.687
2026-08-11 06:30:00+00:00,72.4,0.27,23.1,44.6,14.8,,34.1,250.0,0.748
2026-08-11 07:30:00+00:00,70.5,,23.9,46.9,18.5,,34.1,249.0,0.635
2026-08-11 08:30:00+00:00,70.2,0.92,12.2,44.4,23.1,,34.7,247.0,0.563
2026-08-11 09:30:00+00:00,68.7,4.74,26.8,41.2,16.9,1.05,33.5,244.0,0.605
2026-08-11 10:30:00+00:00,68.2,3.65,20.2,39.4,20.9,0.833,33.8,243.0,0.623
2026-08-11 11:30:00+00:00,70.5,3.75,8.21,39.4,14.7,0.217,33.4,250.0,0.43
2026-08-11 12:30:00+00:00,81.4,3.7,7.8,33.9,16.0,2.68,31.9,180.0,0.158
2026-08-11 13:30:00+00:00,92.7,3.08,1.93,34.6,17.2,3.39,31.1,143.0,0.21
2026-08-11 14:30:00+00:00,97.8,2.8,1.92,35.5,18.5,3.89,30.1,167.0,0.158
2026-08-11 15:30:00+00:00,98.5,2.75,1.64,43.7,19.1,4.51,29.9,151.0,0.158
2026-08-11 16:30:00+00:00,98.4,2.92,2.46,43.9,20.3,4.37,30.0,190.0,0.213
2026-08-11 17:30:00+00:00,94.3,1.75,1.4,38.8,22.1,4.86,29.4,282.0,1.11
2026-08-11 19:30:00+00:00,98.4,2.57,1.28,21.1,13.5,5.79,29.3,249.0,0.38
2026-08-11 20:30:00+00:00,98.5,2.38,1.26,25.0,10.3,3.4,29.6,227.0,0.258
2026-08-11 21:30:00+00:00,98.5,1.81,1.86,23.9,12.6,3.37,29.0,214.0,0.173
2026-08-11 22:30:00+00:00,98.5,1.15,1.15,24.7,11.9,3.63,28.7,213.0,0.133
2026-08-11 23:30:00+00:00,98.5,1.06,1.86,18.4,11.6,3.85,28.9,229.0,0.117
2026-08-12 00:30:00+00:00,98.5,1.26,2.12,16.3,8.49,3.97,29.2,244.0,0.285
2026-08-12 01:30:00+00:00,98.4,1.57,1.83,14.8,5.94,3.87,29.7,245.0,0.373
2026-08-12 02:30:00+00:00,96.6,1.55,1.03,12.7,7.86,3.79,31.2,245.0,0.43
2026-08-12 03:30:00+00:00,84.0,1.77,1.39,15.5,6.78,3.68,32.6,254.0,0.785
2026-08-12 04:30:00+00:00,73.1,2.05,1.7,12.5,8.39,5.19,34.1,250.0,0.888
2026-08-12 05:30:00+00:00,70.0,2.59,1.37,18.3,12.4,5.32,34.3,246.0,0.745
2026-08-12 06:30:00+00:00,68.4,2.91,2.72,16.5,13.5,5.34,34.6,248.0,0.735
2026-08-12 07:30:00+00:00,71.2,2.87,3.11,15.9,9.91,5.43,34.0,239.0,0.5
2026-08-12 08:30:00+00:00,68.3,2.4,4.06,13.8,11.7,5.03,34.7,243.0,0.59
2026-08-12 09:30:00+00:00,67.1,2.44,5.23,12.0,11.3,4.75,34.6,248.0,0.713
2026-08-12 10:30:00+00:00,70.5,2.54,2.86,11.2,9.95,5.09,33.6,246.0,0.663
2026-08-12 11:30:00+00:00,71.9,2.66,4.69,13.3,7.06,5.05,33.4,247.0,0.58
2026-08-12 12:30:00+00:00,75.6,2.99,4.26,10.6,6.73,5.05,31.9,251.0,0.48
2026-08-12 13:30:00+00:00,80.6,2.87,8.78,11.4,5.57,4.39,31.4,246.0,0.325
2026-08-12 14:30:00+00:00,91.0,2.65,7.85,13.0,10.4,4.5,30.9,233.0,0.205
2026-08-12 15:30:00+00:00,90.5,2.67,2.44,18.1,10.2,5.51,30.5,252.0,0.618
2026-08-12 16:30:00+00:00,94.4,2.67,1.93,17.5,9.4,5.27,29.7,249.0,0.518
2026-08-12 17:30:00+00:00,95.1,2.5,2.24,17.8,10.4,5.61,29.7,247.0,0.525
2026-08-12 18:30:00+00:00,97.5,2.04,1.33,12.9,7.3,5.43,29.2,250.0,0.53
2026-08-12 19:30:00+00:00,98.0,2.01,2.72,9.61,5.12,5.25,28.8,246.0,0.527
2026-08-12 20:30:00+00:00,98.4,1.87,1.35,7.54,4.54,5.1,28.6,251.0,0.553
2026-08-12 21:30:00+00:00,98.4,2.15,2.98,7.95,5.07,5.87,28.5,251.0,0.69
2026-08-12 23:30:00+00:00,98.5,2.19,2.41,10.5,5.86,5.08,28.4,250.0,0.335
2026-08-13 00:30:00+00:00,98.4,1.91,0.788,9.85,4.11,5.33,28.7,247.0,0.535
2026-08-13 02:30:00+00:00,96.2,2.14,1.22,13.0,6.09,5.89,29.3,258.0,0.65
2026-08-13 03:30:00+00:00,94.9,2.96,1.67,16.7,4.34,5.58,29.4,258.0,0.665
2026-08-13 04:30:00+00:00,92.0,3.36,1.33,24.8,16.0,4.87,30.1,264.0,0.573
2026-08-13 05:30:00+00:00,79.9,3.55,1.15,34.1,16.3,5.11,31.6,261.0,0.77
2026-08-13 06:30:00+00:00,73.5,4.01,2.3,29.5,14.1,4.58,31.9,273.0,0.78
2026-08-13 07:30:00+00:00,75.6,4.55,2.35,28.7,14.2,5.04,32.5,243.0,0.39
2026-08-14 05:30:00+00:00,98.5,7.34,20.2,21.1,9.93,3.83,29.5,257.0,0.685
2026-08-14 06:30:00+00:00,98.5,9.92,19.0,41.2,24.1,0.988,29.3,254.0,0.553
2026-08-14 07:30:00+00:00,98.5,10.9,16.7,33.1,20.2,1.52,29.0,255.0,0.657
2026-08-14 08:30:00+00:00,98.5,8.31,12.3,33.1,20.3,1.83,29.8,259.0,0.775
2026-08-14 09:30:00+00:00,98.4,7.09,5.47,27.0,19.6,1.92,30.2,255.0,0.735
2026-08-14 10:30:00+00:00,98.2,5.79,1.94,27.6,16.6,2.25,30.2,257.0,0.688
2026-08-14 11:30:00+00:00,98.0,3.98,1.97,32.7,16.5,3.06,30.5,252.0,0.645
2026-08-14 12:30:00+00:00,98.0,3.95,2.87,30.7,17.2,1.91,30.5,252.0,0.553
2026-08-14 13:30:00+00:00,98.5,2.71,2.24,29.2,17.7,2.62,30.9,250.0,0.5
2026-08-14 14:30:00+00:00,98.5,2.84,1.73,32.5,18.8,2.68,30.2,251.0,0.548
2026-08-14 15:30:00+00:00,98.5,2.86,0.96,28.8,13.6,3.26,29.9,251.0,0.415
2026-08-14 16:30:00+00:00,98.5,3.32,1.57,25.8,17.3,3.23,30.0,258.0,0.578
2026-08-14 17:30:00+00:00,98.5,2.8,1.01,28.8,17.3,3.53,29.9,255.0,0.58
2026-08-14 18:30:00+00:00,98.5,2.14,3.42,27.1,19.0,3.59,29.9,247.0,0.45
2026-08-14 19:30:00+00:00,98.5,2.62,1.68,25.7,18.5,3.49,29.7,247.0,0.525
2026-08-14 20:30:00+00:00,98.5,2.66,1.84,29.0,17.3,3.6,29.7,249.0,0.5
2026-08-14 22:30:00+00:00,98.5,1.76,0.645,29.1,17.3,3.62,29.3,253.0,0.745
2026-08-14 23:30:00+00:00,98.5,1.61,1.67,25.2,12.5,4.26,29.3,251.0,0.693
2026-08-15 00:30:00+00:00,98.3,2.11,1.77,23.0,11.4,4.51,29.7,251.0,0.613
2026-08-15 01:30:00+00:00,94.1,2.28,1.79,28.2,12.1,4.45,31.2,254.0,0.863
2026-08-15 02:30:00+00:00,94.5,2.32,1.03,34.4,15.7,4.37,31.3,252.0,0.928
2026-08-15 03:30:00+00:00,92.4,2.03,1.1,33.8,18.9,3.99,31.9,252.0,1.06
2026-08-15 04:30:00+00:00,89.3,2.41,0.868,36.5,15.7,4.58,32.5,256.0,1.08
2026-08-15 05:30:00+00:00,84.6,3.17,1.53,32.3,19.2,4.56,33.1,252.0,1.01
2026-08-15 06:30:00+00:00,88.1,4.39,1.91,30.0,15.1,4.93,32.3,252.0,0.878
2026-08-15 07:30:00+00:00,89.0,4.65,1.7,28.6,16.3,4.61,32.4,250.0,0.908
2026-08-15 08:30:00+00:00,93.0,4.0,2.35,24.5,14.9,4.39,31.4,249.0,0.873
2026-08-15 09:30:00+00:00,91.9,3.37,2.29,24.2,15.3,4.09,31.7,250.0,0.973
2026-08-15 10:30:00+00:00,93.4,3.3,2.4,25.1,11.1,3.96,31.3,249.0,0.85
2026-08-15 11:30:00+00:00,93.2,3.29,3.3,25.9,12.1,4.48,31.3,248.0,0.793
2026-08-15 12:30:00+00:00,95.0,3.28,1.72,25.3,9.16,4.14,31.0,251.0,0.743
2026-08-15 13:30:00+00:00,95.3,2.99,3.07,26.5,8.12,4.1,30.8,251.0,0.8
2026-08-15 14:30:00+00:00,95.5,2.86,1.89,25.9,9.67,4.21,30.6,252.0,0.738
2026-08-15 15:30:00+00:00,98.5,2.98,1.57,20.3,12.9,4.68,29.5,259.0,0.707
2026-08-15 16:30:00+00:00,98.5,3.19,1.94,25.5,11.7,5.26,28.9,252.0,0.625
2026-08-15 17:30:00+00:00,98.5,3.46,2.09,22.7,14.4,4.76,28.8,250.0,0.775
2026-08-15 21:30:00+00:00,98.5,1.58,2.32,11.2,7.01,4.78,28.7,251.0,0.67
2026-08-15 22:30:00+00:00,98.5,1.79,1.53,10.5,8.75,4.84,28.7,251.0,0.808
2026-08-15 23:30:00+00:00,98.5,1.81,0.74,8.34,6.44,4.86,28.6,252.0,0.945
2026-08-16 00:30:00+00:00,98.5,1.57,1.04,9.76,5.08,4.58,28.6,251.0,0.813
2026-08-16 01:30:00+00:00,98.5,1.46,1.04,8.09,4.0,4.49,28.9,251.0,0.83
2026-08-16 02:30:00+00:00,98.5,1.93,1.39,12.5,6.62,4.61,29.2,251.0,0.853
2026-08-16 03:30:00+00:00,98.4,2.23,1.73,17.7,8.73,5.11,29.6,254.0,0.83
2026-08-16 04:30:00+00:00,98.4,2.06,1.66,34.0,18.3,4.76,29.7,255.0,0.95
2026-08-16 05:30:00+00:00,98.5,1.81,1.48,31.1,16.8,4.57,29.6,252.0,1.06
2026-08-16 06:30:00+00:00,98.4,1.71,1.11,28.0,18.2,4.85,29.8,254.0,0.99
2026-08-16 07:30:00+00:00,98.0,2.06,2.13,36.7,20.4,4.91,30.2,253.0,1.07
2026-08-16 08:30:00+00:00,96.7,2.43,1.81,34.1,20.1,4.8,30.4,260.0,1.12
2026-08-16 09:30:00+00:00,98.5,3.04,1.78,29.0,18.6,4.75,29.2,254.0,0.95
2026-08-16 10:30:00+00:00,98.5,2.89,0.898,22.4,13.7,4.39,28.8,254.0,1.05
2026-08-16 11:30:00+00:00,98.5,2.67,1.79,21.6,15.5,4.21,28.9,252.0,0.97
2026-08-16 12:30:00+00:00,98.5,2.64,1.31,16.9,14.9,4.46,28.8,254.0,0.83
2026-08-16 13:30:00+00:00,98.5,3.75,1.57,15.0,13.5,4.77,28.8,253.0,0.838
2026-08-16 14:30:00+00:00,98.5,4.01,1.98,20.6,16.0,4.96,28.8,255.0,0.928
2026-08-16 15:30:00+00:00,98.5,3.31,1.12,26.2,19.1,4.64,28.7,255.0,0.828
2026-08-16 16:30:00+00:00,98.5,3.01,0.753,27.0,13.9,4.72,28.6,247.0,0.468
2026-08-16 17:30:00+00:00,98.5,2.13,0.85,28.5,17.8,5.16,28.4,250.0,0.53
2026-08-16 18:30:00+00:00,98.5,1.98,1.35,29.1,14.5,4.84,28.6,248.0,0.525
2026-08-16 19:30:00+00:00,98.5,2.03,1.64,22.1,14.6,4.9,28.6,248.0,0.51
2026-08-16 22:30:00+00:00,98.0,0.975,0.825,24.6,12.2,4.99,28.0,248.0,0.4
2026-08-16 23:30:00+00:00,98.1,1.16,1.92,24.0,11.1,4.86,27.9,254.0,0.547
2026-08-17 00:30:00+00:00,98.2,1.8,1.79,20.8,8.66,5.04,27.6,250.0,0.685
2026-08-17 01:30:00+00:00,98.4,1.71,1.2,17.9,6.24,5.33,27.7,252.0,0.607
2026-08-17 02:30:00+00:00,98.6,1.24,0.78,17.9,7.73,5.12,27.8,254.0,0.63
2026-08-17 03:30:00+00:00,98.6,0.867,0.525,14.9,9.74,5.36,27.9,252.0,0.69
2026-08-17 04:30:00+00:00,98.5,1.21,1.28,16.1,9.09,4.93,28.0,252.0,0.853
2026-08-17 05:30:00+00:00,98.5,1.84,1.54,12.8,8.27,5.03,28.1,250.0,0.697
2026-08-17 06:30:00+00:00,98.5,2.01,1.36,9.59,5.81,5.05,28.4,252.0,0.673
2026-08-17 07:30:00+00:00,98.5,1.98,0.59,8.61,4.81,5.38,28.8,251.0,0.94
2026-08-17 08:30:00+00:00,98.5,2.08,1.11,12.3,8.16,5.53,29.1,253.0,0.745
2026-08-17 09:30:00+00:00,98.5,2.25,1.75,23.3,10.9,5.19,29.2,248.0,0.36
2026-08-17 10:30:00+00:00,98.5,2.35,1.54,25.4,12.8,4.78,29.6,215.0,0.18
2026-08-17 11:30:00+00:00,98.5,2.47,2.08,22.9,14.2,5.17,29.7,263.0,0.39
2026-08-17 12:30:00+00:00,98.5,3.2,1.08,26.4,16.4,2.51,29.3,220.0,0.205
2026-08-17 13:30:00+00:00,98.5,1.44,0.435,25.0,16.1,2.85,28.3,169.0,0.13
2026-08-17 14:30:00+00:00,98.5,1.0,1.19,25.4,15.4,3.13,28.3,214.0,0.135
2026-08-17 15:30:00+00:00,98.6,1.29,1.64,29.7,13.5,3.25,28.4,146.0,0.125
2026-08-17 16:30:00+00:00,98.6,1.17,1.78,24.8,17.2,3.3,28.4,141.0,0.115
2026-08-17 17:30:00+00:00,98.6,1.07,1.16,23.1,17.7,3.45,28.5,203.0,0.075
2026-08-17 18:30:00+00:00,98.6,0.925,1.22,27.6,12.9,4.15,29.6,245.0,0.305
2026-08-17 19:30:00+00:00,98.6,1.2,1.17,26.6,11.9,2.77,29.4,251.0,0.47
2026-08-17 20:30:00+00:00,98.6,1.48,0.98,22.7,12.0,6.4,28.8,251.0,0.48
2026-08-17 21:30:00+00:00,98.6,1.86,1.13,18.6,14.4,6.7,28.7,249.0,0.403
2026-08-17 22:30:00+00:00,98.7,,0.905,16.6,9.26,6.88,27.4,249.0,0.557
2026-08-17 23:30:00+00:00,98.8,,0.525,14.3,7.99,1.31,26.8,253.0,0.585
2026-08-18 00:30:00+00:00,98.8,,0.715,11.5,5.59,,27.0,246.0,0.343
2026-08-18 01:30:00+00:00,98.7,,0.85,14.2,8.46,,27.8,250.0,0.443
2026-08-18 02:30:00+00:00,98.8,,0.43,11.0,8.84,3.19,27.9,250.0,0.38
2026-08-18 03:30:00+00:00,98.8,,,22.4,6.19,,27.0,273.0,0.5
2026-08-18 04:30:00+00:00,98.8,0.99,0.33,15.5,5.77,1.48,30.6,251.0,0.52
2026-08-18 05:30:00+00:00,98.7,1.71,0.125,14.6,12.4,,32.0,251.0,0.525
2026-08-18 06:30:00+00:00,98.7,2.39,0.793,14.1,13.7,,32.2,252.0,0.62
2026-08-18 07:30:00+00:00,98.7,3.93,1.64,13.0,13.5,,31.8,252.0,0.535
2026-08-18 08:30:00+00:00,98.7,4.38,1.84,16.7,12.4,,31.1,252.0,0.628
2026-08-18 09:30:00+00:00,98.7,2.65,1.65,12.2,11.3,,31.2,254.0,0.54
2026-08-18 10:30:00+00:00,98.7,1.2,0.625,16.9,13.0,,30.9,252.0,0.643
2026-08-18 11:30:00+00:00,98.7,,0.565,15.3,11.0,,30.6,253.0,0.635
2026-08-18 12:30:00+00:00,98.7,,1.02,14.0,9.48,4.98,29.9,250.0,0.54
2026-08-18 13:30:00+00:00,98.7,,1.49,14.2,9.46,5.39,29.7,252.0,0.485
2026-08-18 14:30:00+00:00,98.7,,0.933,13.2,6.88,5.33,29.8,250.0,0.51
2026-08-18 15:30:00+00:00,98.7,,0.72,18.1,11.3,5.25,29.4,251.0,0.495
2026-08-18 16:30:00+00:00,98.7,,0.657,19.2,11.4,5.1,29.3,249.0,0.487
2026-08-18 17:30:00+00:00,98.7,,1.25,17.8,8.34,4.88,29.2,248.0,0.455
2026-08-18 18:30:00+00:00,98.7,1.76,1.56,14.8,5.85,4.97,29.0,249.0,0.53
2026-08-18 19:30:00+00:00,98.7,1.71,1.12,18.0,5.63,5.1,29.1,248.0,0.415
2026-08-18 20:30:00+00:00,98.7,1.23,1.09,18.9,7.85,4.7,29.1,246.0,0.493
2026-08-18 21:30:00+00:00,98.7,0.95,0.98,17.9,8.29,4.88,29.2,250.0,0.68
2026-08-18 22:30:00+00:00,98.7,1.1,1.23,21.3,8.54,5.01,28.8,250.0,0.52
2026-08-18 23:30:00+00:00,98.7,1.31,1.9,21.9,6.28,4.94,28.4,250.0,0.613
2026-08-19 00:30:00+00:00,98.7,1.49,1.67,20.4,4.68,4.89,28.6,250.0,0.625
2026-08-19 01:30:00+00:00,98.7,1.19,0.42,17.6,6.37,4.69,29.1,251.0,0.633
2026-08-19 02:30:00+00:00,98.7,1.08,0.865,17.9,8.23,4.67,29.4,249.0,0.765
2026-08-19 03:30:00+00:00,98.7,1.27,1.9,17.5,9.22,4.44,29.6,250.0,0.71
2026-08-19 04:30:00+00:00,98.7,1.91,2.2,23.4,15.2,4.36,29.9,254.0,0.703
2026-08-19 05:30:00+00:00,98.7,2.4,2.01,25.1,11.1,4.57,29.7,254.0,0.72
2026-08-19 06:30:00+00:00,98.7,2.35,1.0,26.3,12.4,4.54,29.3,252.0,0.605
2026-08-19 07:30:00+00:00,98.7,2.15,0.627,27.6,13.4,4.05,29.8,254.0,0.67
2026-08-19 08:30:00+00:00,98.7,2.09,1.99,25.9,16.1,4.29,30.0,253.0,0.755
2026-08-19 09:30:00+00:00,98.6,2.86,2.13,24.9,18.0,4.29,30.4,252.0,0.798
2026-08-19 10:30:00+00:00,98.3,3.73,2.21,29.1,19.8,4.73,30.7,252.0,0.763
2026-08-19 11:30:00+00:00,98.2,3.51,0.825,36.1,15.4,4.85,30.4,251.0,0.8
2026-08-19 12:30:00+00:00,98.6,2.71,1.14,32.1,13.7,6.02,29.4,250.0,0.53
2026-08-19 13:30:00+00:00,98.6,2.21,1.51,28.0,13.1,5.85,29.3,251.0,0.575
2026-08-19 14:30:00+00:00,98.7,2.41,2.4,28.6,13.9,6.24,29.3,251.0,0.65
2026-08-19 15:30:00+00:00,98.7,2.77,1.97,28.7,13.3,6.22,29.4,248.0,0.55
2026-08-19 16:30:00+00:00,98.7,2.61,1.59,34.9,17.7,5.99,29.3,251.0,0.588
2026-08-19 17:30:00+00:00,98.7,2.22,1.27,30.8,16.8,6.06,29.3,250.0,0.615
2026-08-19 18:30:00+00:00,98.7,1.93,1.26,25.8,15.6,5.74,29.1,251.0,0.625
2026-08-19 19:30:00+00:00,98.7,1.89,1.96,29.2,13.5,5.76,29.2,251.0,0.693
2026-08-19 20:30:00+00:00,98.7,1.97,2.04,31.6,14.1,4.93,29.1,249.0,0.608
2026-08-19 21:30:00+00:00,98.7,1.95,2.27,25.6,14.6,5.48,29.1,253.0,0.688
2026-08-19 22:30:00+00:00,98.7,1.93,0.928,26.4,14.9,5.19,28.9,250.0,0.673
2026-08-19 23:30:00+00:00,98.7,1.74,1.1,27.2,13.6,5.34,28.8,250.0,0.563
2026-08-20 00:30:00+00:00,98.7,1.53,1.31,24.7,9.87,5.51,29.0,250.0,0.548
2026-08-20 01:30:00+00:00,98.6,1.89,1.4,26.5,10.6,5.67,29.5,250.0,0.57
2026-08-20 02:30:00+00:00,97.4,2.14,1.57,33.0,16.3,5.61,30.4,249.0,0.655
2026-08-20 03:30:00+00:00,93.4,2.49,1.39,35.6,14.4,5.33,31.4,257.0,0.773
2026-08-20 04:30:00+00:00,90.5,9.54,10.1,33.3,17.5,4.72,31.5,267.0,0.623
2026-08-20 05:30:00+00:00,87.3,9.8,8.21,,,3.79,31.4,302.0,0.555
2026-08-20 06:30:00+00:00,84.6,11.4,9.4,,,4.25,31.7,299.0,0.495
2026-08-20 07:30:00+00:00,75.1,11.3,17.5,,,3.35,33.0,264.0,0.583
2026-08-20 08:30:00+00:00,76.9,9.68,13.3,,,3.4,32.8,262.0,0.56
2026-08-20 09:30:00+00:00,84.1,11.2,28.0,42.3,12.8,5.82,32.6,253.0,0.518
2026-08-20 10:30:00+00:00,83.6,8.47,25.3,181.0,46.0,3.94,33.3,253.0,0.503
2026-08-20 11:30:00+00:00,86.1,7.66,3.74,27.8,33.0,3.25,33.5,247.0,0.438
2026-08-20 12:30:00+00:00,91.4,6.11,1.81,62.5,27.3,3.66,32.9,245.0,0.37
2026-08-20 13:30:00+00:00,94.5,5.54,2.12,33.8,21.4,4.45,32.5,242.0,0.3
2026-08-20 14:30:00+00:00,96.0,5.6,4.24,32.0,25.2,4.24,32.3,247.0,0.353
2026-08-20 15:30:00+00:00,97.1,5.7,2.69,43.6,25.4,4.46,32.3,248.0,0.43
2026-08-20 16:30:00+00:00,97.6,6.21,2.16,37.3,23.0,4.91,31.3,249.0,0.548
2026-08-20 17:30:00+00:00,98.7,6.5,1.41,25.4,18.7,4.93,30.9,248.0,0.433
2026-08-20 18:30:00+00:00,98.7,7.67,0.97,,,6.09,30.3,249.0,0.69
2026-08-20 19:30:00+00:00,98.7,5.82,0.935,21.7,15.4,5.11,30.3,251.0,0.825
2026-08-20 20:30:00+00:00,98.7,5.63,1.42,18.6,13.8,4.6,30.1,250.0,0.535
2026-08-20 21:30:00+00:00,98.7,5.51,1.81,,,5.3,30.4,249.0,0.455
2026-08-20 22:30:00+00:00,98.7,5.53,2.04,,,5.71,30.5,245.0,0.403
2026-08-20 23:30:00+00:00,98.7,5.48,1.01,20.3,11.0,5.33,30.3,245.0,0.428
2026-08-21 00:30:00+00:00,98.7,5.33,0.903,14.8,12.3,5.73,30.1,250.0,0.588
2026-08-21 01:30:00+00:00,98.7,5.39,0.94,18.4,12.2,5.51,30.1,251.0,0.653
2026-08-21 02:30:00+00:00,98.7,5.53,1.25,27.5,13.4,5.74,29.8,251.0,0.62
2026-08-21 03:30:00+00:00,98.7,6.52,1.71,,,6.24,29.3,252.0,0.748
2026-08-21 04:30:00+00:00,98.7,6.59,2.01,15.2,10.0,3.57,29.6,251.0,0.758
2026-08-21 05:30:00+00:00,98.6,6.46,0.585,26.0,10.3,3.81,30.5,252.0,0.71
2026-08-21 06:30:00+00:00,97.6,6.89,1.37,25.8,16.2,3.09,31.9,251.0,0.645
2026-08-21 07:30:00+00:00,94.2,7.6,1.13,45.9,20.9,2.84,32.5,248.0,0.735
2026-08-21 08:30:00+00:00,94.9,8.28,1.16,53.0,23.5,3.02,31.6,252.0,0.805
2026-08-21 09:30:00+00:00,94.2,7.99,1.72,51.7,27.2,3.03,31.7,252.0,0.693
2026-08-21 10:30:00+00:00,94.5,7.19,1.46,50.1,27.4,3.58,31.8,250.0,0.755
2026-08-21 11:30:00+00:00,96.4,6.53,1.68,40.3,25.3,2.95,31.1,252.0,0.693
2026-08-21 12:30:00+00:00,98.2,6.33,1.31,29.9,21.9,4.13,30.7,250.0,0.598
2026-08-21 13:30:00+00:00,98.6,6.32,1.16,31.3,19.7,4.98,30.5,252.0,0.553
2026-08-21 14:30:00+00:00,98.8,6.42,1.41,28.2,17.3,5.44,30.2,249.0,0.48
2026-08-21 15:30:00+00:00,98.6,6.52,1.39,26.7,15.6,5.57,30.2,247.0,0.35
2026-08-21 16:30:00+00:00,98.6,5.91,0.575,18.8,13.3,5.08,29.9,244.0,0.323
2026-08-21 17:30:00+00:00,98.6,5.54,1.12,17.6,13.4,5.04,29.8,249.0,0.515
2026-08-21 18:30:00+00:00,98.7,5.9,1.82,19.4,9.92,5.11,29.8,249.0,0.53
2026-08-21 19:30:00+00:00,98.8,6.01,1.43,20.2,10.3,5.82,29.7,249.0,0.515
2026-08-21 20:30:00+00:00,98.7,6.07,1.14,20.8,10.4,3.87,29.7,251.0,0.643
2026-08-21 21:30:00+00:00,99.0,5.82,1.17,18.8,11.6,3.73,29.0,249.0,0.625
2026-08-21 22:30:00+00:00,99.0,5.78,0.953,21.0,9.09,3.92,28.9,252.0,0.603
2026-08-21 23:30:00+00:00,99.0,5.76,1.5,17.6,9.5,3.81,28.8,248.0,0.56
2026-08-22 00:30:00+00:00,99.0,6.16,1.47,20.3,11.7,3.96,28.9,250.0,0.583
2026-08-22 01:30:00+00:00,99.0,6.22,1.26,18.8,11.9,3.64,29.1,252.0,0.57
2026-08-22 02:30:00+00:00,99.0,6.7,0.87,23.4,17.0,4.25,29.5,252.0,0.677
2026-08-22 03:30:00+00:00,99.0,7.03,0.825,22.3,20.0,3.89,29.8,255.0,0.64
2026-08-22 04:30:00+00:00,99.0,7.32,0.553,23.8,17.5,4.42,29.8,257.0,0.79
2026-08-22 06:30:00+00:00,99.1,8.66,1.22,28.1,20.4,4.97,29.5,253.0,0.633
2026-08-22 07:30:00+00:00,99.1,9.45,1.14,27.5,22.1,4.87,29.7,257.0,0.65
2026-08-22 08:30:00+00:00,99.1,9.44,0.665,29.2,21.7,4.65,29.3,256.0,0.728
2026-08-22 09:30:00+00:00,99.1,9.29,0.693,26.5,22.3,4.45,29.3,254.0,0.845
2026-08-22 10:30:00+00:00,99.1,9.67,1.2,18.8,16.0,4.43,29.4,257.0,0.745
2026-08-22 11:30:00+00:00,99.0,10.5,1.37,15.8,15.7,4.95,29.8,268.0,0.568
2026-08-22 12:30:00+00:00,99.0,11.5,1.58,30.9,16.6,4.48,29.5,251.0,0.393
2026-08-22 13:30:00+00:00,99.0,10.2,0.405,30.5,12.4,4.12,29.4,249.0,0.433
2026-08-22 14:30:00+00:00,99.1,9.55,0.917,27.7,15.7,4.21,29.3,243.0,0.318
2026-08-22 15:30:00+00:00,99.0,9.7,1.83,28.5,15.6,4.82,29.8,248.0,0.355
2026-08-22 16:30:00+00:00,99.0,9.56,2.06,22.9,14.7,5.26,29.9,242.0,0.295
2026-08-22 17:30:00+00:00,99.1,8.99,1.36,29.2,18.0,5.14,29.9,240.0,0.24
2026-08-22 18:30:00+00:00,99.1,7.78,0.76,32.8,13.9,4.94,30.1,248.0,0.33
2026-08-22 19:30:00+00:00,99.1,7.75,0.645,29.3,17.5,4.78,29.9,248.0,0.395
2026-08-22 21:30:00+00:00,99.0,8.81,1.59,38.5,19.7,8.36,30.0,271.0,0.43
2026-08-22 22:30:00+00:00,99.0,9.11,1.67,36.6,18.9,8.03,29.8,262.0,0.36
2026-08-22 23:30:00+00:00,99.1,9.03,0.685,28.1,17.6,8.4,29.7,244.0,0.198
2026-08-23 00:30:00+00:00,99.0,8.6,0.563,30.5,15.9,7.67,30.0,267.0,0.165
2026-08-23 01:30:00+00:00,99.0,9.4,1.27,30.7,12.9,7.83,30.8,303.0,0.42
2026-08-23 02:30:00+00:00,97.6,10.4,1.45,33.9,16.9,8.59,32.5,302.0,0.493
2026-08-23 03:30:00+00:00,94.8,12.0,1.24,52.1,28.6,8.54,33.1,112.0,0.42
2026-08-23 04:30:00+00:00,90.3,13.4,1.72,61.7,31.8,5.94,34.2,246.0,0.473
2026-08-23 05:30:00+00:00,84.1,13.9,3.62,74.1,35.2,6.84,35.1,309.0,0.62
2026-08-23 06:30:00+00:00,90.4,14.0,3.69,74.8,33.1,5.27,34.6,286.0,0.7
2026-08-23 07:30:00+00:00,96.0,13.2,1.86,67.9,33.0,4.71,32.2,205.0,0.527
2026-08-23 08:30:00+00:00,99.1,12.7,2.38,61.3,30.6,4.41,28.6,85.5,1.24
2026-08-23 09:30:00+00:00,99.1,11.7,1.31,41.0,20.9,4.93,29.0,193.0,0.17
2026-08-23 10:30:00+00:00,99.1,9.59,1.03,27.9,16.5,4.73,29.8,209.0,0.195
2026-08-23 11:30:00+00:00,99.1,8.77,2.38,23.9,13.6,4.3,30.4,235.0,0.21
2026-08-23 12:30:00+00:00,99.2,8.85,0.9,21.1,15.8,5.86,30.3,192.0,0.128
2026-08-23 13:30:00+00:00,99.2,8.25,1.28,25.3,16.7,6.64,30.2,211.0,0.135
2026-08-23 14:30:00+00:00,99.2,7.62,1.42,22.4,14.2,6.86,30.5,243.0,0.303
2026-08-23 15:30:00+00:00,99.2,7.25,1.93,18.2,16.9,6.56,30.5,249.0,0.365
2026-08-23 16:30:00+00:00,99.2,7.29,0.797,,,6.64,30.5,248.0,0.407
2026-08-23 17:30:00+00:00,99.2,8.12,0.47,20.6,15.5,6.49,30.4,244.0,0.38
2026-08-23 18:30:00+00:00,99.2,8.41,0.97,22.3,13.2,7.04,30.3,308.0,0.25
2026-08-23 19:30:00+00:00,99.2,9.88,1.77,29.2,18.8,7.14,30.3,39.3,0.69
2026-08-23 20:30:00+00:00,99.2,10.4,0.843,28.4,22.3,4.23,29.5,54.8,0.373
2026-08-23 21:30:00+00:00,99.2,10.5,1.13,25.5,19.9,4.1,29.2,139.0,0.1
2026-08-23 22:30:00+00:00,99.2,10.5,0.59,18.5,14.7,4.45,29.2,78.8,0.16
2026-08-23 23:30:00+00:00,99.2,10.3,1.01,13.9,15.8,4.28,29.4,217.0,0.165
2026-08-24 00:30:00+00:00,99.2,10.2,1.19,16.2,12.3,4.52,29.7,241.0,0.245
2026-08-24 01:30:00+00:00,99.2,10.6,0.72,23.2,16.9,4.73,30.1,268.0,0.193
2026-08-24 02:30:00+00:00,99.2,11.4,1.44,34.9,21.5,4.08,30.8,251.0,0.128
2026-08-24 03:30:00+00:00,99.2,11.4,1.13,36.9,22.4,4.03,30.8,260.0,0.283
2026-08-24 04:30:00+00:00,99.1,11.9,1.29,35.5,27.8,6.48,32.1,267.0,0.518
2026-08-24 05:30:00+00:00,98.3,12.4,1.29,39.6,19.5,7.16,33.4,287.0,0.613
2026-08-24 06:30:00+00:00,95.2,13.6,6.62,40.5,25.9,6.94,33.9,297.0,0.615
2026-08-24 07:30:00+00:00,97.6,23.4,9.55,42.8,21.2,3.92,32.0,237.0,0.448
2026-08-24 08:30:00+00:00,99.2,15.7,2.55,47.2,25.5,3.35,31.1,251.0,0.473
2026-08-24 09:30:00+00:00,99.1,11.7,1.94,38.5,26.6,4.52,31.1,251.0,0.357
2026-08-24 10:30:00+00:00,99.1,11.4,1.51,37.2,22.2,5.29,30.8,244.0,0.35
2026-08-24 11:30:00+00:00,99.2,11.9,1.24,32.7,19.6,5.74,30.4,248.0,0.413
2026-08-24 12:30:00+00:00,99.1,10.6,1.25,31.5,17.8,4.22,30.1,245.0,0.435
2026-08-24 13:30:00+00:00,99.2,9.87,0.597,25.5,14.3,4.05,30.1,237.0,0.183
2026-08-24 14:30:00+00:00,99.2,9.31,1.19,20.3,15.9,4.32,30.3,234.0,0.185
2026-08-24 15:30:00+00:00,99.2,9.66,1.55,23.7,15.1,5.1,30.5,245.0,0.393
2026-08-24 16:30:00+00:00,99.2,9.65,1.43,21.1,15.1,5.39,30.3,251.0,0.638
2026-08-24 17:30:00+00:00,99.2,9.36,2.12,22.6,17.3,5.21,30.1,257.0,0.683
2026-08-24 18:30:00+00:00,99.2,8.44,1.79,26.7,16.8,4.74,29.9,260.0,0.5
2026-08-24 19:30:00+00:00,99.2,8.49,1.06,21.1,14.6,4.77,29.4,272.0,0.585
2026-08-24 20:30:00+00:00,99.2,9.22,1.61,19.3,11.8,5.57,29.5,246.0,0.418
2026-08-24 21:30:00+00:00,99.2,9.0,1.64,17.7,13.0,6.58,29.7,242.0,0.36
2026-08-24 22:30:00+00:00,99.2,8.31,0.593,16.6,14.1,6.4,29.8,240.0,0.288
2026-08-24 23:30:00+00:00,99.2,7.13,0.833,19.6,10.5,5.98,29.6,248.0,0.4
2026-08-25 00:30:00+00:00,99.2,7.3,0.775,15.1,11.0,5.94,29.8,251.0,0.613
2026-08-25 01:30:00+00:00,99.2,8.25,1.48,20.9,14.5,6.24,31.2,256.0,0.665
2026-08-25 02:30:00+00:00,99.0,9.36,1.26,21.4,10.5,6.38,31.5,255.0,0.663
2026-08-25 03:30:00+00:00,98.6,9.2,1.47,20.0,13.8,6.47,31.8,254.0,0.675
2026-08-25 04:30:00+00:00,98.1,8.64,0.92,17.5,16.0,3.11,32.7,250.0,0.723
2026-08-25 05:30:00+00:00,97.2,8.35,1.76,16.8,16.0,3.02,32.4,251.0,0.753
2026-08-25 06:30:00+00:00,99.2,8.14,2.12,28.5,17.0,2.81,30.0,240.0,0.48
2026-08-25 08:30:00+00:00,89.6,7.43,2.5,30.1,23.5,3.28,34.1,246.0,0.89
2026-08-25 09:30:00+00:00,89.2,6.5,3.71,27.4,22.6,2.82,34.6,247.0,0.858
2026-08-25 10:30:00+00:00,92.6,6.13,3.63,25.3,17.4,2.61,33.7,247.0,0.79
2026-08-25 11:30:00+00:00,94.9,6.02,2.59,21.9,20.2,2.51,32.7,252.0,0.888
2026-08-25 12:30:00+00:00,98.1,6.16,2.14,21.5,15.0,5.84,31.9,249.0,0.645
2026-08-25 13:30:00+00:00,99.0,5.95,1.46,19.2,18.5,6.56,31.5,249.0,0.578
2026-08-25 14:30:00+00:00,99.1,5.6,1.9,21.5,18.8,6.63,31.1,248.0,0.538
2026-08-25 15:30:00+00:00,99.1,5.28,2.38,21.3,13.5,5.74,30.7,246.0,0.473
2026-08-25 16:30:00+00:00,99.1,5.28,1.05,16.1,14.3,5.84,30.5,249.0,0.508
2026-08-25 17:30:00+00:00,99.1,5.54,1.43,17.5,12.5,5.74,30.3,250.0,0.653
2026-08-25 18:30:00+00:00,99.1,5.59,1.9,21.5,15.4,7.02,30.1,247.0,0.555
2026-08-25 19:30:00+00:00,99.1,5.3,1.53,20.1,15.0,7.19,29.8,247.0,0.508
2026-08-25 20:30:00+00:00,99.1,5.21,1.01,20.3,12.7,3.4,29.6,247.0,0.368
2026-08-25 21:30:00+00:00,99.1,5.07,1.33,22.3,17.1,3.22,29.7,247.0,0.423
2026-08-25 22:30:00+00:00,99.1,5.29,0.718,22.2,13.0,3.32,29.6,246.0,0.49
2026-08-25 23:30:00+00:00,99.1,5.52,1.05,22.4,13.5,3.36,29.7,248.0,0.643
2026-08-26 00:30:00+00:00,99.1,5.39,1.69,26.2,12.8,3.41,29.9,250.0,0.63
2026-08-26 01:30:00+00:00,99.1,5.39,1.16,20.3,17.3,3.66,30.7,251.0,0.808
2026-08-26 02:30:00+00:00,96.6,6.26,1.29,28.9,18.8,3.1,31.9,255.0,0.95
2026-08-26 03:30:00+00:00,89.9,7.55,1.12,31.4,20.4,2.85,33.1,252.0,0.903
2026-08-26 04:30:00+00:00,88.7,8.1,1.38,30.5,18.3,3.83,33.4,259.0,0.773
2026-08-26 05:30:00+00:00,83.3,8.37,1.53,31.9,16.1,4.34,33.7,250.0,0.773
2026-08-26 06:30:00+00:00,82.1,7.55,1.98,30.0,19.9,4.3,33.5,248.0,0.735
2026-08-26 07:30:00+00:00,90.0,6.9,2.18,33.3,21.3,3.46,33.6,248.0,0.718
2026-08-26 08:30:00+00:00,89.5,7.36,1.72,32.6,22.2,3.56,33.7,249.0,0.83
2026-08-26 09:30:00+00:00,90.5,6.79,1.99,36.8,23.3,3.4,33.6,244.0,0.668
2026-08-26 10:30:00+00:00,91.4,6.02,1.59,33.2,18.8,3.8,33.2,247.0,0.74
2026-08-26 11:30:00+00:00,93.4,5.71,1.66,34.7,19.9,4.19,32.4,249.0,0.67
2026-08-26 12:30:00+00:00,97.3,5.48,2.32,31.7,21.2,4.82,31.5,249.0,0.583
2026-08-26 13:30:00+00:00,98.7,5.31,2.42,30.7,20.8,5.09,30.7,241.0,0.333
2026-08-26 14:30:00+00:00,98.7,5.45,1.98,28.9,22.8,5.29,30.3,245.0,0.368
2026-08-26 15:30:00+00:00,98.9,5.57,1.89,33.1,17.9,6.06,30.2,250.0,0.62
2026-08-26 16:30:00+00:00,99.1,5.68,1.37,30.4,13.2,6.32,30.2,249.0,0.663
2026-08-26 17:30:00+00:00,99.1,5.48,0.788,26.5,15.0,6.29,29.9,253.0,0.59
2026-08-26 18:30:00+00:00,99.1,5.17,1.24,23.8,15.1,5.53,29.8,250.0,0.563
2026-08-26 19:30:00+00:00,99.1,5.45,1.16,23.8,14.4,5.85,29.7,249.0,0.548
2026-08-26 20:30:00+00:00,99.1,5.6,1.13,23.2,14.1,5.67,29.6,246.0,0.495
2026-08-26 21:30:00+00:00,99.1,5.55,1.19,18.8,11.3,6.55,29.3,247.0,0.428
2026-08-26 22:30:00+00:00,99.1,5.28,0.793,19.4,8.7,6.39,29.0,246.0,0.515
2026-08-26 23:30:00+00:00,99.1,5.37,0.823,19.0,10.4,6.15,29.2,249.0,0.588
2026-08-27 00:30:00+00:00,99.1,5.56,0.955,19.5,10.4,6.01,29.5,250.0,0.62
2026-08-27 01:30:00+00:00,99.1,6.0,1.82,26.1,13.9,6.67,30.0,249.0,0.62
2026-08-27 02:30:00+00:00,99.0,6.26,1.29,30.7,15.3,6.78,30.4,252.0,0.625
2026-08-27 03:30:00+00:00,96.2,6.81,0.853,33.6,18.8,6.26,31.5,255.0,0.723
2026-08-27 04:30:00+00:00,86.4,7.56,1.16,36.3,21.7,5.0,33.1,257.0,0.888
2026-08-27 05:30:00+00:00,85.7,8.56,1.67,41.0,22.3,4.4,32.8,261.0,0.785
2026-08-27 06:30:00+00:00,84.5,8.87,1.94,41.6,22.2,4.6,33.0,264.0,0.925
2026-08-27 07:30:00+00:00,85.6,9.14,1.21,46.3,22.3,4.65,32.9,266.0,0.898
2026-08-27 08:30:00+00:00,87.2,9.64,1.55,47.0,24.7,4.81,32.9,266.0,0.813
2026-08-28 17:30:00+00:00,99.2,7.07,1.16,40.7,17.9,4.95,30.2,251.0,0.32
2026-08-28 18:30:00+00:00,99.1,7.24,1.08,40.6,17.9,4.71,30.1,244.0,0.325
2026-08-28 19:30:00+00:00,99.1,7.06,1.22,40.6,17.9,4.68,30.1,243.0,0.298
2026-08-28 20:30:00+00:00,99.2,7.47,1.41,39.5,18.4,5.49,29.6,247.0,0.435
2026-08-28 21:30:00+00:00,99.2,7.4,1.25,34.0,17.0,5.31,29.6,247.0,0.323
2026-08-28 22:30:00+00:00,99.2,7.17,1.03,29.0,13.3,5.92,29.4,249.0,0.44
2026-08-28 23:30:00+00:00,99.2,7.46,0.697,28.3,14.3,5.47,29.1,257.0,0.608
2026-08-29 00:30:00+00:00,99.2,8.06,1.08,29.4,15.9,5.47,28.7,261.0,0.6
2026-08-30 00:30:00+00:00,99.3,4.84,2.3,22.9,15.5,6.72,27.9,252.0,0.655
2026-08-30 01:30:00+00:00,99.3,4.35,1.97,23.9,12.9,6.24,27.6,253.0,0.72
2026-08-30 02:30:00+00:00,99.2,3.79,2.21,20.8,11.1,6.69,27.7,253.0,0.733
2026-08-30 03:30:00+00:00,99.2,3.75,2.71,20.1,12.9,5.47,27.5,255.0,0.715
2026-08-30 04:30:00+00:00,99.2,4.28,2.53,23.2,11.7,4.37,27.8,253.0,0.853
2026-08-30 05:30:00+00:00,99.2,4.4,3.31,20.4,12.2,4.89,28.0,251.0,0.6
2026-08-30 06:30:00+00:00,99.2,4.18,1.86,15.9,13.3,4.99,28.3,250.0,0.51
2026-08-30 07:30:00+00:00,99.2,3.78,1.91,18.0,12.9,4.77,28.4,258.0,0.548
2026-08-30 08:30:00+00:00,99.2,4.16,2.37,17.6,14.2,4.6,28.3,255.0,0.58
2026-08-30 09:30:00+00:00,99.2,5.32,2.95,18.0,14.3,4.14,28.3,253.0,0.685
2026-08-30 10:30:00+00:00,99.2,5.78,2.3,20.2,16.5,4.12,28.5,254.0,0.755
2026-08-30 11:30:00+00:00,99.2,5.72,2.26,21.5,14.4,3.78,28.4,253.0,0.59
2026-08-30 12:30:00+00:00,99.2,5.26,1.95,24.0,15.0,4.89,28.3,255.0,0.548
2026-08-30 13:30:00+00:00,99.2,5.04,2.4,22.4,13.7,4.74,28.2,259.0,0.578
2026-08-30 14:30:00+00:00,99.2,5.08,2.96,21.6,12.2,4.59,28.2,255.0,0.6
2026-08-30 15:30:00+00:00,99.2,5.28,2.51,23.8,13.5,4.38,28.3,253.0,0.495
2026-08-30 16:30:00+00:00,99.2,5.42,2.19,26.2,14.4,4.71,28.3,251.0,0.44
2026-08-30 17:30:00+00:00,99.2,5.24,2.04,27.9,17.2,4.85,28.1,252.0,0.488
2026-08-30 18:30:00+00:00,99.2,4.59,1.97,28.9,18.2,4.72,27.9,253.0,0.545
2026-08-30 19:30:00+00:00,99.3,4.38,2.73,26.0,17.2,4.74,27.9,248.0,0.415
2026-08-30 20:30:00+00:00,99.3,4.42,2.65,25.7,16.2,6.1,28.0,247.0,0.35
2026-08-30 21:30:00+00:00,99.3,4.33,2.67,28.9,16.5,6.41,28.0,184.0,0.22
2026-08-30 22:30:00+00:00,99.3,3.86,2.17,27.9,14.0,6.26,27.7,250.0,0.32
2026-08-30 23:30:00+00:00,99.3,3.84,2.05,27.8,12.6,5.9,27.3,253.0,0.713
2026-08-31 00:30:00+00:00,99.3,4.23,2.35,26.0,15.1,5.93,27.2,254.0,0.77
2026-08-31 01:30:00+00:00,99.3,4.55,2.62,24.0,16.5,6.22,27.3,254.0,0.68
2026-08-31 02:30:00+00:00,99.3,4.95,2.7,23.3,15.5,6.25,28.0,252.0,0.693
2026-08-31 03:30:00+00:00,99.2,4.93,1.98,22.3,15.4,6.03,28.7,258.0,0.548
2026-08-31 04:30:00+00:00,99.2,4.95,2.33,30.1,18.7,6.32,29.8,261.0,0.683
2026-08-31 05:30:00+00:00,99.1,5.19,2.69,36.5,19.9,6.26,30.2,255.0,0.588
2026-08-31 06:30:00+00:00,99.0,5.7,2.49,36.1,21.8,6.63,30.6,252.0,0.54
2026-08-31 07:30:00+00:00,99.1,5.78,2.81,35.3,21.5,6.97,30.7,246.0,0.363
2026-08-31 08:30:00+00:00,99.1,5.26,2.02,35.0,20.8,6.72,31.1,245.0,0.41
2026-08-31 09:30:00+00:00,97.2,11.4,14.3,35.0,22.9,4.04,31.5,274.0,0.613
2026-08-31 10:30:00+00:00,96.2,22.9,13.4,47.4,22.9,2.25,31.1,288.0,0.498
2026-08-31 11:30:00+00:00,99.0,17.2,6.09,55.7,22.4,2.35,30.3,221.0,0.163
2026-08-31 12:30:00+00:00,99.2,11.9,4.81,52.3,23.2,3.11,29.7,249.0,0.345
2026-08-31 13:30:00+00:00,99.2,9.33,2.77,45.3,22.3,4.06,29.6,251.0,0.445
2026-08-31 14:30:00+00:00,99.1,6.79,2.07,45.8,17.3,4.16,29.5,249.0,0.425
2026-08-31 15:30:00+00:00,99.2,5.55,1.73,44.4,17.5,4.31,29.3,247.0,0.298
2026-08-31 16:30:00+00:00,99.2,5.28,2.54,43.9,22.1,4.65,29.1,251.0,0.455
2026-08-31 17:30:00+00:00,98.8,6.11,2.58,47.5,23.4,5.38,29.1,258.0,0.498
2026-08-31 18:30:00+00:00,98.8,6.27,2.89,47.0,21.5,5.86,28.9,263.0,0.438
2026-08-31 19:30:00+00:00,99.2,5.95,1.91,45.3,18.7,5.9,28.7,250.0,0.375
2026-08-31 20:30:00+00:00,99.2,5.04,1.66,45.3,19.0,6.75,28.4,247.0,0.318
2026-08-31 21:30:00+00:00,99.2,4.52,2.87,45.2,18.6,6.47,28.3,248.0,0.31
2026-08-31 22:30:00+00:00,99.2,4.95,2.5,46.8,18.0,6.98,28.2,215.0,0.173
2026-08-31 23:30:00+00:00,99.2,4.92,3.04,45.0,20.2,7.77,27.9,201.0,0.128
2026-09-01 00:30:00+00:00,99.3,4.22,2.6,41.9,18.8,8.03,28.1,237.0,0.25
2026-09-01 01:30:00+00:00,99.2,3.64,2.22,37.7,13.9,7.36,28.5,250.0,0.483
2026-09-01 02:30:00+00:00,99.2,3.79,2.03,39.5,13.2,8.01,29.2,250.0,0.505
2026-09-01 03:30:00+00:00,98.0,4.7,2.44,40.3,15.5,7.3,30.4,255.0,0.665
2026-09-01 04:30:00+00:00,91.3,5.92,2.49,43.2,15.6,6.58,31.4,265.0,0.7
2026-09-01 05:30:00+00:00,88.2,6.57,2.54,43.6,15.6,6.75,31.8,264.0,0.773
2026-09-01 06:30:00+00:00,80.2,6.21,2.82,41.4,16.2,6.6,32.4,260.0,0.773
2026-09-01 07:30:00+00:00,77.2,5.77,2.85,39.7,16.5,6.01,32.6,268.0,0.663
2026-09-01 08:30:00+00:00,74.7,5.82,2.31,38.6,13.5,5.87,32.5,283.0,0.725
2026-09-01 09:30:00+00:00,75.4,6.61,2.76,42.0,14.8,6.08,31.9,270.0,0.595
2026-09-01 10:30:00+00:00,79.7,6.93,2.2,46.2,17.8,6.41,31.5,255.0,0.395
2026-09-01 11:30:00+00:00,88.7,7.22,2.58,52.0,20.0,5.96,31.1,248.0,0.345
2026-09-01 12:30:00+00:00,92.6,6.23,2.07,53.3,19.1,6.89,30.7,248.0,0.388
2026-09-01 13:30:00+00:00,96.5,5.55,2.98,51.2,17.2,7.21,30.5,247.0,0.328
2026-09-01 14:30:00+00:00,99.1,5.53,3.01,49.6,17.0,7.65,30.2,248.0,0.343
2026-09-01 15:30:00+00:00,98.7,5.7,2.23,51.5,20.6,7.43,30.3,265.0,0.523
2026-09-01 16:30:00+00:00,99.2,5.96,1.95,47.9,20.6,7.86,29.2,251.0,0.43
2026-09-01 17:30:00+00:00,99.2,4.96,2.55,37.0,17.4,7.46,28.5,250.0,0.39
2026-09-01 18:30:00+00:00,99.2,4.32,2.44,30.7,16.6,7.55,28.5,249.0,0.363
2026-09-01 19:30:00+00:00,99.2,4.45,3.06,29.6,15.0,7.1,28.7,247.0,0.398
2026-09-01 20:30:00+00:00,99.2,4.3,2.47,28.0,12.9,6.13,28.7,247.0,0.418
2026-09-01 21:30:00+00:00,99.2,3.88,2.54,26.0,12.9,6.57,28.6,249.0,0.528
2026-09-01 22:30:00+00:00,99.2,3.56,2.36,24.1,14.2,6.36,28.4,249.0,0.485
2026-09-01 23:30:00+00:00,99.2,3.46,2.01,21.6,13.5,6.28,28.3,251.0,0.535
2026-09-02 00:30:00+00:00,99.2,3.63,3.48,20.5,10.7,6.59,28.6,254.0,0.623
2026-09-02 01:30:00+00:00,99.1,4.62,2.91,21.1,9.27,6.86,29.1,262.0,0.735
2026-09-02 02:30:00+00:00,95.8,5.18,1.87,26.0,10.9,6.98,30.4,272.0,0.83
2026-09-02 03:30:00+00:00,88.1,5.73,2.86,33.7,11.2,6.02,31.5,275.0,0.933
2026-09-02 04:30:00+00:00,86.5,5.64,2.92,36.2,13.1,5.87,31.8,280.0,0.69
2026-09-02 05:30:00+00:00,77.0,5.72,2.72,36.0,14.7,5.87,32.5,277.0,0.853
2026-09-02 06:30:00+00:00,74.3,6.28,2.78,35.3,14.9,6.03,32.6,286.0,0.953
2026-09-02 07:30:00+00:00,76.9,6.45,2.33,34.5,14.9,5.64,31.9,291.0,1.08
2026-09-02 08:30:00+00:00,79.5,6.62,2.3,33.6,12.7,5.43,31.4,289.0,1.11
2026-09-02 09:30:00+00:00,87.9,6.56,2.63,33.2,12.4,4.71,30.4,294.0,0.85
2026-09-02 10:30:00+00:00,96.3,6.27,2.5,37.1,14.2,4.64,29.7,299.0,0.668
2026-09-02 11:30:00+00:00,99.1,6.4,2.48,40.9,15.7,4.9,28.8,273.0,0.43
2026-09-02 12:30:00+00:00,99.2,6.35,2.4,35.1,16.6,6.84,28.3,249.0,0.338
2026-09-02 13:30:00+00:00,99.2,5.81,2.68,27.6,13.8,7.07,28.5,251.0,0.47
2026-09-02 14:30:00+00:00,99.2,4.99,2.05,25.0,13.0,6.49,28.4,251.0,0.513
2026-09-02 15:30:00+00:00,99.2,4.55,1.96,22.2,11.0,6.59,28.0,249.0,0.568
2026-09-02 16:30:00+00:00,99.3,4.36,2.89,21.4,10.9,7.53,27.8,247.0,0.503
2026-09-02 17:30:00+00:00,99.3,4.28,2.89,20.1,10.0,7.87,27.6,250.0,0.528
2026-09-02 18:30:00+00:00,99.3,4.44,3.0,18.3,11.6,8.16,27.6,248.0,0.508
2026-09-02 19:30:00+00:00,99.3,4.05,1.9,16.2,10.7,7.06,27.5,249.0,0.585
2026-09-02 20:30:00+00:00,99.2,3.85,1.67,15.6,8.0,5.76,27.7,250.0,0.583
2026-09-02 21:30:00+00:00,99.2,3.68,2.71,13.1,6.26,6.12,27.8,250.0,0.715
2026-09-02 22:30:00+00:00,99.2,4.15,2.7,13.6,6.79,5.98,27.4,253.0,0.818
2026-09-02 23:30:00+00:00,99.2,4.89,2.98,14.5,6.84,5.91,27.1,250.0,0.72
2026-09-03 00:30:00+00:00,99.3,4.34,2.43,11.8,7.56,6.55,26.8,249.0,0.663
2026-09-03 01:30:00+00:00,99.3,3.98,1.98,9.35,6.74,6.05,26.3,248.0,0.658
2026-09-03 02:30:00+00:00,99.2,3.84,2.05,7.33,5.1,6.22,26.7,247.0,0.698
2026-09-03 03:30:00+00:00,99.2,4.02,3.06,7.78,5.62,5.35,27.2,248.0,0.655
2026-09-03 04:30:00+00:00,99.3,4.43,4.74,10.4,5.0,5.21,26.9,250.0,0.673
2026-09-03 05:30:00+00:00,99.3,5.93,7.42,9.49,5.84,2.68,26.9,251.0,0.838
2026-09-03 06:30:00+00:00,99.3,6.16,7.92,9.07,5.73,0.85,27.2,247.0,0.608
2026-09-03 07:30:00+00:00,99.3,6.14,6.76,9.22,6.0,1.5,27.6,246.0,0.54
2026-09-03 08:30:00+00:00,99.2,5.22,5.21,7.68,5.31,1.97,27.9,247.0,0.463
2026-09-03 09:30:00+00:00,99.2,3.89,2.78,9.14,4.31,3.5,28.1,246.0,0.428
2026-09-03 10:30:00+00:00,99.2,3.54,2.94,12.2,6.39,3.74,28.6,247.0,0.383
2026-09-03 11:30:00+00:00,99.2,3.39,1.79,12.7,7.26,4.64,28.8,246.0,0.363
2026-09-03 12:30:00+00:00,99.2,3.3,2.0,13.0,6.97,6.79,28.6,247.0,0.378
2026-09-03 13:30:00+00:00,99.2,3.54,2.73,13.0,6.88,7.32,28.5,243.0,0.335
2026-09-03 14:30:00+00:00,99.2,3.8,3.12,12.9,9.04,8.23,28.3,242.0,0.303
2026-09-03 15:30:00+00:00,99.2,3.79,3.05,13.5,8.73,8.45,28.2,243.0,0.295
2026-09-03 16:30:00+00:00,99.3,3.53,2.07,15.3,9.46,8.76,27.9,242.0,0.23
2026-09-03 17:30:00+00:00,99.3,3.16,2.15,16.1,10.1,8.45,27.9,228.0,0.118
2026-09-03 18:30:00+00:00,99.3,3.1,2.37,14.3,10.3,8.8,28.0,226.0,0.13
2026-09-03 19:30:00+00:00,99.3,3.39,3.29,11.0,9.21,8.05,28.2,235.0,0.23
2026-09-03 20:30:00+00:00,99.3,3.36,3.37,10.1,9.22,5.88,28.3,239.0,0.275
2026-09-03 21:30:00+00:00,99.3,3.24,2.06,10.7,10.3,6.1,28.3,228.0,0.12
2026-09-03 22:30:00+00:00,99.3,2.81,2.12,11.9,11.5,5.49,28.3,241.0,0.188
2026-09-03 23:30:00+00:00,99.3,2.85,1.64,13.9,10.9,5.92,28.4,244.0,0.26
2026-09-04 00:30:00+00:00,99.3,2.91,2.72,15.2,12.3,5.32,28.6,244.0,0.275
2026-09-04 01:30:00+00:00,99.2,3.12,2.78,15.1,12.2,5.67,29.2,247.0,0.373
2026-09-04 02:30:00+00:00,99.2,3.28,2.52,18.3,10.5,5.67,30.0,245.0,0.4
2026-09-04 03:30:00+00:00,98.5,3.28,2.23,18.5,12.5,5.37,31.8,250.0,0.478
2026-09-04 04:30:00+00:00,95.1,3.55,2.81,18.2,11.9,6.76,32.7,243.0,0.518
2026-09-04 05:30:00+00:00,91.0,3.8,2.9,21.0,10.8,6.49,33.2,244.0,0.53
2026-09-04 06:30:00+00:00,81.5,4.31,2.83,22.6,13.4,6.27,34.2,249.0,0.453
2026-09-04 07:30:00+00:00,72.6,4.39,2.73,25.1,17.3,7.06,34.7,243.0,0.515
2026-09-04 08:30:00+00:00,71.2,4.09,3.1,25.3,16.2,6.52,34.9,255.0,0.563
2026-09-04 09:30:00+00:00,71.5,3.77,4.89,25.3,12.7,5.74,34.6,243.0,0.51
2026-09-04 10:30:00+00:00,72.9,3.65,6.15,24.9,11.5,5.43,34.1,243.0,0.418
2026-09-04 11:30:00+00:00,83.2,3.6,2.74,24.9,12.9,6.04,33.0,216.0,0.2
2026-09-04 12:30:00+00:00,91.1,4.19,3.1,27.6,15.6,7.18,31.4,285.0,0.873
2026-09-04 13:30:00+00:00,91.6,5.4,2.28,28.8,16.3,7.58,30.6,266.0,0.765
2026-09-04 14:30:00+00:00,93.1,5.01,2.66,28.2,13.3,7.18,30.1,252.0,0.625
2026-09-04 15:30:00+00:00,96.5,4.36,2.1,26.6,11.2,7.68,29.8,251.0,0.4
2026-09-04 16:30:00+00:00,99.2,4.43,2.58,28.1,12.4,7.02,29.3,234.0,0.185
2026-09-04 17:30:00+00:00,99.2,4.1,2.77,25.1,16.0,7.64,29.2,192.0,0.1
2026-09-04 18:30:00+00:00,99.2,3.64,2.45,23.8,15.2,7.73,28.9,238.0,0.203
2026-09-04 19:30:00+00:00,99.2,3.09,2.14,20.6,13.1,7.32,28.7,234.0,0.18
2026-09-04 20:30:00+00:00,99.2,2.96,2.09,16.5,10.9,7.64,28.4,231.0,0.155
2026-09-04 21:30:00+00:00,99.2,2.86,2.61,16.5,8.71,7.76,28.7,242.0,0.238
2026-09-04 22:30:00+00:00,99.2,3.08,2.34,16.5,7.51,7.42,28.9,235.0,0.188
2026-09-04 23:30:00+00:00,99.2,3.14,2.48,16.0,7.39,7.77,28.8,234.0,0.155
2026-09-05 00:30:00+00:00,99.2,2.86,2.02,14.2,7.54,7.7,29.2,246.0,0.258
2026-09-05 01:30:00+00:00,99.2,2.78,2.25,11.6,8.15,7.61,29.9,246.0,0.375
2026-09-05 02:30:00+00:00,98.0,2.97,2.25,14.2,7.07,7.93,30.7,244.0,0.46
2026-09-05 03:30:00+00:00,90.6,3.49,2.37,15.6,6.37,7.35,31.9,244.0,0.585
2026-09-05 04:30:00+00:00,80.2,3.82,2.65,15.4,8.93,7.4,33.2,245.0,0.525
2026-09-05 05:30:00+00:00,72.4,4.11,2.3,19.1,11.6,7.33,34.4,247.0,0.663
2026-09-05 06:30:00+00:00,75.9,4.0,3.71,25.6,13.4,6.41,33.6,247.0,0.493
2026-09-05 07:30:00+00:00,90.3,3.72,3.3,27.2,15.5,6.19,32.4,255.0,0.443
2026-09-05 08:30:00+00:00,91.0,4.17,2.93,29.6,13.8,6.81,32.4,255.0,0.458
2026-09-05 09:30:00+00:00,90.6,4.75,2.6,31.7,15.1,7.1,32.6,255.0,0.393
2026-09-05 10:30:00+00:00,84.4,4.44,2.88,34.4,19.3,7.04,32.8,251.0,0.495
2026-09-05 11:30:00+00:00,92.1,3.91,4.14,32.8,16.9,5.73,32.0,245.0,0.315
2026-09-05 12:30:00+00:00,98.8,3.78,4.02,30.2,16.5,5.64,31.0,220.0,0.173
2026-09-05 13:30:00+00:00,99.1,3.9,2.62,30.7,15.2,6.24,31.1,240.0,0.233
2026-09-05 14:30:00+00:00,99.2,4.11,3.08,34.5,15.1,6.36,30.6,159.0,0.148
2026-09-05 15:30:00+00:00,99.2,4.03,3.01,38.8,17.8,6.49,30.7,160.0,0.12
2026-09-05 16:30:00+00:00,99.2,3.9,1.81,41.9,19.0,6.47,30.4,213.0,0.16
2026-09-05 17:30:00+00:00,99.2,3.21,2.27,41.2,18.3,5.8,30.5,248.0,0.403
2026-09-05 18:30:00+00:00,99.2,3.35,2.39,39.7,17.2,5.85,30.2,249.0,0.4
2026-09-05 19:30:00+00:00,99.2,3.51,3.09,34.0,13.6,4.89,30.0,247.0,0.248
2026-09-05 20:30:00+00:00,99.2,3.61,2.4,25.3,11.8,4.25,29.9,238.0,0.26
2026-09-05 21:30:00+00:00,99.2,3.71,2.16,24.0,10.2,4.81,29.2,231.0,0.215
2026-09-05 22:30:00+00:00,99.3,3.44,2.25,23.1,8.83,4.52,28.8,207.0,0.13
2026-09-05 23:30:00+00:00,99.3,3.28,2.35,18.1,9.21,4.74,28.9,204.0,0.135
2026-09-06 00:30:00+00:00,99.3,3.24,3.09,18.7,10.3,5.1,29.6,246.0,0.32
2026-09-06 01:30:00+00:00,99.2,3.3,2.29,17.0,10.1,4.82,30.6,251.0,0.493
2026-09-06 02:30:00+00:00,99.2,3.65,2.4,14.3,8.31,5.01,31.3,257.0,0.603
2026-09-06 03:30:00+00:00,97.8,4.18,2.07,22.0,10.6,4.64,32.2,254.0,0.473
2026-09-06 04:30:00+00:00,91.0,4.5,2.59,31.6,15.0,7.61,33.6,242.0,0.383
2026-09-06 05:30:00+00:00,79.0,5.32,3.01,34.5,17.8,7.34,34.8,252.0,0.595
2026-09-06 06:30:00+00:00,71.7,6.23,3.21,37.8,18.9,7.53,35.5,252.0,0.608
2026-09-06 07:30:00+00:00,83.0,6.33,3.05,46.5,19.0,7.21,34.0,241.0,0.538
2026-09-06 08:30:00+00:00,97.5,5.83,5.92,46.3,21.3,6.63,32.5,234.0,0.385
2026-09-06 09:30:00+00:00,76.5,5.72,8.02,44.7,21.5,7.38,34.6,253.0,0.513
2026-09-06 10:30:00+00:00,74.0,5.21,4.57,40.7,22.1,7.23,34.5,249.0,0.393
2026-09-06 11:30:00+00:00,81.8,4.5,3.5,41.0,22.0,6.24,33.5,187.0,0.183
2026-09-06 12:30:00+00:00,95.2,3.85,3.5,36.3,21.8,4.95,32.3,158.0,0.138
2026-09-06 13:30:00+00:00,99.2,4.19,4.11,31.7,18.9,4.77,31.5,157.0,0.125
2026-09-06 14:30:00+00:00,98.9,4.16,3.85,33.6,16.4,4.85,31.2,161.0,0.113
2026-09-06 15:30:00+00:00,98.9,3.66,3.16,34.7,17.5,4.76,31.1,182.0,0.085
2026-09-06 16:30:00+00:00,98.9,3.34,2.92,31.7,17.2,5.68,31.2,178.0,0.113
2026-09-06 17:30:00+00:00,98.9,3.24,2.21,31.4,18.5,5.99,30.6,166.0,0.115
2026-09-06 18:30:00+00:00,98.9,3.28,2.35,32.0,18.1,6.11,30.6,237.0,0.225
2026-09-06 19:30:00+00:00,99.0,3.12,3.39,34.4,17.3,5.54,30.7,244.0,0.278
2026-09-06 20:30:00+00:00,99.2,3.12,2.4,33.6,16.8,9.66,30.4,237.0,0.178
2026-09-06 21:30:00+00:00,99.2,3.14,2.78,33.2,15.8,9.97,30.2,239.0,0.218
2026-09-06 22:30:00+00:00,99.2,3.24,2.8,32.4,16.1,10.4,30.0,237.0,0.213
2026-09-06 23:30:00+00:00,99.2,3.1,2.27,28.8,16.8,10.2,29.9,245.0,0.215
2026-09-07 00:30:00+00:00,99.2,2.98,2.74,25.5,15.4,9.9,30.6,247.0,0.305
2026-09-07 01:30:00+00:00,98.9,3.05,3.06,24.5,13.5,9.79,31.8,255.0,0.473
2026-09-07 02:30:00+00:00,91.8,4.05,2.43,20.0,12.5,9.84,33.5,260.0,0.573
2026-09-07 03:30:00+00:00,75.8,5.4,2.59,17.4,12.1,8.38,35.1,257.0,0.588
2026-09-07 04:30:00+00:00,70.5,7.53,11.7,,17.6,5.2,36.0,261.0,0.555
2026-09-07 05:30:00+00:00,70.4,11.2,24.2,50.6,20.4,3.92,35.9,270.0,0.46
2026-09-07 06:30:00+00:00,64.8,10.7,28.5,,,4.21,36.8,269.0,0.61
2026-09-07 07:30:00+00:00,61.6,12.3,31.9,,,1.94,36.8,266.0,0.743
2026-09-07 08:30:00+00:00,65.5,10.8,25.0,,,2.01,35.8,252.0,0.625
2026-09-07 09:30:00+00:00,65.9,11.1,15.5,,,2.86,35.4,255.0,0.558
2026-09-07 10:30:00+00:00,68.7,6.79,6.98,38.8,34.9,3.23,34.7,251.0,0.555
2026-09-07 11:30:00+00:00,71.4,10.3,9.15,40.5,31.0,3.19,34.8,152.0,0.43
2026-09-07 12:30:00+00:00,81.0,13.3,4.51,45.5,28.9,5.77,34.2,86.3,0.223
2026-09-07 13:30:00+00:00,98.6,7.48,2.92,64.9,33.2,5.75,33.2,169.0,0.2
2026-09-07 14:30:00+00:00,97.1,6.21,2.69,74.4,33.7,5.82,32.9,184.0,0.15
2026-09-07 15:30:00+00:00,99.0,5.68,1.96,69.8,32.5,6.61,32.6,157.0,0.15
2026-09-07 16:30:00+00:00,99.3,5.56,3.42,67.4,33.1,5.78,32.0,183.0,0.128
2026-09-07 17:30:00+00:00,99.3,5.0,4.14,64.6,32.3,6.06,31.6,168.0,0.12
2026-09-07 18:30:00+00:00,99.3,4.05,2.59,60.7,29.2,6.88,31.4,229.0,0.14
2026-09-07 19:30:00+00:00,99.4,3.92,1.97,54.5,24.6,6.88,31.2,193.0,0.13
2026-09-07 20:30:00+00:00,99.4,3.79,2.61,47.0,20.3,6.13,30.9,169.0,0.12
2026-09-07 21:30:00+00:00,99.4,3.49,2.16,40.1,17.7,6.17,30.9,246.0,0.278
2026-09-07 22:30:00+00:00,99.4,3.52,1.77,35.5,16.2,6.02,30.7,218.0,0.158
2026-09-07 23:30:00+00:00,99.5,3.7,2.68,34.0,15.2,5.92,30.7,192.0,0.128
2026-09-08 00:30:00+00:00,99.5,3.66,2.57,35.8,16.8,6.46,31.6,233.0,0.22
2026-09-08 01:30:00+00:00,97.8,4.11,2.17,39.7,16.6,6.56,32.9,257.0,0.365
2026-09-08 02:30:00+00:00,87.0,5.0,1.95,41.6,18.9,6.33,34.5,272.0,0.503
2026-09-08 03:30:00+00:00,75.2,6.14,4.08,44.9,20.3,5.49,35.7,264.0,0.408
2026-09-08 04:30:00+00:00,70.6,7.84,6.62,52.0,20.6,6.01,36.3,312.0,0.543
2026-09-08 05:30:00+00:00,68.6,8.17,4.39,65.4,23.4,6.59,35.5,323.0,0.46
2026-09-08 06:30:00+00:00,67.0,13.9,28.9,68.8,23.9,5.08,35.8,298.0,0.56
2026-09-08 07:30:00+00:00,61.0,15.7,30.1,41.2,10.3,3.81,36.5,293.0,0.81
2026-09-08 08:30:00+00:00,63.0,11.9,19.1,59.4,15.5,2.85,36.7,275.0,0.63
2026-09-08 09:30:00+00:00,68.4,11.0,34.8,55.6,17.8,3.06,36.1,261.0,0.525
2026-09-08 10:30:00+00:00,68.1,12.6,16.5,52.2,16.2,3.41,34.9,256.0,0.545
2026-09-08 11:30:00+00:00,74.2,9.17,3.46,52.5,16.9,3.63,33.5,232.0,0.233
2026-09-08 12:30:00+00:00,85.0,9.08,2.74,55.6,20.5,5.69,32.7,188.0,0.193
2026-09-08 13:30:00+00:00,84.9,12.9,5.0,60.5,19.8,6.32,32.7,244.0,0.278
2026-09-08 17:30:00+00:00,,5.48,3.01,48.7,23.1,7.6,31.3,245.0,0.39
2026-09-08 18:30:00+00:00,,5.93,3.13,52.2,22.8,7.28,31.2,243.0,0.27
2026-09-08 19:30:00+00:00,100.0,5.61,3.18,52.1,19.3,6.89,31.0,250.0,0.315
2026-09-08 20:30:00+00:00,98.9,5.3,3.18,47.2,15.8,6.31,30.7,257.0,0.398
2026-09-08 21:30:00+00:00,99.5,5.09,2.68,43.2,16.3,6.86,30.4,255.0,0.313
2026-09-08 22:30:00+00:00,99.7,5.2,2.7,40.1,17.0,6.93,30.2,233.0,0.193
2026-09-08 23:30:00+00:00,,5.11,1.96,36.6,14.8,6.67,30.0,232.0,0.243
2026-09-09 00:30:00+00:00,98.0,5.52,2.9,35.4,13.5,6.18,30.6,277.0,0.323
2026-09-09 01:30:00+00:00,92.0,6.47,2.5,37.2,14.1,6.49,31.8,305.0,0.475
2026-09-09 02:30:00+00:00,76.1,6.88,2.09,46.3,17.7,6.52,33.9,242.0,0.393
2026-09-09 03:30:00+00:00,69.8,8.45,3.69,57.1,22.4,6.3,35.3,334.0,0.553
2026-09-09 04:30:00+00:00,68.5,8.9,4.77,61.6,22.9,7.05,36.0,311.0,0.753
2026-09-09 05:30:00+00:00,65.0,8.97,7.6,64.1,22.6,7.15,37.3,340.0,0.628
2026-09-09 06:30:00+00:00,62.4,8.78,9.38,63.9,23.9,6.47,37.1,272.0,0.64
2026-09-09 07:30:00+00:00,59.6,8.18,6.64,64.1,23.6,6.3,37.1,342.0,0.598
2026-09-09 08:30:00+00:00,60.3,9.08,5.63,66.4,22.9,6.92,36.7,319.0,0.538
2026-09-09 09:30:00+00:00,59.2,9.32,7.11,65.7,23.7,6.72,36.5,309.0,0.585
2026-09-09 10:30:00+00:00,62.0,11.5,11.7,67.3,24.9,6.6,36.0,314.0,0.435
2026-09-09 11:30:00+00:00,71.3,9.27,5.62,67.6,24.4,5.87,30.8,95.1,1.05
2026-09-09 12:30:00+00:00,,7.83,4.7,63.7,22.8,6.01,29.9,166.0,0.185
2026-09-09 13:30:00+00:00,,5.85,2.52,55.7,22.3,7.04,30.5,180.0,0.185
2026-09-09 14:30:00+00:00,,7.69,2.44,60.9,24.1,7.52,30.9,158.0,0.2
2026-09-09 15:30:00+00:00,,8.85,2.03,74.3,26.3,7.46,31.0,151.0,0.168
2026-09-09 16:30:00+00:00,,14.4,3.08,88.1,33.2,7.14,30.9,192.0,0.155
2026-09-09 17:30:00+00:00,,12.8,3.54,103.0,42.1,7.26,30.8,155.0,0.0875
2026-09-09 18:30:00+00:00,,8.92,2.72,104.0,45.2,7.52,30.7,183.0,0.145
2026-09-09 19:30:00+00:00,,7.77,2.37,100.0,44.0,8.13,30.7,167.0,0.085
2026-09-09 20:30:00+00:00,,7.2,2.28,91.2,39.9,8.75,30.3,277.0,0.0775
2026-09-09 21:30:00+00:00,,7.79,2.73,76.4,34.0,8.36,30.0,99.3,0.203
2026-09-09 22:30:00+00:00,,8.12,2.34,67.4,30.6,8.17,29.9,241.0,0.123
2026-09-09 23:30:00+00:00,,7.64,2.6,62.3,28.9,8.61,29.7,178.0,0.15
2026-09-10 00:30:00+00:00,99.5,7.51,2.53,59.8,29.6,8.99,30.2,302.0,0.293
2026-09-10 01:30:00+00:00,95.2,7.93,1.83,61.8,33.4,9.09,31.5,305.0,0.508
2026-09-10 02:30:00+00:00,81.5,8.9,4.62,62.8,33.3,8.41,33.1,257.0,0.558
2026-09-10 03:30:00+00:00,74.3,9.18,6.39,62.4,29.7,7.28,34.1,337.0,0.49
2026-09-10 04:30:00+00:00,68.2,10.7,11.0,64.0,28.1,7.19,35.3,99.0,0.785
2026-09-10 05:30:00+00:00,66.4,12.4,6.47,65.7,28.3,6.45,35.3,192.0,1.0
2026-09-10 06:30:00+00:00,66.6,13.2,19.6,71.2,28.5,6.65,35.5,228.0,0.64
2026-09-10 07:30:00+00:00,75.1,17.2,27.3,73.0,25.4,4.97,34.9,110.0,0.915
2026-09-10 08:30:00+00:00,80.9,16.7,21.2,72.4,24.6,1.75,34.6,28.1,0.545
2026-09-10 09:30:00+00:00,86.7,18.2,20.5,69.6,23.4,1.84,29.4,82.0,1.11
2026-09-10 10:30:00+00:00,,18.0,9.55,57.3,19.6,0.11,28.4,255.0,0.443
2026-09-10 11:30:00+00:00,,12.8,2.46,51.1,20.4,1.56,28.7,234.0,0.153
2026-09-10 12:30:00+00:00,,10.5,2.19,50.8,22.1,4.96,29.0,151.0,0.138
2026-09-10 13:30:00+00:00,,7.87,2.66,40.6,20.5,4.53,29.0,229.0,0.233
2026-09-10 14:30:00+00:00,,6.08,2.65,33.3,19.4,4.88,28.7,244.0,0.313
2026-09-10 15:30:00+00:00,,5.17,4.31,30.8,17.2,5.63,28.6,219.0,0.193
2026-09-10 16:30:00+00:00,,4.86,2.3,26.4,13.9,6.31,28.7,238.0,0.32
2026-09-10 17:30:00+00:00,,4.57,2.9,22.6,12.1,6.59,28.3,241.0,0.273
2026-09-10 18:30:00+00:00,,4.23,2.89,19.5,10.5,6.61,28.2,221.0,0.18
2026-09-10 19:30:00+00:00,,3.86,2.09,14.8,10.2,6.44,28.3,203.0,0.163
2026-09-10 20:30:00+00:00,,4.13,2.53,15.9,9.08,7.05,28.4,190.0,0.118
2026-09-10 21:30:00+00:00,,5.29,2.68,20.3,11.0,7.14,28.6,172.0,0.125
2026-09-10 22:30:00+00:00,,5.82,2.24,28.2,14.5,7.58,28.6,161.0,0.123
2026-09-10 23:30:00+00:00,,5.99,2.13,44.6,17.1,7.4,28.9,54.9,0.225
2026-09-11 00:30:00+00:00,,8.4,2.92,62.7,28.7,6.89,29.2,31.6,0.375
2026-09-11 01:30:00+00:00,,7.9,3.82,65.4,34.3,6.95,29.9,34.4,0.86
2026-09-11 02:30:00+00:00,,7.98,2.7,59.7,31.0,7.56,31.2,31.5,1.24
2026-09-11 03:30:00+00:00,97.8,9.28,2.81,63.8,31.3,8.32,31.8,34.4,1.13
2026-09-11 04:30:00+00:00,93.2,8.97,2.64,66.7,28.6,8.44,32.4,38.3,0.898
2026-09-11 05:30:00+00:00,80.0,9.45,6.68,59.3,25.4,7.8,33.7,31.2,1.24
2026-09-11 06:30:00+00:00,72.3,10.3,11.8,54.0,25.6,7.86,34.8,34.0,1.07
2026-09-11 07:30:00+00:00,71.3,9.51,6.57,50.3,25.3,7.74,34.6,38.1,0.865
2026-09-11 08:30:00+00:00,73.3,8.61,5.31,44.5,23.6,7.18,33.8,36.1,1.02
2026-09-11 09:30:00+00:00,72.6,9.27,6.57,41.8,22.7,8.47,33.7,31.9,1.32
2026-09-11 10:30:00+00:00,77.3,9.74,11.8,44.1,22.8,7.74,33.1,51.8,0.373
2026-09-11 11:30:00+00:00,85.3,8.97,13.2,48.6,21.4,7.25,32.2,124.0,0.243
2026-09-11 12:30:00+00:00,,6.35,6.01,43.2,19.1,6.92,29.8,101.0,0.398
2026-09-11 13:30:00+00:00,,6.07,2.46,32.8,15.4,7.28,27.8,40.7,0.5
2026-09-11 14:30:00+00:00,,6.64,2.79,28.0,11.3,7.39,28.1,34.7,0.57
2026-09-11 15:30:00+00:00,,7.33,2.07,24.8,10.1,7.04,28.4,35.0,0.59
2026-09-11 16:30:00+00:00,,7.6,3.36,26.2,9.4,6.93,28.8,32.1,0.893
2026-09-11 17:30:00+00:00,,6.54,4.15,31.7,10.7,7.19,28.9,32.8,1.33
2026-09-11 18:30:00+00:00,,6.18,3.07,31.1,11.7,7.66,28.4,29.1,1.03
2026-09-11 19:30:00+00:00,,5.96,2.77,25.5,9.2,7.38,28.4,33.4,0.88
2026-09-11 20:30:00+00:00,,5.89,3.09,22.0,6.78,6.28,28.4,41.9,0.558
2026-09-11 21:30:00+00:00,,5.42,2.78,21.9,7.13,6.09,28.2,35.0,0.85
2026-09-11 22:30:00+00:00,,4.83,3.49,23.0,9.1,5.79,28.1,40.7,0.495
2026-09-11 23:30:00+00:00,,5.02,2.5,23.9,8.38,6.03,28.3,104.0,0.168
2026-09-12 00:30:00+00:00,,5.58,2.34,22.3,8.22,6.19,28.7,49.4,0.375
2026-09-12 01:30:00+00:00,,5.64,2.44,19.1,11.1,6.49,29.2,92.4,0.245
2026-09-12 02:30:00+00:00,,5.01,3.17,15.1,10.8,5.72,29.6,74.3,0.27
2026-09-12 03:30:00+00:00,,4.58,3.41,13.5,7.78,5.4,30.3,92.2,0.223
2026-09-12 04:30:00+00:00,98.4,4.59,4.57,14.4,6.63,6.37,31.3,57.5,0.353
2026-09-12 05:30:00+00:00,96.0,5.07,2.69,14.3,6.47,6.99,31.8,95.1,0.148
2026-09-12 06:30:00+00:00,95.6,5.15,2.81,14.6,5.47,6.55,31.6,68.8,0.268
2026-09-12 07:30:00+00:00,86.6,5.32,4.74,16.0,4.21,6.21,33.1,77.4,0.308
2026-09-12 08:30:00+00:00,93.4,4.9,4.36,14.4,3.38,5.27,29.9,169.0,0.205
2026-09-12 09:30:00+00:00,,4.6,3.0,11.0,2.76,5.58,28.9,118.0,0.14
2026-09-12 10:30:00+00:00,,4.46,2.73,11.2,3.55,5.86,30.0,82.5,0.225
2026-09-12 11:30:00+00:00,,4.59,2.34,10.4,3.99,6.18,29.9,101.0,0.18
2026-09-12 12:30:00+00:00,,4.65,2.44,9.85,3.05,7.32,29.3,158.0,0.155
2026-09-12 13:30:00+00:00,,4.47,3.09,9.27,2.29,6.77,28.6,149.0,0.198
2026-09-12 14:30:00+00:00,,4.71,3.52,9.08,1.75,7.12,28.0,226.0,0.0825
2026-09-12 15:30:00+00:00,,4.67,2.79,8.98,3.46,7.71,28.1,143.0,0.105
2026-09-12 16:30:00+00:00,,4.6,2.89,7.22,4.66,8.0,28.2,99.1,0.178
2026-09-12 17:30:00+00:00,,4.34,2.93,6.5,3.76,7.91,28.1,74.3,0.155
2026-09-12 18:30:00+00:00,,4.12,3.23,7.36,4.09,7.6,27.9,87.5,0.228
2026-09-12 19:30:00+00:00,,3.9,2.87,7.21,4.04,6.51,27.9,65.0,0.213
2026-09-12 20:30:00+00:00,,3.94,2.25,5.88,2.94,7.27,27.8,77.3,0.28
2026-09-12 21:30:00+00:00,,4.67,2.79,7.56,2.46,7.83,27.9,90.2,0.268
2026-09-12 22:30:00+00:00,,5.89,3.0,8.11,2.08,6.5,30.2,58.8,0.188
2026-09-12 23:30:00+00:00,,6.95,3.0,8.22,4.1,8.19,27.4,202.0,0.0625
2026-09-13 00:30:00+00:00,99.0,7.99,2.82,11.4,5.93,8.4,28.5,241.0,0.085
2026-09-13 01:30:00+00:00,99.1,9.07,2.69,11.4,4.86,8.79,28.3,299.0,0.0825
2026-09-13 02:30:00+00:00,98.9,,1.32,10.2,3.95,9.17,27.3,182.0,0.125
2026-09-13 03:30:00+00:00,98.5,8.84,1.81,12.5,6.64,4.81,28.8,215.0,0.165
2026-09-13 04:30:00+00:00,96.5,6.44,2.53,13.1,10.2,6.44,30.6,239.0,0.14
2026-09-13 05:30:00+00:00,91.4,2.42,3.17,15.4,9.52,4.89,32.2,241.0,0.305
2026-09-13 06:30:00+00:00,92.3,,3.35,17.9,9.8,3.96,31.1,248.0,0.38
2026-09-13 07:30:00+00:00,98.5,,3.1,17.5,10.6,4.23,28.2,246.0,0.473
2026-09-13 08:30:00+00:00,98.5,,3.21,15.6,8.48,4.54,27.9,248.0,0.43
2026-09-13 09:30:00+00:00,98.5,,2.47,15.5,6.73,4.61,28.9,225.0,0.21
2026-09-13 10:30:00+00:00,98.5,,2.53,14.1,6.53,4.46,28.5,254.0,0.2
2026-09-13 11:30:00+00:00,98.5,,2.31,11.2,6.9,5.05,28.0,213.0,0.143
2026-09-13 12:30:00+00:00,98.5,,3.23,11.8,7.06,9.86,27.6,161.0,0.103
2026-09-13 13:30:00+00:00,98.6,,2.98,11.3,6.14,10.4,27.5,138.0,0.128
2026-09-13 14:30:00+00:00,98.6,,2.99,9.91,4.73,10.4,27.3,88.4,0.138
2026-09-13 15:30:00+00:00,98.5,,2.01,12.3,5.2,10.4,27.1,153.0,0.1
2026-09-13 16:30:00+00:00,98.5,,2.28,16.6,8.17,9.9,27.2,140.0,0.11
2026-09-13 17:30:00+00:00,98.6,4.09,2.58,20.9,8.51,10.1,26.8,149.0,0.0975
2026-09-13 18:30:00+00:00,98.6,5.11,3.46,19.4,6.8,10.8,26.7,150.0,0.118
2026-09-13 19:30:00+00:00,98.6,5.26,2.97,17.2,6.94,10.1,26.6,143.0,0.09
2026-09-13 20:30:00+00:00,98.6,4.61,2.46,18.5,6.51,8.59,26.8,122.0,0.0925
2026-09-13 21:30:00+00:00,98.6,4.35,2.12,19.3,5.55,7.77,26.9,98.8,0.123
2026-09-13 22:30:00+00:00,98.6,4.16,2.49,18.0,7.93,8.03,26.9,80.4,0.168
2026-09-13 23:30:00+00:00,98.6,4.21,3.41,15.1,8.91,8.36,27.0,87.7,0.158
2026-09-14 00:30:00+00:00,98.6,4.24,2.58,15.2,8.13,8.06,27.9,88.2,0.2
2026-09-14 01:30:00+00:00,97.5,4.2,2.51,14.9,7.57,8.18,29.5,82.5,0.245
2026-09-14 02:30:00+00:00,88.8,4.18,2.37,11.9,7.42,7.32,31.3,164.0,0.178
2026-09-14 03:30:00+00:00,76.6,4.34,3.47,10.9,7.02,6.5,32.4,152.0,0.21
2026-09-14 04:30:00+00:00,74.2,4.71,2.88,11.4,7.84,8.34,32.9,156.0,0.208
2026-09-14 05:30:00+00:00,73.5,4.83,2.16,13.5,9.71,8.54,33.3,221.0,0.235
2026-09-14 06:30:00+00:00,66.1,5.04,2.35,16.4,8.93,8.3,34.5,220.0,0.238
2026-09-14 07:30:00+00:00,62.5,5.13,3.19,14.8,7.04,7.98,34.9,186.0,0.21
2026-09-14 08:30:00+00:00,61.9,4.93,3.73,14.2,7.05,6.79,34.3,199.0,0.21
2026-09-14 09:30:00+00:00,68.0,4.59,6.46,16.1,6.95,6.41,33.0,163.0,0.255
2026-09-14 10:30:00+00:00,70.2,4.46,4.12,16.3,7.17,7.56,32.8,161.0,0.258
2026-09-14 11:30:00+00:00,82.1,4.34,3.86,17.7,8.57,7.66,31.5,153.0,0.21
2026-09-14 12:30:00+00:00,93.7,4.35,4.54,21.7,9.81,8.45,30.4,189.0,0.16
2026-09-14 13:30:00+00:00,94.7,4.11,2.51,21.6,9.33,8.7,28.8,175.0,0.1
2026-09-14 14:30:00+00:00,98.2,4.26,3.53,16.6,7.11,9.24,28.4,218.0,0.143
2026-09-14 15:30:00+00:00,98.6,4.33,2.73,16.5,7.98,9.67,28.3,173.0,0.148
2026-09-14 16:30:00+00:00,98.7,4.6,2.47,21.0,10.0,9.81,28.3,196.0,0.14
2026-09-14 17:30:00+00:00,98.7,4.28,2.32,22.8,10.7,10.1,27.8,202.0,0.108
2026-09-14 18:30:00+00:00,98.7,3.86,2.29,20.4,11.0,9.83,27.4,136.0,0.123
2026-09-14 19:30:00+00:00,98.8,4.17,1.88,15.8,9.89,8.92,27.3,176.0,0.133
2026-09-14 20:30:00+00:00,98.8,4.04,2.86,14.2,10.5,8.6,26.9,159.0,0.115
2026-09-14 21:30:00+00:00,98.8,4.29,2.52,15.0,10.5,8.77,27.1,130.0,0.103
2026-09-14 22:30:00+00:00,98.9,4.35,2.56,14.9,8.43,9.24,26.9,178.0,0.123
2026-09-14 23:30:00+00:00,98.9,4.71,2.02,17.5,8.08,9.02,26.9,193.0,0.12
2026-09-15 00:30:00+00:00,98.8,4.29,2.05,21.8,9.06,8.89,27.7,236.0,0.208
2026-09-15 01:30:00+00:00,97.8,4.41,2.76,21.0,8.32,9.07,29.5,244.0,0.313
2026-09-15 02:30:00+00:00,83.3,5.11,2.4,18.2,5.95,9.25,31.6,245.0,0.405
2026-09-15 03:30:00+00:00,71.2,5.74,2.2,18.2,6.98,7.96,33.2,253.0,0.295
2026-09-15 04:30:00+00:00,65.5,5.57,14.7,18.5,8.55,5.22,34.6,215.0,0.255
2026-09-15 05:30:00+00:00,60.8,4.02,24.1,17.4,8.18,2.64,35.5,204.0,0.273
2026-09-15 06:30:00+00:00,58.2,4.18,22.2,14.4,7.03,3.0,36.0,197.0,0.273
2026-09-15 07:30:00+00:00,62.7,8.95,28.6,11.7,5.57,5.32,34.5,128.0,0.28
2026-09-15 08:30:00+00:00,65.1,21.5,24.3,23.6,13.6,8.19,33.9,59.8,0.32
2026-09-15 09:30:00+00:00,66.3,13.1,5.71,40.1,25.1,6.46,34.0,190.0,0.2
2026-09-15 10:30:00+00:00,66.6,9.44,12.0,42.7,25.9,7.77,33.3,227.0,0.183
2026-09-15 11:30:00+00:00,76.6,8.11,8.32,44.0,25.5,7.52,31.5,160.0,0.175
2026-09-15 12:30:00+00:00,90.0,5.61,1.71,44.7,24.6,8.37,30.3,151.0,0.173
2026-09-15 13:30:00+00:00,96.8,4.67,1.18,39.6,20.0,8.9,29.8,153.0,0.175
2026-09-15 14:30:00+00:00,98.4,4.46,1.33,38.8,16.1,9.13,29.6,160.0,0.185
2026-09-15 15:30:00+00:00,98.8,4.46,1.12,37.0,17.2,9.2,29.1,167.0,0.133
2026-09-15 16:30:00+00:00,98.8,5.02,1.7,33.6,17.6,8.96,28.9,161.0,0.158
2026-09-15 17:30:00+00:00,98.8,4.72,1.3,38.5,18.4,9.53,28.9,161.0,0.183
2026-09-15 18:30:00+00:00,98.8,4.68,0.823,40.9,21.9,10.2,28.5,157.0,0.143
2026-09-15 19:30:00+00:00,98.8,4.65,1.24,34.8,20.7,9.77,28.4,165.0,0.145
2026-09-15 20:30:00+00:00,98.8,4.9,0.593,34.5,18.9,8.76,27.9,190.0,0.11
2026-09-15 21:30:00+00:00,98.9,4.42,0.93,40.9,21.9,8.64,27.8,161.0,0.108
2026-09-15 22:30:00+00:00,98.9,4.12,0.81,43.5,25.1,8.36,27.9,149.0,0.133
2026-09-15 23:30:00+00:00,98.9,4.01,1.05,41.8,25.6,8.6,27.9,159.0,0.145
2026-09-16 00:30:00+00:00,98.8,3.99,1.22,40.0,26.1,8.81,28.8,153.0,0.13
2026-09-16 01:30:00+00:00,95.9,4.55,0.428,39.1,27.0,8.75,30.7,260.0,0.1
2026-09-16 02:30:00+00:00,73.4,6.24,1.84,42.9,30.3,8.04,32.8,281.0,0.31
2026-09-16 03:30:00+00:00,68.2,12.8,21.6,44.7,29.5,7.48,33.7,264.0,0.32
2026-09-16 04:30:00+00:00,66.4,10.6,28.7,42.8,26.2,7.21,34.0,251.0,0.345
2026-09-16 05:30:00+00:00,58.8,12.7,27.0,,,7.8,35.1,305.0,0.41
2026-09-16 06:30:00+00:00,67.3,10.4,6.62,57.0,16.0,7.41,33.8,243.0,0.488
2026-09-16 07:30:00+00:00,68.4,6.93,2.64,54.3,29.3,7.53,34.2,225.0,0.383
2026-09-16 08:30:00+00:00,73.8,6.25,6.56,49.9,31.1,7.32,32.4,231.0,0.348
2026-09-16 09:30:00+00:00,68.4,6.25,4.36,52.0,37.4,7.18,33.3,213.0,0.303
2026-09-16 10:30:00+00:00,69.3,6.61,2.9,53.4,36.9,8.46,33.3,216.0,0.188
2026-09-16 11:30:00+00:00,70.9,8.27,3.06,54.2,36.2,7.74,32.5,213.0,0.11
2026-09-16 12:30:00+00:00,88.4,10.5,4.22,59.9,39.0,6.42,31.1,155.0,0.233
2026-09-16 13:30:00+00:00,98.4,8.3,3.5,61.4,38.0,6.08,30.2,165.0,0.175
2026-09-16 14:30:00+00:00,98.8,6.28,1.96,66.5,41.6,6.8,29.9,163.0,0.19
2026-09-16 15:30:00+00:00,98.8,6.21,1.65,72.4,45.7,7.33,30.0,117.0,0.168
2026-09-16 17:30:00+00:00,98.9,6.24,0.12,84.3,47.6,7.75,29.0,156.0,0.12
2026-09-16 18:30:00+00:00,98.9,6.52,1.59,78.5,46.7,7.28,29.1,133.0,0.178
2026-09-16 19:30:00+00:00,98.9,6.62,1.43,84.9,44.7,7.51,28.8,141.0,0.14
2026-09-16 20:30:00+00:00,98.9,5.51,1.23,80.0,46.1,10.6,28.7,173.0,0.133
2026-09-16 21:30:00+00:00,98.9,4.66,0.738,74.1,49.3,10.8,28.5,166.0,0.128
2026-09-16 22:30:00+00:00,98.9,4.45,0.89,64.2,42.0,10.8,28.4,171.0,0.11
2026-09-16 23:30:00+00:00,98.9,4.46,0.988,54.8,45.3,10.2,28.3,164.0,0.118
2026-09-17 00:30:00+00:00,98.9,4.61,1.37,45.0,42.5,9.76,29.3,157.0,0.103
2026-09-17 01:30:00+00:00,95.7,6.01,1.2,52.7,45.4,10.5,31.2,309.0,0.235
2026-09-17 02:30:00+00:00,74.9,7.84,1.23,68.2,44.6,10.8,32.9,277.0,0.34
2026-09-17 03:30:00+00:00,69.3,8.56,1.15,67.3,49.8,9.72,34.0,255.0,0.383
2026-09-17 04:30:00+00:00,65.1,8.77,1.79,62.6,44.9,8.75,34.2,270.0,0.47
2026-09-17 05:30:00+00:00,64.2,9.26,7.12,61.5,47.9,11.0,34.6,290.0,0.455
2026-09-17 06:30:00+00:00,62.5,7.96,5.03,58.6,44.9,10.4,35.1,269.0,0.53
2026-09-17 07:30:00+00:00,64.8,7.22,3.86,57.2,44.1,8.63,34.6,251.0,0.448
2026-09-17 08:30:00+00:00,69.9,5.92,1.97,54.7,45.9,7.86,32.9,241.0,0.41
2026-09-17 09:30:00+00:00,72.3,6.18,2.2,51.8,40.2,8.24,32.3,193.0,0.285
2026-09-17 10:30:00+00:00,76.6,8.1,9.31,50.2,40.6,7.6,32.5,152.0,0.338
2026-09-17 11:30:00+00:00,93.8,7.43,4.63,45.6,42.1,7.62,31.1,160.0,0.178
2026-09-17 12:30:00+00:00,97.1,5.75,2.97,48.5,38.3,8.86,30.6,160.0,0.165
2026-09-17 13:30:00+00:00,98.1,5.62,1.79,47.1,40.1,9.3,30.1,147.0,0.133
2026-09-17 17:30:00+00:00,98.8,5.91,0.59,66.3,32.8,9.53,28.7,140.0,0.17
2026-09-17 18:30:00+00:00,98.8,5.17,1.24,66.0,33.4,9.65,28.5,154.0,0.13
2026-09-17 19:30:00+00:00,98.8,5.44,0.975,65.0,33.8,9.66,28.2,172.0,0.125
2026-09-17 20:30:00+00:00,98.9,5.44,1.2,69.0,32.3,8.58,27.9,168.0,0.135
2026-09-17 21:30:00+00:00,98.9,5.29,0.393,68.3,32.7,8.49,27.7,167.0,0.16
2026-09-17 22:30:00+00:00,98.9,5.05,0.965,66.9,34.6,8.82,27.6,148.0,0.125
2026-09-17 23:30:00+00:00,98.9,5.55,0.948,64.4,31.1,9.06,27.8,167.0,0.175
2026-09-18 00:30:00+00:00,98.9,4.93,1.29,62.9,30.3,9.42,28.7,204.0,0.17
2026-09-18 01:30:00+00:00,89.6,5.58,0.66,56.4,38.1,9.18,31.0,180.0,0.115
2026-09-18 02:30:00+00:00,72.1,8.14,2.23,92.9,52.9,8.89,33.3,190.0,0.133
2026-09-18 03:30:00+00:00,65.1,12.1,9.23,106.0,67.8,8.2,34.2,93.5,0.513
2026-09-18 04:30:00+00:00,62.7,19.7,27.1,91.4,49.3,10.8,34.7,31.2,0.823
2026-09-18 05:30:00+00:00,64.7,19.2,20.6,89.0,47.0,10.5,33.6,30.6,1.09
2026-09-18 06:30:00+00:00,92.6,13.1,9.79,67.3,34.0,7.83,29.6,229.0,0.338
2026-09-18 07:30:00+00:00,98.7,7.6,15.7,55.1,36.0,6.11,29.8,184.0,0.215
2026-09-18 08:30:00+00:00,97.1,5.99,9.53,51.6,23.2,5.78,31.7,179.0,0.205
2026-09-18 09:30:00+00:00,94.3,5.39,7.22,46.7,25.7,6.5,32.5,149.0,0.285
2026-09-18 10:30:00+00:00,90.7,4.99,8.18,46.8,26.8,7.4,32.8,152.0,0.27
2026-09-18 11:30:00+00:00,97.3,4.44,5.27,43.2,27.5,6.98,31.4,157.0,0.195
2026-09-18 12:30:00+00:00,98.9,5.03,5.77,30.6,19.8,5.79,30.3,160.0,0.168
2026-09-18 13:30:00+00:00,91.4,6.05,2.53,35.0,24.7,6.85,29.2,165.0,1.02
2026-09-18 14:30:00+00:00,94.6,5.67,1.02,42.0,17.4,7.09,28.0,263.0,0.265
2026-09-18 15:30:00+00:00,98.5,5.77,1.22,40.8,12.2,7.41,27.4,199.0,0.223
2026-09-18 16:30:00+00:00,98.9,5.25,1.34,36.6,16.3,7.98,26.9,211.0,0.21
2026-09-18 17:30:00+00:00,98.9,4.35,0.77,28.2,12.2,8.24,26.7,176.0,0.155
2026-09-18 18:30:00+00:00,98.9,3.88,0.948,21.2,9.15,8.06,26.9,221.0,0.175
2026-09-18 19:30:00+00:00,98.9,3.99,0.798,19.2,7.24,8.43,27.1,233.0,0.203
2026-09-18 20:30:00+00:00,98.9,4.4,1.6,21.3,7.48,11.8,27.2,77.4,0.19
2026-09-18 21:30:00+00:00,98.9,5.02,1.08,21.3,12.9,11.9,27.3,79.1,0.283
2026-09-18 22:30:00+00:00,98.9,5.36,1.46,23.4,9.72,12.0,27.2,82.5,0.125
2026-09-18 23:30:00+00:00,98.9,4.98,0.64,37.9,13.3,11.8,26.9,114.0,0.115
2026-09-19 00:30:00+00:00,98.9,4.24,1.07,36.5,11.8,11.7,27.5,220.0,0.168
2026-09-19 01:30:00+00:00,95.2,4.46,0.89,35.2,14.4,12.0,29.5,97.0,0.27
2026-09-19 02:30:00+00:00,77.2,6.0,0.848,35.4,11.9,12.1,31.8,99.3,0.353
2026-09-19 03:30:00+00:00,70.5,8.3,1.48,44.2,29.4,11.7,32.8,103.0,0.438
2026-09-19 04:30:00+00:00,67.7,9.14,1.61,54.2,34.9,11.7,33.5,142.0,0.403
2026-09-19 10:30:00+00:00,67.9,40.8,22.5,131.0,70.1,,34.0,42.9,0.37
2026-09-19 11:30:00+00:00,69.6,48.7,15.2,157.0,74.8,6.5,33.4,39.6,0.398
2026-09-19 12:30:00+00:00,70.3,27.2,5.33,117.0,35.9,8.33,31.2,43.9,0.7
2026-09-19 13:30:00+00:00,90.7,13.8,2.34,65.3,22.2,6.47,27.2,72.8,0.493
2026-09-19 14:30:00+00:00,98.9,8.71,1.64,49.3,30.1,5.9,26.2,173.0,0.215
2026-09-19 15:30:00+00:00,98.9,6.2,1.11,,,6.26,26.5,188.0,0.185
2026-09-19 16:30:00+00:00,98.9,5.31,0.875,20.3,16.1,6.35,26.9,184.0,0.15
2026-09-19 17:30:00+00:00,98.9,6.2,0.92,21.9,15.0,6.93,27.1,171.0,0.173
2026-09-19 18:30:00+00:00,99.0,5.62,1.16,38.5,9.69,6.67,27.3,159.0,0.128
2026-09-19 19:30:00+00:00,99.0,4.94,0.79,21.9,7.73,6.89,27.1,159.0,0.0675
2026-09-19 20:30:00+00:00,98.9,5.7,0.953,33.2,25.6,9.45,27.3,25.7,0.58
2026-09-19 21:30:00+00:00,98.9,6.33,1.11,67.4,26.0,9.96,27.3,39.5,0.563
2026-09-19 22:30:00+00:00,98.9,6.28,1.28,73.2,35.7,9.87,27.1,33.2,0.745
2026-09-19 23:30:00+00:00,98.9,6.73,1.5,64.8,12.4,9.75,26.9,33.9,0.518
2026-09-20 00:30:00+00:00,98.9,6.43,1.49,64.7,15.7,9.96,27.0,34.4,0.9
2026-09-20 01:30:00+00:00,98.9,6.79,0.665,92.1,28.9,10.1,28.0,39.3,0.688
2026-09-20 02:30:00+00:00,96.8,7.48,1.29,72.8,34.6,10.4,29.9,35.8,0.94
2026-09-20 03:30:00+00:00,86.9,7.85,1.4,60.1,40.1,9.86,31.9,40.3,0.635
2026-09-20 04:30:00+00:00,78.1,8.1,2.11,52.8,31.3,11.2,32.6,42.0,0.625
2026-09-20 05:30:00+00:00,74.2,8.18,3.11,56.9,44.8,11.2,33.3,43.3,0.408
2026-09-20 06:30:00+00:00,71.1,7.78,4.33,53.9,43.5,10.6,33.8,67.9,0.493
2026-09-20 07:30:00+00:00,66.7,8.24,3.11,52.5,48.2,11.1,34.5,42.6,0.573
2026-09-20 08:30:00+00:00,74.2,6.8,2.37,59.4,38.3,10.4,31.9,151.0,0.21
2026-09-20 09:30:00+00:00,70.7,7.03,3.87,42.5,37.8,9.97,31.8,52.5,0.37
2026-09-20 10:30:00+00:00,71.5,10.4,8.01,44.9,32.5,9.39,31.9,39.6,0.625
2026-09-20 11:30:00+00:00,85.1,10.5,4.79,59.6,34.7,9.31,31.0,53.8,0.198
2026-09-20 12:30:00+00:00,93.3,8.85,1.67,60.8,32.0,9.75,30.7,84.7,0.313
2026-09-20 13:30:00+00:00,96.1,8.64,1.51,69.7,42.6,9.82,30.7,36.5,0.49
2026-09-20 14:30:00+00:00,97.5,9.81,3.08,98.6,58.3,10.2,30.1,30.0,0.76
2026-09-20 15:30:00+00:00,94.6,10.7,4.17,103.0,60.8,11.4,29.2,35.1,0.703
2026-09-20 16:30:00+00:00,96.6,9.55,2.48,108.0,55.4,10.5,28.7,34.4,0.61
2026-09-20 17:30:00+00:00,98.0,8.05,1.41,101.0,60.3,10.6,28.4,40.3,0.498
2026-09-20 18:30:00+00:00,98.5,8.1,1.28,101.0,63.0,10.4,28.0,29.0,0.448
2026-09-20 19:30:00+00:00,98.5,7.84,0.973,95.3,58.2,9.41,27.7,34.2,0.575
2026-09-20 20:30:00+00:00,98.5,7.21,0.963,90.2,51.7,8.18,27.5,33.5,0.57
2026-09-20 21:30:00+00:00,98.6,6.21,1.05,90.1,50.3,8.54,27.2,33.3,0.463
2026-09-20 22:30:00+00:00,98.6,5.96,1.43,91.6,45.2,8.56,27.2,43.3,0.41
2026-09-20 23:30:00+00:00,98.6,6.04,1.41,86.8,44.9,9.44,27.3,39.6,0.343
2026-09-21 00:30:00+00:00,98.9,6.2,1.35,81.2,46.9,9.22,27.8,33.5,0.693
2026-09-21 01:30:00+00:00,97.2,6.36,1.38,74.3,38.2,9.19,29.2,45.4,0.533
2026-09-21 02:30:00+00:00,86.2,6.68,1.41,70.7,38.8,9.28,31.0,39.0,0.6
2026-09-21 03:30:00+00:00,70.9,7.53,1.54,69.8,43.3,9.65,32.0,39.5,0.848
2026-09-21 04:30:00+00:00,68.1,8.5,2.37,64.3,41.8,10.7,32.8,51.3,0.548
2026-09-21 05:30:00+00:00,66.2,9.21,2.38,61.3,39.9,10.4,33.4,66.2,0.548
2026-09-21 06:30:00+00:00,68.1,9.23,8.29,59.9,41.2,9.44,33.1,70.8,0.36
2026-09-21 07:30:00+00:00,68.7,10.9,26.5,46.4,31.8,6.97,33.5,53.8,0.425
2026-09-21 08:30:00+00:00,67.5,11.4,18.6,49.9,27.9,5.99,33.4,37.5,0.805
2026-09-21 09:30:00+00:00,73.4,25.3,35.5,50.3,28.3,7.87,32.1,170.0,0.625
2026-09-21 10:30:00+00:00,75.3,32.9,15.2,54.8,32.6,7.54,31.6,95.4,0.285
2026-09-21 11:30:00+00:00,80.9,21.8,6.65,59.1,35.6,6.18,31.5,35.1,0.553
2026-09-21 12:30:00+00:00,94.2,20.1,12.1,65.7,35.9,6.06,30.2,29.6,0.373
2026-09-21 13:30:00+00:00,94.8,17.9,6.04,73.9,38.7,7.55,29.8,33.9,0.673
2026-09-21 14:30:00+00:00,93.8,12.2,5.84,107.0,48.7,7.31,29.2,37.4,0.693
2026-09-21 17:30:00+00:00,98.9,8.8,6.4,91.7,42.1,6.91,28.4,61.2,0.14
2026-09-21 18:30:00+00:00,98.9,8.51,4.97,89.1,42.0,7.18,28.4,32.6,0.253
2026-09-21 19:30:00+00:00,98.9,7.51,5.24,85.2,40.4,7.58,28.5,260.0,0.105
2026-09-21 20:30:00+00:00,98.9,6.82,4.38,83.7,38.7,9.51,28.5,21.6,0.415
2026-09-21 21:30:00+00:00,99.0,6.59,4.8,79.2,39.3,9.87,28.4,30.8,0.36
2026-09-21 22:30:00+00:00,99.0,7.13,4.17,82.2,41.4,9.72,28.4,30.0,0.705
2026-09-21 23:30:00+00:00,98.9,7.28,4.4,82.6,38.1,9.78,28.2,30.5,0.82
2026-09-22 00:30:00+00:00,98.9,7.2,5.5,77.6,31.6,9.84,28.5,30.7,0.8
2026-09-22 01:30:00+00:00,97.5,7.25,4.28,80.0,32.8,10.4,29.6,29.5,0.828
2026-09-22 02:30:00+00:00,90.0,8.22,4.35,76.6,33.1,10.7,30.9,40.9,0.643
2026-09-22 03:30:00+00:00,81.3,9.12,4.57,77.8,32.6,11.0,31.5,33.5,0.928
2026-09-22 04:30:00+00:00,68.8,10.4,8.64,75.0,31.3,13.5,33.0,31.4,0.943
2026-09-22 05:30:00+00:00,64.0,12.1,12.5,63.4,28.1,15.9,33.7,29.8,1.35
2026-09-22 06:30:00+00:00,64.7,12.7,6.87,56.4,24.3,13.1,33.9,30.7,1.47
2026-09-22 07:30:00+00:00,65.5,14.6,6.39,57.4,23.1,13.2,33.7,29.3,1.36
2026-09-22 08:30:00+00:00,65.7,13.8,7.45,59.1,19.2,11.0,33.6,26.6,1.32
2026-09-22 09:30:00+00:00,65.9,18.2,11.4,58.3,26.1,16.6,33.6,31.0,1.08
2026-09-22 10:30:00+00:00,68.6,21.7,22.7,61.0,29.7,12.2,33.3,29.6,0.935
2026-09-22 11:30:00+00:00,72.3,21.8,10.2,64.8,30.4,10.6,32.6,39.6,0.648
2026-09-22 12:30:00+00:00,74.6,16.1,5.88,79.1,28.9,11.1,32.1,37.7,0.488
2026-09-22 13:30:00+00:00,82.4,14.7,6.05,92.8,30.8,11.2,30.9,34.5,0.865
2026-09-22 14:30:00+00:00,98.9,11.7,4.58,90.4,37.0,9.91,27.8,29.3,0.838
2026-09-22 15:30:00+00:00,98.9,8.84,5.29,67.9,24.9,9.22,28.0,44.0,0.353
2026-09-22 16:30:00+00:00,99.0,7.49,4.13,60.8,20.2,9.35,28.0,139.0,0.105
2026-09-22 17:30:00+00:00,99.0,6.54,4.9,52.3,21.5,9.82,27.8,196.0,0.103
2026-09-22 18:30:00+00:00,99.0,6.07,4.11,38.3,16.8,10.1,27.7,195.0,0.105
2026-09-22 19:30:00+00:00,99.0,5.61,4.0,34.5,12.0,9.7,27.7,114.0,0.0725
2026-09-22 20:30:00+00:00,99.0,6.56,4.02,43.3,9.53,9.65,27.7,38.5,0.288
2026-09-22 21:30:00+00:00,99.0,6.72,4.04,57.8,23.2,9.82,27.8,27.7,0.515
2026-09-22 22:30:00+00:00,99.0,6.43,5.01,67.0,23.4,9.88,28.2,27.8,0.743
2026-09-22 23:30:00+00:00,99.0,6.32,4.35,68.4,21.8,10.1,28.1,33.4,0.677
2026-09-23 08:30:00+00:00,99.0,16.6,7.4,37.7,12.0,6.3,27.0,28.1,0.908
2026-09-23 09:30:00+00:00,99.0,17.4,11.4,26.0,8.91,6.44,28.4,23.8,1.13
2026-09-23 10:30:00+00:00,99.0,20.5,13.6,45.2,11.1,7.84,29.1,28.9,0.838
2026-09-23 11:30:00+00:00,98.9,27.2,12.0,45.6,11.3,6.63,28.5,31.6,1.37
2026-09-23 12:30:00+00:00,99.0,21.7,4.65,34.8,9.49,4.06,27.6,33.6,1.19
2026-09-23 13:30:00+00:00,99.0,12.8,5.69,40.7,12.7,4.06,27.9,31.4,1.11
2026-09-23 14:30:00+00:00,98.9,9.5,5.31,50.0,10.7,4.98,28.4,29.8,1.39
2026-09-23 15:30:00+00:00,98.9,8.31,4.76,43.4,12.9,5.7,28.1,35.7,0.875
2026-09-23 16:30:00+00:00,99.0,7.95,4.67,35.5,9.52,6.23,27.7,29.8,0.98
2026-09-23 17:30:00+00:00,99.0,8.65,4.61,29.2,8.19,6.49,27.3,30.7,1.2
2026-09-23 18:30:00+00:00,99.0,7.47,4.7,26.1,8.62,6.75,27.3,29.8,1.14
2026-09-23 19:30:00+00:00,99.0,7.15,4.52,26.8,6.19,7.41,27.3,32.4,1.22
2026-09-23 20:30:00+00:00,99.0,7.47,4.74,25.4,4.48,9.91,27.3,28.1,1.38
2026-09-23 21:30:00+00:00,98.9,7.19,4.47,28.5,8.34,10.3,27.5,29.6,1.43
2026-09-23 22:30:00+00:00,98.9,7.07,5.16,31.9,7.59,10.2,27.6,29.5,1.58
2026-09-23 23:30:00+00:00,98.9,7.25,5.22,29.7,7.06,10.3,27.6,23.5,1.43
2026-09-24 00:30:00+00:00,98.9,6.6,5.27,26.2,7.35,9.54,27.8,27.1,1.42
2026-09-24 01:30:00+00:00,98.9,6.67,5.09,24.1,6.45,10.8,28.5,29.1,1.88
2026-09-24 02:30:00+00:00,97.2,7.31,5.17,27.7,8.71,10.7,29.0,25.7,1.91
2026-09-24 03:30:00+00:00,93.6,8.22,5.93,29.5,6.51,9.43,29.7,22.9,1.99
2026-09-24 04:30:00+00:00,92.7,8.41,8.16,27.3,11.2,8.05,29.8,28.6,2.0
2026-09-24 05:30:00+00:00,97.1,8.61,6.67,31.8,8.18,8.19,29.2,28.3,1.86
2026-09-24 06:30:00+00:00,99.0,8.75,5.63,31.6,7.31,8.47,28.3,26.3,1.78
2026-09-24 07:30:00+00:00,99.0,8.78,5.2,31.5,8.73,8.97,27.8,29.2,2.03
2026-09-24 08:30:00+00:00,99.0,9.42,5.58,27.4,7.08,8.69,27.6,26.5,1.83
2026-09-24 09:30:00+00:00,99.0,8.65,6.66,23.7,6.75,8.31,28.0,25.6,1.67
2026-09-24 10:30:00+00:00,99.0,9.05,7.38,21.2,10.2,8.0,28.4,25.6,1.95
2026-09-24 11:30:00+00:00,99.0,8.88,6.73,27.3,7.28,7.76,27.9,25.6,2.12
2026-09-24 12:30:00+00:00,99.0,8.65,5.51,23.5,5.3,6.54,27.2,26.6,2.05
2026-09-24 13:30:00+00:00,99.0,9.08,6.78,23.9,8.68,6.41,26.9,20.0,2.18
2026-09-24 14:30:00+00:00,99.0,8.71,6.2,17.7,6.6,6.2,26.5,19.8,2.37
2026-09-24 15:30:00+00:00,99.1,8.36,6.35,14.2,5.79,6.07,26.4,23.5,2.41
2026-09-24 16:30:00+00:00,99.1,7.82,6.3,10.6,4.41,6.49,26.6,27.9,2.2
2026-09-24 17:30:00+00:00,99.1,6.6,5.49,12.2,5.48,6.98,26.6,28.6,2.61
2026-09-24 18:30:00+00:00,99.1,7.2,5.7,9.22,3.85,6.73,26.7,26.0,2.35
2026-09-24 19:30:00+00:00,99.1,6.89,5.59,6.51,2.7,6.68,26.6,23.7,2.19
2026-09-24 20:30:00+00:00,99.1,6.6,5.66,7.07,3.91,9.58,26.1,24.8,2.33
2026-09-24 21:30:00+00:00,99.1,6.5,6.21,10.8,3.01,9.7,26.3,22.0,1.99
2026-09-24 22:30:00+00:00,99.1,6.41,5.15,8.5,4.68,9.96,26.3,23.5,1.94
2026-09-24 23:30:00+00:00,99.1,6.57,5.8,7.61,4.6,10.0,26.1,21.7,2.03
2026-09-25 00:30:00+00:00,99.1,7.55,5.4,5.45,3.91,10.0,26.3,23.4,2.02
2026-09-25 01:30:00+00:00,99.1,7.2,6.33,,,9.47,26.2,23.3,2.02
2026-09-25 02:30:00+00:00,99.1,7.09,5.78,,,10.1,26.3,24.8,1.68
2026-09-25 03:30:00+00:00,99.1,6.81,5.67,4.56,3.08,9.36,26.5,25.6,1.27
2026-09-25 04:30:00+00:00,99.1,6.79,4.93,9.78,6.74,9.35,26.8,29.9,0.965
2026-09-25 05:30:00+00:00,99.1,7.45,4.39,7.56,6.27,9.48,27.1,182.0,0.463
2026-09-25 06:30:00+00:00,99.1,8.05,4.15,,,9.04,27.0,294.0,0.39
2026-09-25 07:30:00+00:00,99.0,8.19,4.14,12.0,8.73,8.9,26.8,286.0,0.35
2026-09-25 08:30:00+00:00,98.8,8.44,4.02,14.7,9.88,8.92,26.7,265.0,0.483
2026-09-25 09:30:00+00:00,98.8,9.23,4.53,25.7,20.2,8.94,26.9,270.0,0.48
2026-09-25 10:30:00+00:00,98.8,9.56,4.24,20.4,17.2,9.29,26.9,260.0,0.793
2026-09-25 11:30:00+00:00,98.8,8.86,4.58,21.7,13.0,9.15,26.5,260.0,0.875
2026-09-25 12:30:00+00:00,98.8,7.7,4.01,20.2,9.64,9.9,26.4,254.0,1.26
2026-09-25 13:30:00+00:00,98.8,6.66,4.4,16.3,7.06,10.0,26.3,253.0,1.27
2026-09-25 14:30:00+00:00,99.1,6.0,4.94,12.1,4.97,10.1,26.4,253.0,1.3
2026-09-25 15:30:00+00:00,99.1,5.78,4.62,9.12,3.48,10.3,26.2,253.0,1.51
2026-09-25 16:30:00+00:00,99.1,5.48,4.18,6.82,3.93,10.5,26.0,252.0,1.61
2026-09-25 17:30:00+00:00,99.1,5.01,9.31,4.71,2.81,10.2,25.9,252.0,1.5
2026-09-25 19:30:00+00:00,99.2,3.64,4.1,2.38,1.5,5.3,25.7,252.0,1.51
2026-09-25 20:30:00+00:00,99.2,4.21,4.0,1.72,1.11,6.54,25.8,252.0,1.28
2026-09-25 21:30:00+00:00,99.2,3.92,5.02,1.26,0.843,4.65,25.8,252.0,1.2
2026-09-25 22:30:00+00:00,99.2,3.87,4.77,0.998,0.655,3.99,25.8,251.0,1.05
2026-09-25 23:30:00+00:00,99.1,3.86,5.12,0.843,0.62,3.63,25.8,252.0,1.01
2026-09-26 00:30:00+00:00,99.1,3.81,4.11,,,3.15,25.8,253.0,1.23
2026-09-26 01:30:00+00:00,99.1,3.54,4.03,,,2.52,25.7,251.0,1.17
2026-09-26 02:30:00+00:00,99.1,3.5,3.97,,,2.3,26.3,253.0,1.11
2026-09-26 03:30:00+00:00,99.0,3.85,4.5,,,3.26,27.1,254.0,1.31
2026-09-26 04:30:00+00:00,99.0,4.11,4.7,,,9.61,27.6,254.0,1.3
2026-09-26 05:30:00+00:00,96.0,4.14,4.48,2.75,2.03,9.53,28.4,254.0,1.13
2026-09-26 06:30:00+00:00,86.0,4.17,4.64,3.44,1.54,9.2,29.4,255.0,1.34
2026-09-26 07:30:00+00:00,77.4,4.45,4.32,3.15,2.49,9.1,30.1,256.0,1.16
2026-09-26 08:30:00+00:00,71.4,4.0,4.49,6.51,2.34,8.99,30.6,255.0,1.24
2026-09-26 09:30:00+00:00,70.7,2.15,4.79,8.86,3.37,9.09,30.4,254.0,1.19
2026-09-26 10:30:00+00:00,74.4,1.46,4.48,7.72,2.54,9.08,29.5,252.0,0.848
2026-09-26 11:30:00+00:00,90.7,1.59,4.44,8.52,3.18,8.8,28.3,230.0,0.37
2026-09-26 12:30:00+00:00,99.0,2.99,4.9,8.9,2.77,8.14,27.1,162.0,0.09
2026-09-26 13:30:00+00:00,99.1,3.37,3.78,8.6,5.47,7.99,26.7,157.0,0.09
2026-09-26 14:30:00+00:00,99.1,3.78,4.33,13.3,5.57,8.21,26.4,141.0,0.085
2026-09-26 15:30:00+00:00,99.1,3.6,4.46,14.2,7.44,8.32,26.6,218.0,0.115
2026-09-26 16:30:00+00:00,99.1,3.32,4.01,14.4,7.24,8.43,26.9,249.0,0.253
2026-09-26 17:30:00+00:00,99.1,3.36,4.16,19.0,10.5,8.26,26.8,234.0,0.165
2026-09-26 18:30:00+00:00,99.1,3.92,3.86,16.0,8.66,8.45,26.5,190.0,0.103
2026-09-26 19:30:00+00:00,99.1,4.0,4.89,13.1,12.0,8.04,26.7,250.0,0.238
2026-09-26 20:30:00+00:00,99.1,4.23,4.48,18.2,9.64,7.99,26.4,239.0,0.21
2026-09-26 21:30:00+00:00,99.1,4.08,4.53,19.0,12.6,8.14,26.3,250.0,0.315
2026-09-26 22:30:00+00:00,99.1,3.92,3.77,20.4,12.0,8.02,26.1,251.0,0.335
2026-09-26 23:30:00+00:00,99.1,3.91,4.38,20.0,14.0,8.16,25.8,252.0,0.248
2026-09-27 00:30:00+00:00,99.1,4.02,4.66,15.5,10.2,8.55,27.8,251.0,0.498
2026-09-27 01:30:00+00:00,99.1,4.22,4.89,19.4,17.0,8.1,30.1,253.0,0.78
2026-09-27 02:30:00+00:00,93.4,5.02,4.11,21.7,17.2,7.88,30.2,257.0,0.765
2026-09-27 03:30:00+00:00,71.4,6.52,5.1,27.2,17.2,7.18,31.5,282.0,0.663
2026-09-27 04:30:00+00:00,65.9,7.68,6.13,33.0,21.2,7.1,32.1,225.0,0.598
2026-09-27 05:30:00+00:00,64.9,8.48,6.29,38.0,22.4,7.21,32.8,239.0,0.42
2026-09-27 06:30:00+00:00,63.4,9.22,5.11,41.5,22.8,7.58,33.2,319.0,0.33
2026-09-27 07:30:00+00:00,66.2,9.17,6.03,53.0,24.5,7.83,32.8,96.1,0.518
2026-09-27 08:30:00+00:00,67.1,9.23,8.3,55.7,28.6,7.34,32.6,101.0,0.443
2026-09-27 09:30:00+00:00,66.6,9.77,10.7,53.0,27.6,7.14,32.8,18.7,0.493
2026-09-27 10:30:00+00:00,71.9,10.4,6.23,54.4,27.7,8.76,32.2,64.7,0.463
2026-09-27 11:30:00+00:00,95.5,7.3,4.5,59.6,25.4,8.02,30.3,162.0,0.215
2026-09-27 12:30:00+00:00,98.7,6.93,4.41,54.2,24.2,9.09,29.5,167.0,0.175
2026-09-27 13:30:00+00:00,98.8,5.68,4.22,51.0,26.7,9.33,28.7,170.0,0.145
2026-09-27 14:30:00+00:00,98.7,5.11,3.91,54.6,23.3,8.89,28.2,152.0,0.155
2026-09-27 15:30:00+00:00,98.7,5.17,4.67,52.3,25.6,9.05,27.9,152.0,0.12
2026-09-27 16:30:00+00:00,98.7,5.03,4.83,48.9,28.8,9.39,27.7,157.0,0.145
2026-09-27 17:30:00+00:00,98.7,5.13,4.78,45.1,28.2,10.3,27.6,193.0,0.135
2026-09-27 18:30:00+00:00,99.1,5.12,4.67,42.6,30.2,10.4,27.4,158.0,0.15
2026-09-27 19:30:00+00:00,99.1,4.83,4.32,39.6,26.6,9.2,27.0,154.0,0.135
2026-09-27 20:30:00+00:00,99.1,4.62,4.04,40.5,25.2,8.91,26.7,174.0,0.11
2026-09-27 21:30:00+00:00,99.1,5.0,4.28,36.2,26.3,9.14,26.8,168.0,0.138
2026-09-27 22:30:00+00:00,99.1,5.66,4.73,39.6,23.8,9.46,26.5,220.0,0.145
2026-09-27 23:30:00+00:00,99.1,5.03,4.59,43.8,26.7,9.68,26.4,187.0,0.12
2026-09-28 00:30:00+00:00,99.1,4.69,3.77,38.5,25.1,9.52,27.3,182.0,0.16
2026-09-28 01:30:00+00:00,98.3,5.2,4.24,45.9,26.4,9.34,29.2,197.0,0.138
2026-09-28 02:30:00+00:00,79.8,7.05,4.11,65.3,38.5,9.21,31.3,126.0,0.295
2026-09-28 03:30:00+00:00,66.6,9.84,4.07,92.9,52.3,9.17,32.9,38.6,0.455
2026-09-28 04:30:00+00:00,63.1,11.2,4.61,97.3,49.2,11.2,33.1,174.0,0.37
2026-09-28 05:30:00+00:00,60.5,11.4,6.89,94.8,49.7,11.3,33.7,183.0,0.49
2026-09-28 06:30:00+00:00,62.7,11.7,8.58,80.1,39.2,12.0,33.6,89.9,0.788
2026-09-28 07:30:00+00:00,62.3,13.1,10.2,86.5,35.9,13.6,33.4,31.3,0.95
2026-09-28 08:30:00+00:00,59.7,11.7,8.03,84.6,38.7,11.3,33.6,26.9,0.88
2026-09-28 09:30:00+00:00,59.4,12.3,7.94,82.4,32.9,11.7,33.5,33.9,0.73
2026-09-28 10:30:00+00:00,63.9,13.1,8.83,81.1,32.6,11.4,32.9,47.7,0.378
2026-09-28 11:30:00+00:00,80.5,14.8,8.35,76.5,29.3,9.86,30.9,125.0,0.273
2026-09-28 12:30:00+00:00,98.9,8.17,6.81,73.2,30.4,7.53,29.2,177.0,0.16
2026-09-28 13:30:00+00:00,99.1,6.27,5.01,65.8,32.2,8.46,28.9,153.0,0.24
2026-09-28 14:30:00+00:00,99.1,5.66,4.92,60.7,30.9,8.58,28.6,151.0,0.173
2026-09-28 15:30:00+00:00,99.1,5.44,4.28,61.0,32.0,8.9,28.3,177.0,0.128
2026-09-28 16:30:00+00:00,99.1,5.52,3.97,60.4,33.3,8.68,28.4,162.0,0.115
2026-09-28 17:30:00+00:00,99.1,4.75,5.47,57.5,31.8,8.39,28.2,201.0,0.12
2026-09-28 18:30:00+00:00,99.1,5.15,4.49,53.3,33.5,8.52,28.0,177.0,0.155
2026-09-28 19:30:00+00:00,99.1,5.74,4.25,53.4,33.1,8.74,28.4,171.0,0.153
2026-09-28 20:30:00+00:00,99.1,6.55,4.54,52.0,30.3,8.51,28.2,184.0,0.153
2026-09-28 21:30:00+00:00,99.1,6.77,4.21,50.5,30.1,8.51,27.8,153.0,0.108
2026-09-28 22:30:00+00:00,99.1,6.74,3.88,64.3,35.5,8.86,27.6,71.8,0.1
2026-09-28 23:30:00+00:00,99.1,7.0,3.88,68.4,36.7,8.65,27.6,138.0,0.113
2026-09-29 00:30:00+00:00,99.1,7.63,4.4,68.1,37.6,8.48,28.0,254.0,0.045
2026-09-29 01:30:00+00:00,88.6,8.99,4.18,93.3,50.9,8.69,30.0,299.0,0.195
2026-09-29 02:30:00+00:00,66.3,10.2,4.44,96.5,49.1,8.73,32.7,30.0,0.475
2026-09-29 03:30:00+00:00,59.3,11.1,5.01,94.1,45.6,7.84,33.9,156.0,0.3
2026-09-29 04:30:00+00:00,54.7,16.5,14.0,91.5,45.8,10.8,35.0,224.0,0.323
2026-09-29 05:30:00+00:00,51.6,17.4,21.7,85.2,38.6,7.36,35.2,313.0,0.32
2026-09-29 06:30:00+00:00,51.1,12.9,12.6,76.7,32.5,6.58,35.3,308.0,0.307
2026-09-29 07:30:00+00:00,50.7,11.4,32.7,68.1,27.9,6.03,35.1,263.0,0.373
2026-09-29 08:30:00+00:00,49.7,14.7,26.0,67.5,27.8,6.07,34.4,299.0,0.383
2026-09-29 09:30:00+00:00,51.9,14.1,17.1,39.0,1.25,6.12,34.3,300.0,0.335
2026-09-29 10:30:00+00:00,53.8,11.5,8.74,87.0,2.92,6.88,33.2,250.0,0.135
2026-09-29 11:30:00+00:00,69.5,16.0,8.3,82.3,8.89,7.49,30.7,170.0,0.278
2026-09-29 12:30:00+00:00,93.6,11.9,4.15,87.0,19.6,7.33,29.5,158.0,0.24
2026-09-29 13:30:00+00:00,98.8,7.64,4.21,80.0,25.9,7.39,28.6,177.0,0.128
2026-09-29 17:30:00+00:00,99.1,5.43,4.19,69.2,27.6,9.16,29.0,216.0,0.15
2026-09-29 18:30:00+00:00,99.1,5.74,3.96,70.5,28.1,9.45,28.4,168.0,0.183
2026-09-29 19:30:00+00:00,99.1,5.69,3.87,66.6,25.7,8.79,27.9,125.0,0.165
2026-09-29 20:30:00+00:00,99.1,5.7,3.89,64.2,28.4,7.9,27.8,90.4,0.118
2026-09-29 21:30:00+00:00,99.1,6.0,4.32,69.7,30.2,7.98,27.7,165.0,0.183
2026-09-29 22:30:00+00:00,99.1,5.33,4.48,67.2,27.5,8.39,27.2,198.0,0.108
2026-09-29 23:30:00+00:00,99.1,4.85,3.87,55.7,26.1,8.44,27.1,176.0,0.105
2026-09-30 00:30:00+00:00,99.1,4.61,4.11,57.9,28.9,8.18,27.8,206.0,0.135
2026-09-30 01:30:00+00:00,98.7,4.91,4.01,60.2,30.9,7.99,30.1,205.0,0.105
2026-09-30 02:30:00+00:00,82.5,6.63,4.17,60.8,34.6,8.61,32.7,139.0,0.138
2026-09-30 03:30:00+00:00,65.3,9.51,4.52,87.6,40.5,8.9,33.5,169.0,0.36
2026-09-30 04:30:00+00:00,59.4,11.7,6.23,122.0,45.4,11.5,34.0,30.3,1.01
2026-09-30 05:30:00+00:00,55.5,11.3,9.48,103.0,36.9,11.4,34.4,25.4,1.16
2026-09-30 06:30:00+00:00,51.3,10.9,11.3,90.2,30.1,11.5,34.9,25.2,1.19
2026-09-30 07:30:00+00:00,49.6,10.7,9.32,77.5,26.6,8.2,35.1,28.2,1.12
2026-09-30 08:30:00+00:00,51.7,10.8,9.4,71.4,23.9,7.97,34.4,26.2,1.12
2026-09-30 09:30:00+00:00,52.1,10.8,8.76,71.7,23.4,8.92,34.1,30.5,0.83
2026-09-30 10:30:00+00:00,59.4,10.1,10.1,70.6,20.8,8.23,33.4,72.3,0.358
2026-09-30 11:30:00+00:00,76.2,8.2,10.4,71.9,23.9,7.9,30.6,162.0,0.268
2026-09-30 12:30:00+00:00,93.2,6.94,5.67,66.4,23.7,9.74,29.6,159.0,0.193
2026-09-30 13:30:00+00:00,98.1,5.92,4.58,66.2,24.4,10.1,29.2,163.0,0.185
2026-09-30 14:30:00+00:00,99.0,5.48,4.09,67.8,23.6,10.1,28.7,153.0,0.188
2026-09-30 15:30:00+00:00,99.0,5.37,4.01,67.9,22.2,10.3,28.2,181.0,0.145
2026-09-30 16:30:00+00:00,99.1,5.07,4.16,63.5,21.6,9.84,27.9,186.0,0.133
2026-09-30 17:30:00+00:00,99.1,4.6,3.88,62.6,22.0,10.2,27.7,157.0,0.143
2026-09-30 18:30:00+00:00,99.1,4.59,4.27,57.6,22.8,10.5,28.2,168.0,0.123
2026-09-30 19:30:00+00:00,99.1,4.61,4.2,52.7,21.6,9.99,27.6,179.0,0.12
2026-09-30 20:30:00+00:00,99.1,4.62,4.18,52.8,18.7,10.3,27.4,184.0,0.14
2026-09-30 21:30:00+00:00,99.1,4.22,3.84,50.9,20.4,10.6,27.1,199.0,0.125
2026-09-30 22:30:00+00:00,99.1,4.05,3.96,43.9,20.2,10.2,27.0,188.0,0.178
2026-09-30 23:30:00+00:00,99.1,4.21,4.6,41.8,18.4,10.5,26.9,178.0,0.0975
2026-10-01 00:30:00+00:00,99.1,4.27,4.18,38.1,17.5,10.7,27.8,208.0,0.11
2026-10-01 01:30:00+00:00,97.6,4.66,3.92,40.6,16.7,10.9,30.2,214.0,0.123
2026-10-01 02:30:00+00:00,74.0,5.85,4.81,42.6,22.6,11.5,32.4,134.0,0.278
2026-10-01 03:30:00+00:00,65.5,8.64,8.55,57.9,35.6,13.6,33.5,29.8,0.513
2026-10-01 04:30:00+00:00,57.2,11.1,10.6,80.2,44.5,13.6,34.5,33.7,0.74
2026-10-01 05:30:00+00:00,49.7,11.2,6.36,110.0,44.5,9.54,35.4,166.0,0.443
2026-10-01 06:30:00+00:00,48.1,10.7,7.52,102.0,37.5,9.68,35.9,266.0,0.525
2026-10-01 07:30:00+00:00,48.2,10.0,9.86,94.0,35.7,9.86,35.5,30.2,1.03
2026-10-01 08:30:00+00:00,48.7,9.4,16.3,93.9,31.1,11.7,34.9,24.8,0.828
2026-10-01 09:30:00+00:00,47.9,9.61,14.9,91.0,27.8,8.98,34.8,30.2,0.93
2026-10-01 10:30:00+00:00,54.2,9.48,7.02,91.5,23.2,7.84,34.0,66.2,0.405
2026-10-01 11:30:00+00:00,74.1,8.13,4.61,89.2,24.6,7.97,31.7,158.0,0.33
2026-10-01 12:30:00+00:00,92.4,6.99,4.28,90.6,25.0,9.88,30.3,174.0,0.19
2026-10-01 13:30:00+00:00,96.2,6.03,6.09,93.9,30.5,9.51,29.9,166.0,0.138
2026-10-01 14:30:00+00:00,94.5,5.69,7.26,88.2,26.2,9.59,30.1,108.0,0.158
2026-10-01 15:30:00+00:00,95.2,6.13,4.99,88.2,29.7,10.3,30.2,172.0,0.163
2026-10-01 16:30:00+00:00,98.9,5.88,4.22,81.7,28.2,9.97,29.9,171.0,0.165
2026-10-01 17:30:00+00:00,99.0,5.56,4.27,79.0,28.5,10.1,29.5,164.0,0.15
2026-10-01 18:30:00+00:00,99.0,5.24,3.87,78.6,27.8,10.3,29.4,170.0,0.14
2026-10-01 19:30:00+00:00,99.1,4.73,4.17,73.8,27.6,9.63,29.2,152.0,0.145
2026-10-01 20:30:00+00:00,99.1,4.44,4.77,68.2,25.3,11.0,28.3,163.0,0.12
2026-10-01 21:30:00+00:00,99.0,4.63,4.27,62.9,25.3,11.3,28.3,146.0,0.148
2026-10-01 22:30:00+00:00,98.7,5.44,4.0,57.3,23.8,11.5,28.0,159.0,0.205
2026-10-01 23:30:00+00:00,98.8,5.11,3.97,57.3,22.9,12.0,27.6,170.0,0.13
2026-10-02 00:30:00+00:00,98.8,4.52,4.19,56.4,22.9,11.3,28.1,193.0,0.0925
2026-10-02 01:30:00+00:00,91.9,4.8,3.96,58.6,25.0,11.2,30.4,278.0,0.173
2026-10-02 02:30:00+00:00,71.4,7.23,4.53,59.4,28.2,11.5,32.6,178.0,0.348
2026-10-02 03:30:00+00:00,67.8,10.8,5.88,80.1,36.2,12.2,33.8,30.4,0.735
2026-10-02 04:30:00+00:00,55.2,11.5,7.52,108.0,41.7,12.6,35.2,26.3,0.725
2026-10-02 05:30:00+00:00,50.1,10.2,10.2,101.0,41.1,11.9,35.8,108.0,0.953
2026-10-02 06:30:00+00:00,45.1,9.95,11.3,95.5,33.2,12.1,36.3,24.4,1.14
2026-10-02 07:30:00+00:00,42.0,9.58,9.11,87.0,29.5,9.03,36.8,25.6,0.975
2026-10-02 18:30:00+00:00,99.2,,3.87,75.7,26.9,,27.9,167.0,0.13
2026-10-02 19:30:00+00:00,99.1,,3.91,70.6,28.0,,27.5,157.0,0.14
2026-10-02 20:30:00+00:00,99.2,,3.65,63.7,29.4,,27.3,163.0,0.153
2026-10-02 21:30:00+00:00,99.2,,3.79,66.4,23.4,,26.7,163.0,0.14
2026-10-02 22:30:00+00:00,99.2,12.9,3.78,56.3,18.1,,26.1,186.0,0.095
2026-10-02 23:30:00+00:00,99.2,,3.0,51.6,16.3,,25.8,199.0,0.115
2026-10-03 00:30:00+00:00,99.2,,3.74,53.8,19.1,,26.9,186.0,0.123
2026-10-03 01:30:00+00:00,88.8,15.0,3.18,51.7,23.0,,30.3,198.0,0.197
2026-10-03 02:30:00+00:00,69.5,14.5,3.05,116.0,26.3,,32.4,179.0,0.18
2026-10-03 03:30:00+00:00,49.0,,,194.0,19.8,,35.0,30.3,0.86
2026-10-03 04:30:00+00:00,43.3,,3.0,18.4,15.0,,35.8,99.4,0.35
2026-10-03 06:30:00+00:00,34.0,18.6,3.46,27.3,17.0,,36.4,342.0,0.33
2026-10-03 07:30:00+00:00,33.2,,3.0,34.2,13.7,,35.5,2.81,0.37
2026-10-03 08:30:00+00:00,32.4,16.4,3.02,48.0,15.6,,35.4,18.9,0.58
2026-10-03 09:30:00+00:00,45.1,,3.0,62.2,16.3,,34.5,107.0,0.15
2026-10-03 10:30:00+00:00,68.2,19.7,3.09,48.6,13.5,,31.4,151.0,0.23
2026-10-03 11:30:00+00:00,81.8,17.2,3.0,120.0,12.7,,29.5,171.0,0.18
2026-10-03 12:30:00+00:00,79.1,18.6,4.03,221.0,14.6,,29.9,158.0,0.175
2026-10-03 13:30:00+00:00,87.2,12.4,3.16,41.2,14.7,5.77,29.0,167.0,0.167
2026-10-03 14:30:00+00:00,97.3,16.5,3.75,53.2,15.9,6.25,28.4,188.0,0.14
2026-10-03 15:30:00+00:00,99.2,,3.0,45.9,13.4,,28.8,199.0,0.12
2026-10-03 16:30:00+00:00,99.2,16.4,3.55,33.3,12.6,5.3,28.5,186.0,0.13
2026-10-03 17:30:00+00:00,99.2,,4.3,41.5,16.5,3.9,27.3,168.0,0.14
2026-10-03 18:30:00+00:00,99.2,15.0,3.0,48.2,17.1,7.23,27.0,157.0,0.175
2026-10-03 19:30:00+00:00,99.2,16.7,3.59,45.7,16.7,3.58,27.2,164.0,0.157
2026-10-03 20:30:00+00:00,99.2,14.0,3.87,37.9,,5.5,26.9,163.0,0.13
2026-10-03 21:30:00+00:00,99.2,9.82,3.0,38.2,22.7,8.16,25.1,206.0,0.215
2026-10-03 22:30:00+00:00,99.2,17.0,3.58,,,5.11,25.3,188.0,0.18
2026-10-03 23:30:00+00:00,99.2,14.4,3.67,27.8,16.8,4.74,26.1,182.0,0.117
2026-10-04 00:30:00+00:00,99.2,14.7,3.0,43.5,16.2,7.59,25.8,248.0,0.2
2026-10-04 01:30:00+00:00,93.8,14.0,3.25,33.8,12.0,6.83,28.9,244.0,0.317
2026-10-04 02:30:00+00:00,71.2,10.8,3.88,33.7,16.6,4.88,41.4,222.0,0.225
2026-10-04 03:30:00+00:00,60.4,11.6,4.1,45.8,12.0,2.69,35.7,207.0,0.283
2026-10-04 04:30:00+00:00,52.8,13.3,4.96,56.4,19.2,8.4,36.3,220.0,0.315
2026-10-04 05:30:00+00:00,43.7,9.18,6.55,50.9,15.0,7.03,36.6,212.0,0.263
2026-10-04 06:30:00+00:00,43.3,1.72,8.47,40.4,16.6,6.72,36.8,211.0,0.243
2026-10-04 07:30:00+00:00,43.2,,5.84,37.8,15.8,5.75,36.8,166.0,0.27
2026-10-04 08:30:00+00:00,50.1,,7.63,30.7,17.0,5.8,35.5,169.0,0.263
2026-10-04 09:30:00+00:00,54.2,,8.28,36.4,15.1,6.24,37.7,175.0,0.215
2026-10-05 07:30:00+00:00,46.0,,,55.0,23.2,,35.9,222.0,0.253
2026-10-05 08:30:00+00:00,49.0,11.1,53.4,42.6,22.8,12.4,35.1,241.0,0.255
2026-10-05 09:30:00+00:00,53.9,13.7,51.5,45.7,22.6,9.55,34.3,231.0,0.248
2026-10-05 10:30:00+00:00,59.6,9.18,34.2,33.0,22.1,7.23,33.0,216.0,0.223
2026-10-05 11:30:00+00:00,66.7,6.85,11.7,59.0,24.5,5.63,31.3,165.0,0.145
2026-10-05 12:30:00+00:00,87.1,6.03,6.53,52.6,24.6,8.35,30.0,174.0,0.188
2026-10-05 13:30:00+00:00,96.1,6.19,5.47,55.0,27.0,8.37,29.4,164.0,0.18
2026-10-05 14:30:00+00:00,97.6,5.82,7.91,50.3,26.3,8.5,29.0,160.0,0.183
2026-10-05 15:30:00+00:00,98.4,5.44,6.46,49.9,21.8,8.98,28.7,173.0,0.178
2026-10-05 16:30:00+00:00,94.0,6.02,6.4,41.8,25.0,9.5,29.0,167.0,0.208
2026-10-05 17:30:00+00:00,89.7,7.48,4.42,61.6,25.2,9.89,28.8,164.0,0.23
2026-10-05 18:30:00+00:00,96.6,7.28,4.36,63.4,25.0,10.1,27.9,171.0,0.185
2026-10-05 19:30:00+00:00,98.7,6.23,4.05,54.1,25.7,9.54,27.2,165.0,0.133
2026-10-05 20:30:00+00:00,98.9,5.31,4.13,45.5,27.7,8.98,26.8,173.0,0.123
2026-10-05 21:30:00+00:00,99.1,5.12,4.28,42.9,28.0,8.53,26.5,175.0,0.133
2026-10-05 22:30:00+00:00,99.1,5.13,4.95,38.6,25.1,9.37,26.3,163.0,0.12
2026-10-05 23:30:00+00:00,99.1,5.2,4.26,38.0,22.9,9.28,26.3,169.0,0.123
2026-10-06 00:30:00+00:00,99.0,4.92,3.71,31.4,23.3,9.21,27.3,225.0,0.17
2026-10-06 01:30:00+00:00,93.6,4.94,4.14,33.4,22.5,8.85,29.6,225.0,0.2
2026-10-06 02:30:00+00:00,69.9,5.74,4.59,37.5,24.1,8.8,32.3,221.0,0.198
2026-10-06 03:30:00+00:00,53.5,8.16,7.77,47.9,20.8,8.54,34.8,301.0,0.248
2026-10-06 04:30:00+00:00,49.1,16.9,45.2,53.6,22.6,10.8,36.0,299.0,0.323
2026-10-06 05:30:00+00:00,47.4,17.6,51.4,48.8,24.0,14.3,36.2,213.0,0.46
2026-10-06 06:30:00+00:00,43.9,21.7,41.4,45.7,29.4,13.8,36.8,331.0,0.448
2026-10-06 07:30:00+00:00,44.8,19.6,38.0,54.7,29.3,10.6,37.1,180.0,0.44
2026-10-06 08:30:00+00:00,47.4,25.4,49.4,54.4,26.3,10.9,36.1,15.1,0.613
2026-10-06 09:30:00+00:00,47.8,26.4,42.3,52.4,23.4,10.5,35.7,18.8,0.683
2026-10-06 10:30:00+00:00,53.2,26.1,26.5,53.2,22.2,8.46,33.5,25.4,1.4
2026-10-06 11:30:00+00:00,57.4,26.2,13.7,56.9,20.7,8.74,30.2,28.3,1.09
2026-10-06 12:30:00+00:00,68.2,26.4,5.7,57.7,18.1,6.92,28.7,145.0,0.33
2026-10-06 13:30:00+00:00,75.1,14.5,4.75,52.5,17.3,5.69,27.8,165.0,0.133
2026-10-06 14:30:00+00:00,81.4,9.64,4.36,46.3,14.9,6.69,27.3,196.0,0.145
2026-10-06 15:30:00+00:00,90.9,7.87,4.14,42.4,13.9,6.54,27.1,176.0,0.138
2026-10-06 16:30:00+00:00,92.9,7.43,3.76,40.1,15.3,6.9,27.1,120.0,0.09
2026-10-06 17:30:00+00:00,95.6,8.17,4.0,43.4,16.9,7.24,27.0,177.0,0.165
2026-10-06 18:30:00+00:00,99.0,7.63,3.95,46.7,15.7,8.09,26.6,170.0,0.175
2026-10-06 19:30:00+00:00,99.0,7.06,4.27,44.9,13.2,7.68,26.1,173.0,0.135
2026-10-06 20:30:00+00:00,99.0,7.15,4.64,43.0,13.4,8.2,26.6,147.0,0.173
2026-10-06 21:30:00+00:00,99.3,7.83,4.18,38.5,13.2,8.41,26.4,156.0,0.188
2026-10-06 22:30:00+00:00,99.7,7.63,3.95,38.0,14.3,8.62,26.1,163.0,0.145
2026-10-06 23:30:00+00:00,99.7,7.84,3.75,41.2,15.0,8.89,26.1,163.0,0.18
2026-10-07 00:30:00+00:00,99.2,7.76,4.21,42.6,14.7,9.07,27.3,156.0,0.273
2026-10-07 01:30:00+00:00,81.2,8.52,4.15,47.6,16.8,9.24,30.3,122.0,0.248
2026-10-07 02:30:00+00:00,65.1,9.56,4.12,53.1,19.0,8.98,32.7,126.0,0.19
2026-10-07 03:30:00+00:00,64.0,10.6,5.58,50.2,19.2,8.85,33.7,124.0,0.16
2026-10-07 04:30:00+00:00,63.7,10.9,8.55,48.3,19.9,9.93,34.4,50.3,0.39
