datetime,parameter,value
2026-06-30T23:30:00Z,pm25,10.2
2026-07-01T00:30:00Z,pm25,9.24
2026-07-01T01:30:00Z,pm25,9.15
2026-07-01T02:30:00Z,pm25,8.43
2026-07-01T03:30:00Z,pm25,10.2
2026-07-01T04:30:00Z,pm25,12.1
2026-07-01T05:30:00Z,pm25,10.5
2026-07-01T08:30:00Z,pm25,5.61
2026-07-01T09:30:00Z,pm25,7.32
2026-07-01T10:30:00Z,pm25,9.43
2026-07-01T11:30:00Z,pm25,8.4
2026-07-01T12:30:00Z,pm25,8.37
2026-07-01T13:30:00Z,pm25,9.22
2026-07-01T14:30:00Z,pm25,9.85
2026-07-01T15:30:00Z,pm25,9.54
2026-07-01T16:30:00Z,pm25,10.9
2026-07-01T17:30:00Z,pm25,12.5
2026-07-01T18:30:00Z,pm25,11.1
2026-07-01T19:30:00Z,pm25,10.8
2026-07-01T20:30:00Z,pm25,10.2
2026-07-01T21:30:00Z,pm25,10.1
2026-07-01T22:30:00Z,pm25,9.07
2026-07-01T23:30:00Z,pm25,7.75
2026-07-02T00:30:00Z,pm25,7.91
2026-07-02T01:30:00Z,pm25,7.75
2026-07-02T02:30:00Z,pm25,6.84
2026-07-02T03:30:00Z,pm25,7.72
2026-07-02T04:30:00Z,pm25,9.1
2026-07-02T05:30:00Z,pm25,9.79
2026-07-02T06:30:00Z,pm25,12.6
2026-07-02T07:30:00Z,pm25,12.7
2026-07-02T08:30:00Z,pm25,10.1
2026-07-02T09:30:00Z,pm25,9.65
2026-07-02T10:30:00Z,pm25,9.06
2026-07-02T11:30:00Z,pm25,10.2
2026-07-02T12:30:00Z,pm25,12.3
2026-07-02T13:30:00Z,pm25,11.4
2026-07-02T14:30:00Z,pm25,9.98
2026-07-02T15:30:00Z,pm25,9.41
2026-07-02T16:30:00Z,pm25,8.51
2026-07-02T17:30:00Z,pm25,7.37
2026-07-02T18:30:00Z,pm25,7.1
2026-07-02T19:30:00Z,pm25,6.42
2026-07-02T20:30:00Z,pm25,5.74
2026-07-02T21:30:00Z,pm25,6.71
2026-07-02T22:30:00Z,pm25,5.73
2026-07-02T23:30:00Z,pm25,4.03
2026-07-03T00:30:00Z,pm25,4.79
2026-07-03T01:30:00Z,pm25,5.94
2026-07-03T02:30:00Z,pm25,5.61
2026-07-03T03:30:00Z,pm25,3.92
2026-07-03T04:30:00Z,pm25,4.54
2026-07-03T05:30:00Z,pm25,4.7
2026-07-03T06:30:00Z,pm25,5.76
2026-07-03T07:30:00Z,pm25,6.3
2026-07-03T08:30:00Z,pm25,5.33
2026-07-03T09:30:00Z,pm25,5.03
2026-07-03T10:30:00Z,pm25,5.03
2026-07-03T11:30:00Z,pm25,6.46
2026-07-03T12:30:00Z,pm25,6.5
2026-07-03T13:30:00Z,pm25,6.53
2026-07-03T14:30:00Z,pm25,7.3
2026-07-03T15:30:00Z,pm25,6.9
2026-07-03T16:30:00Z,pm25,6.75
2026-07-03T17:30:00Z,pm25,7.08
2026-07-03T18:30:00Z,pm25,10.0
2026-07-03T19:30:00Z,pm25,9.23
2026-07-03T20:30:00Z,pm25,7.43
2026-07-03T21:30:00Z,pm25,6.12
2026-07-03T22:30:00Z,pm25,4.98
2026-07-03T23:30:00Z,pm25,4.83
2026-07-04T00:30:00Z,pm25,5.99
2026-07-04T01:30:00Z,pm25,5.82
2026-07-04T02:30:00Z,pm25,5.65
2026-07-04T03:30:00Z,pm25,10.0
2026-07-04T04:30:00Z,pm25,15.4
2026-07-04T05:30:00Z,pm25,17.8
2026-07-04T06:30:00Z,pm25,20.4
2026-07-04T07:30:00Z,pm25,19.9
2026-07-04T08:30:00Z,pm25,19.3
2026-07-04T09:30:00Z,pm25,19.8
2026-07-04T10:30:00Z,pm25,19.2
2026-07-04T11:30:00Z,pm25,17.7
2026-07-04T12:30:00Z,pm25,13.7
2026-07-04T13:30:00Z,pm25,9.96
2026-07-04T14:30:00Z,pm25,9.05
2026-07-04T15:30:00Z,pm25,9.44
2026-07-04T16:30:00Z,pm25,8.36
2026-07-04T17:30:00Z,pm25,7.18
2026-07-04T18:30:00Z,pm25,6.39
2026-07-04T19:30:00Z,pm25,6.4
2026-07-04T20:30:00Z,pm25,4.66
2026-07-04T21:30:00Z,pm25,4.85
2026-07-04T22:30:00Z,pm25,4.33
2026-07-04T23:30:00Z,pm25,3.21
2026-07-05T00:30:00Z,pm25,2.4
2026-07-05T01:30:00Z,pm25,1.81
2026-07-05T02:30:00Z,pm25,1.51
2026-07-05T03:30:00Z,pm25,1.61
2026-07-05T04:30:00Z,pm25,3.03
2026-07-05T05:30:00Z,pm25,4.01
2026-07-05T06:30:00Z,pm25,3.24
2026-07-05T07:30:00Z,pm25,2.99
2026-07-05T08:30:00Z,pm25,3.3
2026-07-05T09:30:00Z,pm25,4.46
2026-07-05T10:30:00Z,pm25,6.51
2026-07-05T11:30:00Z,pm25,7.23
2026-07-05T12:30:00Z,pm25,7.16
2026-07-05T13:30:00Z,pm25,7.41
2026-07-05T14:30:00Z,pm25,8.83
2026-07-05T15:30:00Z,pm25,9.58
2026-07-05T16:30:00Z,pm25,7.83
2026-07-05T17:30:00Z,pm25,6.51
2026-07-05T18:30:00Z,pm25,6.83
2026-07-05T19:30:00Z,pm25,6.83
2026-07-05T22:30:00Z,pm25,5.17
2026-07-05T23:30:00Z,pm25,4.47
2026-07-06T00:30:00Z,pm25,3.62
2026-07-06T01:30:00Z,pm25,3.38
2026-07-06T02:30:00Z,pm25,2.8
2026-07-06T03:30:00Z,pm25,2.05
2026-07-06T04:30:00Z,pm25,1.79
2026-07-06T05:30:00Z,pm25,2.66
2026-07-06T06:30:00Z,pm25,2.38
2026-07-06T07:30:00Z,pm25,2.57
2026-07-06T08:30:00Z,pm25,1.92
2026-07-06T09:30:00Z,pm25,1.65
2026-07-06T10:30:00Z,pm25,1.9
2026-07-06T11:30:00Z,pm25,3.3
2026-07-06T12:30:00Z,pm25,3.85
2026-07-06T13:30:00Z,pm25,2.78
2026-07-06T14:30:00Z,pm25,2.14
2026-07-06T15:30:00Z,pm25,2.53
2026-07-06T16:30:00Z,pm25,2.79
2026-07-06T17:30:00Z,pm25,2.75
2026-07-06T19:30:00Z,pm25,4.47
2026-07-06T20:30:00Z,pm25,4.17
2026-07-06T21:30:00Z,pm25,3.29
2026-07-06T22:30:00Z,pm25,2.95
2026-07-06T23:30:00Z,pm25,3.18
2026-07-07T00:30:00Z,pm25,4.38
2026-07-07T01:30:00Z,pm25,5.57
2026-07-07T02:30:00Z,pm25,4.62
2026-07-07T03:30:00Z,pm25,5.69
2026-07-07T04:30:00Z,pm25,6.42
2026-07-07T05:30:00Z,pm25,5.31
2026-07-07T06:30:00Z,pm25,5.62
2026-07-07T07:30:00Z,pm25,5.69
2026-07-07T08:30:00Z,pm25,4.48
2026-07-07T09:30:00Z,pm25,3.99
2026-07-07T10:30:00Z,pm25,4.64
2026-07-07T11:30:00Z,pm25,6.05
2026-07-07T12:30:00Z,pm25,5.63
2026-07-07T13:30:00Z,pm25,4.5
2026-07-07T14:30:00Z,pm25,3.64
2026-07-07T15:30:00Z,pm25,2.72
2026-07-07T16:30:00Z,pm25,2.2
2026-07-07T17:30:00Z,pm25,2.68
2026-07-07T18:30:00Z,pm25,4.09
2026-07-07T19:30:00Z,pm25,3.48
2026-07-07T20:30:00Z,pm25,2.44
2026-07-07T21:30:00Z,pm25,1.71
2026-07-07T22:30:00Z,pm25,1.21
2026-07-07T23:30:00Z,pm25,0.96
2026-07-08T00:30:00Z,pm25,0.9
2026-07-08T01:30:00Z,pm25,0.83
2026-07-08T02:30:00Z,pm25,1.04
2026-07-08T03:30:00Z,pm25,2.05
2026-07-08T04:30:00Z,pm25,2.48
2026-07-08T05:30:00Z,pm25,2.55
2026-07-08T06:30:00Z,pm25,2.93
2026-07-08T08:30:00Z,pm25,0.91
2026-07-08T09:30:00Z,pm25,1.43
2026-07-08T10:30:00Z,pm25,2.96
2026-07-08T11:30:00Z,pm25,3.0
2026-07-08T12:30:00Z,pm25,2.23
2026-07-08T13:30:00Z,pm25,2.25
2026-07-08T14:30:00Z,pm25,3.22
2026-07-08T15:30:00Z,pm25,2.78
2026-07-08T16:30:00Z,pm25,3.02
2026-07-08T17:30:00Z,pm25,2.51
2026-07-08T18:30:00Z,pm25,1.64
2026-07-08T19:30:00Z,pm25,1.36
2026-07-08T20:30:00Z,pm25,1.24
2026-07-08T21:30:00Z,pm25,1.3
2026-07-08T22:30:00Z,pm25,1.77
2026-07-08T23:30:00Z,pm25,1.62
2026-07-09T00:30:00Z,pm25,1.71
2026-07-09T01:30:00Z,pm25,2.34
2026-07-09T02:30:00Z,pm25,2.33
2026-07-09T03:30:00Z,pm25,3.99
2026-07-09T04:30:00Z,pm25,5.45
2026-07-09T05:30:00Z,pm25,5.68
2026-07-09T06:30:00Z,pm25,8.49
2026-07-09T07:30:00Z,pm25,9.63
2026-07-09T08:30:00Z,pm25,11.1
2026-07-09T09:30:00Z,pm25,12.4
2026-07-09T10:30:00Z,pm25,12.3
2026-07-09T11:30:00Z,pm25,15.1
2026-07-09T12:30:00Z,pm25,12.6
2026-07-09T13:30:00Z,pm25,10.9
2026-07-09T14:30:00Z,pm25,9.03
2026-07-09T15:30:00Z,pm25,8.26
2026-07-09T16:30:00Z,pm25,7.08
2026-07-09T17:30:00Z,pm25,9.53
2026-07-09T18:30:00Z,pm25,6.67
2026-07-09T19:30:00Z,pm25,6.54
2026-07-09T20:30:00Z,pm25,6.16
2026-07-09T21:30:00Z,pm25,4.39
2026-07-09T22:30:00Z,pm25,4.15
2026-07-09T23:30:00Z,pm25,7.5
2026-07-10T00:30:00Z,pm25,8.71
2026-07-10T01:30:00Z,pm25,6.37
2026-07-10T02:30:00Z,pm25,5.78
2026-07-10T03:30:00Z,pm25,7.88
2026-07-10T04:30:00Z,pm25,7.19
2026-07-10T05:30:00Z,pm25,10.9
2026-07-10T06:30:00Z,pm25,11.5
2026-07-10T07:30:00Z,pm25,15.1
2026-07-10T08:30:00Z,pm25,16.0
2026-07-10T09:30:00Z,pm25,16.8
2026-07-10T10:30:00Z,pm25,17.0
2026-07-10T11:30:00Z,pm25,16.4
2026-07-10T12:30:00Z,pm25,14.5
2026-07-10T13:30:00Z,pm25,17.1
2026-07-10T14:30:00Z,pm25,18.5
2026-07-10T15:30:00Z,pm25,15.8
2026-07-10T16:30:00Z,pm25,14.2
2026-07-10T17:30:00Z,pm25,14.3
2026-07-10T18:30:00Z,pm25,13.0
2026-07-10T19:30:00Z,pm25,12.5
2026-07-10T20:30:00Z,pm25,11.8
2026-07-10T21:30:00Z,pm25,10.4
2026-07-10T22:30:00Z,pm25,10.7
2026-07-10T23:30:00Z,pm25,12.1
2026-07-11T00:30:00Z,pm25,10.9
2026-07-11T01:30:00Z,pm25,11.0
2026-07-11T02:30:00Z,pm25,10.8
2026-07-11T03:30:00Z,pm25,10.8
2026-07-11T04:30:00Z,pm25,14.2
2026-07-11T05:30:00Z,pm25,14.0
2026-07-11T06:30:00Z,pm25,14.4
2026-07-11T07:30:00Z,pm25,15.1
2026-07-11T08:30:00Z,pm25,14.5
2026-07-11T09:30:00Z,pm25,12.8
2026-07-11T10:30:00Z,pm25,14.0
2026-07-11T11:30:00Z,pm25,15.7
2026-07-11T12:30:00Z,pm25,13.6
2026-07-11T13:30:00Z,pm25,12.5
2026-07-11T14:30:00Z,pm25,11.4
2026-07-11T15:30:00Z,pm25,9.98
2026-07-11T16:30:00Z,pm25,11.0
2026-07-11T17:30:00Z,pm25,11.3
2026-07-11T18:30:00Z,pm25,14.1
2026-07-11T19:30:00Z,pm25,12.9
2026-07-11T20:30:00Z,pm25,10.9
2026-07-11T21:30:00Z,pm25,10.4
2026-07-11T22:30:00Z,pm25,9.38
2026-07-11T23:30:00Z,pm25,8.94
2026-07-12T00:30:00Z,pm25,8.27
2026-07-12T01:30:00Z,pm25,10.1
2026-07-12T02:30:00Z,pm25,9.98
2026-07-12T03:30:00Z,pm25,10.4
2026-07-12T04:30:00Z,pm25,12.8
2026-07-12T05:30:00Z,pm25,13.0
2026-07-12T06:30:00Z,pm25,12.1
2026-07-12T07:30:00Z,pm25,12.1
2026-07-12T08:30:00Z,pm25,10.5
2026-07-12T09:30:00Z,pm25,12.1
2026-07-12T10:30:00Z,pm25,14.0
2026-07-12T11:30:00Z,pm25,16.2
2026-07-12T12:30:00Z,pm25,15.6
2026-07-12T13:30:00Z,pm25,14.3
2026-07-12T14:30:00Z,pm25,13.5
2026-07-12T15:30:00Z,pm25,15.0
2026-07-12T16:30:00Z,pm25,15.1
2026-07-12T17:30:00Z,pm25,17.2
2026-07-12T18:30:00Z,pm25,16.4
2026-07-12T19:30:00Z,pm25,16.5
2026-07-12T20:30:00Z,pm25,16.0
2026-07-12T21:30:00Z,pm25,15.8
2026-07-12T22:30:00Z,pm25,15.0
2026-07-12T23:30:00Z,pm25,13.2
2026-07-13T00:30:00Z,pm25,13.2
2026-07-13T01:30:00Z,pm25,13.3
2026-07-13T02:30:00Z,pm25,14.3
2026-07-13T03:30:00Z,pm25,17.3
2026-07-13T04:30:00Z,pm25,17.3
2026-07-13T05:30:00Z,pm25,14.5
2026-07-13T06:30:00Z,pm25,12.8
2026-07-13T07:30:00Z,pm25,16.3
2026-07-13T08:30:00Z,pm25,15.0
2026-07-13T09:30:00Z,pm25,15.3
2026-07-13T10:30:00Z,pm25,14.1
2026-07-13T11:30:00Z,pm25,15.2
2026-07-13T12:30:00Z,pm25,15.0
2026-07-13T13:30:00Z,pm25,12.7
2026-07-13T14:30:00Z,pm25,12.2
2026-07-13T15:30:00Z,pm25,12.8
2026-07-13T16:30:00Z,pm25,15.0
2026-07-13T17:30:00Z,pm25,16.1
2026-07-13T18:30:00Z,pm25,15.0
2026-07-13T19:30:00Z,pm25,14.8
2026-07-13T20:30:00Z,pm25,15.1
2026-07-13T21:30:00Z,pm25,13.9
2026-07-13T22:30:00Z,pm25,15.6
2026-07-13T23:30:00Z,pm25,16.7
2026-07-14T00:30:00Z,pm25,16.0
2026-07-14T01:30:00Z,pm25,17.5
2026-07-14T02:30:00Z,pm25,17.6
2026-07-14T03:30:00Z,pm25,16.4
2026-07-14T04:30:00Z,pm25,15.6
2026-07-14T05:30:00Z,pm25,16.8
2026-07-14T06:30:00Z,pm25,16.8
2026-07-14T07:30:00Z,pm25,16.3
2026-07-14T08:30:00Z,pm25,14.3
2026-07-14T09:30:00Z,pm25,16.5
2026-07-14T10:30:00Z,pm25,16.8
2026-07-14T11:30:00Z,pm25,14.1
2026-07-14T12:30:00Z,pm25,13.6
2026-07-14T13:30:00Z,pm25,13.7
2026-07-14T14:30:00Z,pm25,13.5
2026-07-14T15:30:00Z,pm25,13.0
2026-07-14T16:30:00Z,pm25,12.0
2026-07-14T17:30:00Z,pm25,12.3
2026-07-14T18:30:00Z,pm25,12.4
2026-07-14T19:30:00Z,pm25,10.8
2026-07-14T20:30:00Z,pm25,8.23
2026-07-14T21:30:00Z,pm25,8.2
2026-07-14T22:30:00Z,pm25,7.44
2026-07-14T23:30:00Z,pm25,7.5
2026-07-15T00:30:00Z,pm25,10.6
2026-07-15T01:30:00Z,pm25,9.52
2026-07-15T02:30:00Z,pm25,11.3
2026-07-15T03:30:00Z,pm25,10.2
2026-07-15T04:30:00Z,pm25,11.3
2026-07-15T05:30:00Z,pm25,10.1
2026-07-15T06:30:00Z,pm25,10.0
2026-07-15T07:30:00Z,pm25,10.6
2026-07-15T08:30:00Z,pm25,11.2
2026-07-15T09:30:00Z,pm25,11.0
2026-07-15T10:30:00Z,pm25,10.5
2026-07-15T11:30:00Z,pm25,11.6
2026-07-15T12:30:00Z,pm25,14.8
2026-07-15T13:30:00Z,pm25,12.1
2026-07-15T14:30:00Z,pm25,10.7
2026-07-15T15:30:00Z,pm25,12.5
2026-07-15T16:30:00Z,pm25,13.2
2026-07-15T17:30:00Z,pm25,15.7
2026-07-15T19:30:00Z,pm25,21.9
2026-07-15T20:30:00Z,pm25,27.4
2026-07-15T21:30:00Z,pm25,26.2
2026-07-15T22:30:00Z,pm25,17.8
2026-07-15T23:30:00Z,pm25,17.2
2026-07-16T00:30:00Z,pm25,17.6
2026-07-16T01:30:00Z,pm25,18.3
2026-07-16T02:30:00Z,pm25,11.8
2026-07-16T03:30:00Z,pm25,15.7
2026-07-16T04:30:00Z,pm25,18.7
2026-07-16T05:30:00Z,pm25,16.3
2026-07-16T06:30:00Z,pm25,16.0
2026-07-16T07:30:00Z,pm25,17.2
2026-07-16T08:30:00Z,pm25,16.8
2026-07-16T09:30:00Z,pm25,15.7
2026-07-16T10:30:00Z,pm25,13.6
2026-07-16T11:30:00Z,pm25,14.5
2026-07-16T12:30:00Z,pm25,11.0
2026-07-16T13:30:00Z,pm25,9.79
2026-07-16T14:30:00Z,pm25,7.18
2026-07-16T15:30:00Z,pm25,6.65
2026-07-16T16:30:00Z,pm25,7.46
2026-07-16T17:30:00Z,pm25,9.67
2026-07-16T18:30:00Z,pm25,7.56
2026-07-16T19:30:00Z,pm25,7.87
2026-07-16T20:30:00Z,pm25,8.42
2026-07-16T21:30:00Z,pm25,9.46
2026-07-16T22:30:00Z,pm25,9.95
2026-07-16T23:30:00Z,pm25,8.14
2026-07-17T00:30:00Z,pm25,8.96
2026-07-17T01:30:00Z,pm25,7.19
2026-07-17T02:30:00Z,pm25,5.73
2026-07-17T03:30:00Z,pm25,5.82
2026-07-17T04:30:00Z,pm25,8.37
2026-07-17T05:30:00Z,pm25,9.04
2026-07-17T06:30:00Z,pm25,8.45
2026-07-17T07:30:00Z,pm25,9.88
2026-07-17T08:30:00Z,pm25,10.2
2026-07-17T09:30:00Z,pm25,9.07
2026-07-17T10:30:00Z,pm25,7.52
2026-07-17T11:30:00Z,pm25,9.41
2026-07-17T12:30:00Z,pm25,7.88
2026-07-17T13:30:00Z,pm25,8.21
2026-07-17T14:30:00Z,pm25,6.95
2026-07-17T15:30:00Z,pm25,7.86
2026-07-17T16:30:00Z,pm25,8.67
2026-07-17T17:30:00Z,pm25,8.46
2026-07-17T18:30:00Z,pm25,8.79
2026-07-17T19:30:00Z,pm25,8.71
2026-07-17T20:30:00Z,pm25,6.85
2026-07-17T21:30:00Z,pm25,7.95
2026-07-17T22:30:00Z,pm25,8.33
2026-07-17T23:30:00Z,pm25,9.28
2026-07-18T00:30:00Z,pm25,11.4
2026-07-18T01:30:00Z,pm25,10.1
2026-07-18T02:30:00Z,pm25,9.06
2026-07-18T03:30:00Z,pm25,10.4
2026-07-18T04:30:00Z,pm25,10.8
2026-07-18T05:30:00Z,pm25,11.0
2026-07-18T06:30:00Z,pm25,11.7
2026-07-18T07:30:00Z,pm25,11.3
2026-07-18T08:30:00Z,pm25,9.74
2026-07-18T09:30:00Z,pm25,9.75
2026-07-18T10:30:00Z,pm25,11.7
2026-07-18T11:30:00Z,pm25,9.68
2026-07-18T12:30:00Z,pm25,9.89
2026-07-18T13:30:00Z,pm25,8.92
2026-07-18T14:30:00Z,pm25,8.56
2026-07-18T15:30:00Z,pm25,8.92
2026-07-18T16:30:00Z,pm25,9.26
2026-07-18T17:30:00Z,pm25,10.5
2026-07-18T18:30:00Z,pm25,10.0
2026-07-18T19:30:00Z,pm25,9.72
2026-07-18T20:30:00Z,pm25,8.79
2026-07-18T21:30:00Z,pm25,9.88
2026-07-18T22:30:00Z,pm25,11.7
2026-07-18T23:30:00Z,pm25,12.8
2026-07-19T00:30:00Z,pm25,10.5
2026-07-19T01:30:00Z,pm25,8.98
2026-07-19T02:30:00Z,pm25,9.46
2026-07-19T03:30:00Z,pm25,14.3
2026-07-19T04:30:00Z,pm25,14.2
2026-07-19T05:30:00Z,pm25,15.3
2026-07-19T06:30:00Z,pm25,16.4
2026-07-19T07:30:00Z,pm25,15.1
2026-07-19T08:30:00Z,pm25,10.9
2026-07-19T09:30:00Z,pm25,8.16
2026-07-19T10:30:00Z,pm25,7.49
2026-07-19T11:30:00Z,pm25,6.88
2026-07-19T12:30:00Z,pm25,7.26
2026-07-19T13:30:00Z,pm25,7.46
2026-07-19T14:30:00Z,pm25,8.35
2026-07-19T15:30:00Z,pm25,10.5
2026-07-19T16:30:00Z,pm25,11.0
2026-07-19T17:30:00Z,pm25,14.3
2026-07-19T18:30:00Z,pm25,11.0
2026-07-19T19:30:00Z,pm25,9.52
2026-07-19T20:30:00Z,pm25,7.06
2026-07-19T21:30:00Z,pm25,6.67
2026-07-19T22:30:00Z,pm25,6.57
2026-07-19T23:30:00Z,pm25,6.17
2026-07-20T00:30:00Z,pm25,5.56
2026-07-20T01:30:00Z,pm25,6.07
2026-07-20T02:30:00Z,pm25,5.23
2026-07-20T03:30:00Z,pm25,7.8
2026-07-20T04:30:00Z,pm25,9.17
2026-07-20T05:30:00Z,pm25,10.3
2026-07-20T06:30:00Z,pm25,13.3
2026-07-20T07:30:00Z,pm25,15.2
2026-07-20T08:30:00Z,pm25,17.1
2026-07-20T09:30:00Z,pm25,15.9
2026-07-20T10:30:00Z,pm25,15.3
2026-07-20T11:30:00Z,pm25,14.2
2026-07-20T12:30:00Z,pm25,15.6
2026-07-20T13:30:00Z,pm25,19.0
2026-07-20T14:30:00Z,pm25,17.4
2026-07-20T15:30:00Z,pm25,13.2
2026-07-20T16:30:00Z,pm25,10.8
2026-07-20T17:30:00Z,pm25,10.1
2026-07-20T19:30:00Z,pm25,5.76
2026-07-20T20:30:00Z,pm25,4.45
2026-07-20T21:30:00Z,pm25,3.34
2026-07-20T22:30:00Z,pm25,2.89
2026-07-20T23:30:00Z,pm25,3.57
2026-07-21T00:30:00Z,pm25,3.96
2026-07-21T01:30:00Z,pm25,3.61
2026-07-21T02:30:00Z,pm25,3.74
2026-07-21T03:30:00Z,pm25,3.91
2026-07-21T04:30:00Z,pm25,4.73
2026-07-21T05:30:00Z,pm25,5.91
2026-07-21T06:30:00Z,pm25,6.25
2026-07-21T07:30:00Z,pm25,8.4
2026-07-21T08:30:00Z,pm25,7.49
2026-07-21T09:30:00Z,pm25,5.28
2026-07-21T10:30:00Z,pm25,3.91
2026-07-21T11:30:00Z,pm25,3.09
2026-07-21T12:30:00Z,pm25,2.33
2026-07-21T13:30:00Z,pm25,1.85
2026-07-21T14:30:00Z,pm25,1.4
2026-07-21T15:30:00Z,pm25,1.39
2026-07-21T16:30:00Z,pm25,1.43
2026-07-21T17:30:00Z,pm25,1.24
2026-07-21T21:30:00Z,pm25,1.2
2026-07-21T22:30:00Z,pm25,1.12
2026-07-21T23:30:00Z,pm25,1.05
2026-07-22T00:30:00Z,pm25,0.963
2026-07-22T01:30:00Z,pm25,0.955
2026-07-22T02:30:00Z,pm25,0.94
2026-07-22T03:30:00Z,pm25,1.04
2026-07-22T04:30:00Z,pm25,1.02
2026-07-22T05:30:00Z,pm25,1.02
2026-07-22T06:30:00Z,pm25,0.998
2026-07-22T07:30:00Z,pm25,0.978
2026-07-24T08:30:00Z,pm25,4.58
2026-07-24T09:30:00Z,pm25,4.53
2026-07-24T10:30:00Z,pm25,5.85
2026-07-24T11:30:00Z,pm25,7.34
2026-07-24T12:30:00Z,pm25,7.16
2026-07-24T13:30:00Z,pm25,5.44
2026-07-24T14:30:00Z,pm25,4.82
2026-07-24T15:30:00Z,pm25,5.89
2026-07-24T16:30:00Z,pm25,6.43
2026-07-24T17:30:00Z,pm25,6.44
2026-07-24T18:30:00Z,pm25,6.24
2026-07-24T19:30:00Z,pm25,5.32
2026-07-24T20:30:00Z,pm25,4.23
2026-07-24T21:30:00Z,pm25,4.2
2026-07-24T22:30:00Z,pm25,3.84
2026-07-24T23:30:00Z,pm25,3.22
2026-07-25T00:30:00Z,pm25,3.0
2026-07-25T01:30:00Z,pm25,2.83
2026-07-25T02:30:00Z,pm25,3.74
2026-07-25T03:30:00Z,pm25,5.08
2026-07-25T04:30:00Z,pm25,5.55
2026-07-25T05:30:00Z,pm25,6.54
2026-07-25T06:30:00Z,pm25,8.64
2026-07-25T07:30:00Z,pm25,8.41
2026-07-25T08:30:00Z,pm25,7.48
2026-07-25T09:30:00Z,pm25,8.12
2026-07-25T10:30:00Z,pm25,8.23
2026-07-25T11:30:00Z,pm25,8.24
2026-07-25T12:30:00Z,pm25,7.84
2026-07-25T13:30:00Z,pm25,7.54
2026-07-25T14:30:00Z,pm25,7.06
2026-07-25T15:30:00Z,pm25,7.28
2026-07-25T16:30:00Z,pm25,8.38
2026-07-25T17:30:00Z,pm25,8.67
2026-07-25T18:30:00Z,pm25,6.66
2026-07-25T19:30:00Z,pm25,6.25
2026-07-25T20:30:00Z,pm25,5.86
2026-07-25T21:30:00Z,pm25,5.36
2026-07-25T22:30:00Z,pm25,5.59
2026-07-25T23:30:00Z,pm25,7.5
2026-07-26T00:30:00Z,pm25,8.02
2026-07-26T01:30:00Z,pm25,6.06
2026-07-26T02:30:00Z,pm25,6.48
2026-07-26T03:30:00Z,pm25,7.71
2026-07-26T04:30:00Z,pm25,8.97
2026-07-26T05:30:00Z,pm25,10.3
2026-07-26T06:30:00Z,pm25,10.8
2026-07-26T07:30:00Z,pm25,9.9
2026-07-26T08:30:00Z,pm25,8.46
2026-07-26T09:30:00Z,pm25,9.52
2026-07-26T10:30:00Z,pm25,11.7
2026-07-26T11:30:00Z,pm25,11.1
2026-07-26T12:30:00Z,pm25,9.34
2026-07-26T13:30:00Z,pm25,8.83
2026-07-26T14:30:00Z,pm25,7.81
2026-07-26T15:30:00Z,pm25,7.72
2026-07-26T16:30:00Z,pm25,9.63
2026-07-26T17:30:00Z,pm25,9.82
2026-07-26T18:30:00Z,pm25,9.89
2026-07-26T19:30:00Z,pm25,8.28
2026-07-26T20:30:00Z,pm25,6.77
2026-07-26T21:30:00Z,pm25,7.02
2026-07-26T22:30:00Z,pm25,7.98
2026-07-26T23:30:00Z,pm25,8.8
2026-07-27T00:30:00Z,pm25,9.73
2026-07-27T01:30:00Z,pm25,10.1
2026-07-27T02:30:00Z,pm25,9.86
2026-07-27T03:30:00Z,pm25,8.83
2026-07-27T04:30:00Z,pm25,9.91
2026-07-27T05:30:00Z,pm25,11.0
2026-07-27T06:30:00Z,pm25,11.5
2026-07-27T07:30:00Z,pm25,12.9
2026-07-27T08:30:00Z,pm25,12.3
2026-07-27T09:30:00Z,pm25,12.2
2026-07-27T10:30:00Z,pm25,12.5
2026-07-27T11:30:00Z,pm25,8.78
2026-07-27T12:30:00Z,pm25,10.4
2026-07-27T13:30:00Z,pm25,11.1
2026-07-27T14:30:00Z,pm25,9.16
2026-07-27T15:30:00Z,pm25,8.09
2026-07-27T16:30:00Z,pm25,6.41
2026-07-27T17:30:00Z,pm25,6.18
2026-07-27T18:30:00Z,pm25,5.98
2026-07-27T19:30:00Z,pm25,5.36
2026-07-27T20:30:00Z,pm25,4.28
2026-07-27T21:30:00Z,pm25,4.16
2026-07-27T22:30:00Z,pm25,4.44
2026-07-27T23:30:00Z,pm25,4.05
2026-07-28T00:30:00Z,pm25,3.99
2026-07-28T01:30:00Z,pm25,2.94
2026-07-28T02:30:00Z,pm25,3.42
2026-07-28T03:30:00Z,pm25,4.56
2026-07-28T04:30:00Z,pm25,4.94
2026-07-28T05:30:00Z,pm25,7.51
2026-07-28T06:30:00Z,pm25,8.95
2026-07-28T07:30:00Z,pm25,6.42
2026-07-28T08:30:00Z,pm25,5.19
2026-07-28T09:30:00Z,pm25,5.97
2026-07-28T10:30:00Z,pm25,7.09
2026-07-28T11:30:00Z,pm25,6.99
2026-07-28T12:30:00Z,pm25,6.01
2026-07-28T13:30:00Z,pm25,5.27
2026-07-28T14:30:00Z,pm25,5.83
2026-07-28T15:30:00Z,pm25,5.79
2026-07-28T16:30:00Z,pm25,6.78
2026-07-28T17:30:00Z,pm25,8.1
2026-07-28T18:30:00Z,pm25,5.8
2026-07-28T19:30:00Z,pm25,4.45
2026-07-28T20:30:00Z,pm25,3.4
2026-07-28T21:30:00Z,pm25,3.01
2026-07-28T22:30:00Z,pm25,3.93
2026-07-28T23:30:00Z,pm25,4.99
2026-07-29T00:30:00Z,pm25,4.43
2026-07-29T01:30:00Z,pm25,4.31
2026-07-29T02:30:00Z,pm25,4.66
2026-07-29T03:30:00Z,pm25,4.03
2026-07-29T04:30:00Z,pm25,5.06
2026-07-29T05:30:00Z,pm25,8.53
2026-07-29T06:30:00Z,pm25,13.0
2026-07-29T07:30:00Z,pm25,13.4
2026-07-29T08:30:00Z,pm25,14.3
2026-07-29T09:30:00Z,pm25,16.8
2026-07-29T10:30:00Z,pm25,13.7
2026-07-29T11:30:00Z,pm25,12.0
2026-07-29T12:30:00Z,pm25,12.6
2026-07-29T13:30:00Z,pm25,13.6
2026-07-29T14:30:00Z,pm25,13.3
2026-07-29T15:30:00Z,pm25,12.2
2026-07-29T16:30:00Z,pm25,10.0
2026-07-29T17:30:00Z,pm25,8.49
2026-07-29T18:30:00Z,pm25,6.29
2026-07-29T19:30:00Z,pm25,5.59
2026-07-29T20:30:00Z,pm25,4.64
2026-07-29T21:30:00Z,pm25,3.47
2026-07-29T22:30:00Z,pm25,2.66
2026-07-29T23:30:00Z,pm25,2.39
2026-07-30T01:30:00Z,pm25,1.59
2026-07-30T02:30:00Z,pm25,1.54
2026-07-30T03:30:00Z,pm25,1.36
2026-07-30T04:30:00Z,pm25,1.14
2026-07-30T05:30:00Z,pm25,1.52
2026-07-30T06:30:00Z,pm25,1.99
2026-07-30T07:30:00Z,pm25,1.72
2026-07-30T08:30:00Z,pm25,1.57
2026-07-30T09:30:00Z,pm25,1.69
2026-07-30T10:30:00Z,pm25,1.9
2026-07-30T11:30:00Z,pm25,1.86
2026-07-30T12:30:00Z,pm25,1.85
2026-07-30T13:30:00Z,pm25,1.83
2026-07-30T14:30:00Z,pm25,1.8
2026-07-30T15:30:00Z,pm25,1.74
2026-07-30T16:30:00Z,pm25,1.71
2026-07-30T17:30:00Z,pm25,1.68
2026-07-30T18:30:00Z,pm25,1.66
2026-07-30T19:30:00Z,pm25,1.65
2026-07-30T20:30:00Z,pm25,1.64
2026-07-30T21:30:00Z,pm25,1.62
2026-07-30T22:30:00Z,pm25,1.6
2026-07-31T00:30:00Z,pm25,1.68
2026-07-31T01:30:00Z,pm25,1.68
2026-07-31T02:30:00Z,pm25,1.66
2026-07-31T03:30:00Z,pm25,1.65
2026-07-31T04:30:00Z,pm25,1.65
2026-07-31T05:30:00Z,pm25,1.65
2026-07-31T06:30:00Z,pm25,1.65
2026-07-31T07:30:00Z,pm25,14.3
2026-07-31T08:30:00Z,pm25,27.3
2026-07-31T09:30:00Z,pm25,22.4
2026-07-31T10:30:00Z,pm25,16.4
2026-07-31T11:30:00Z,pm25,11.9
2026-07-31T12:30:00Z,pm25,8.37
2026-07-31T13:30:00Z,pm25,6.03
2026-07-31T14:30:00Z,pm25,4.86
2026-07-31T15:30:00Z,pm25,4.15
2026-07-31T16:30:00Z,pm25,9.81
2026-07-31T17:30:00Z,pm25,8.43
2026-07-31T18:30:00Z,pm25,7.68
2026-07-31T19:30:00Z,pm25,5.88
2026-07-31T20:30:00Z,pm25,4.43
2026-07-31T21:30:00Z,pm25,5.09
2026-07-31T22:30:00Z,pm25,7.38
2026-07-31T23:30:00Z,pm25,5.82
2026-08-01T00:30:00Z,pm25,4.46
2026-08-01T01:30:00Z,pm25,4.34
2026-08-01T02:30:00Z,pm25,4.7
2026-08-01T03:30:00Z,pm25,7.07
2026-08-01T04:30:00Z,pm25,6.66
2026-08-01T05:30:00Z,pm25,7.81
2026-08-01T06:30:00Z,pm25,8.44
2026-08-01T07:30:00Z,pm25,9.0
2026-08-01T08:30:00Z,pm25,10.2
2026-08-01T09:30:00Z,pm25,7.57
2026-08-01T10:30:00Z,pm25,6.44
2026-08-01T11:30:00Z,pm25,7.29
2026-08-01T12:30:00Z,pm25,7.34
2026-08-01T13:30:00Z,pm25,10.7
2026-08-01T14:30:00Z,pm25,8.62
2026-08-01T15:30:00Z,pm25,8.36
2026-08-01T16:30:00Z,pm25,10.9
2026-08-01T17:30:00Z,pm25,13.7
2026-08-01T18:30:00Z,pm25,13.2
2026-08-01T19:30:00Z,pm25,12.1
2026-08-01T20:30:00Z,pm25,13.3
2026-08-01T21:30:00Z,pm25,10.4
2026-08-01T22:30:00Z,pm25,11.2
2026-08-01T23:30:00Z,pm25,11.7
2026-08-02T00:30:00Z,pm25,11.7
2026-08-02T01:30:00Z,pm25,8.67
2026-08-02T02:30:00Z,pm25,7.48
2026-08-02T03:30:00Z,pm25,8.02
2026-08-02T04:30:00Z,pm25,13.6
2026-08-02T05:30:00Z,pm25,13.4
2026-08-02T06:30:00Z,pm25,14.6
2026-08-02T07:30:00Z,pm25,14.7
2026-08-02T08:30:00Z,pm25,11.2
2026-08-02T09:30:00Z,pm25,10.9
2026-08-02T10:30:00Z,pm25,11.9
2026-08-02T11:30:00Z,pm25,12.7
2026-08-02T12:30:00Z,pm25,8.83
2026-08-02T13:30:00Z,pm25,9.24
2026-08-02T14:30:00Z,pm25,10.6
2026-08-02T15:30:00Z,pm25,9.5
2026-08-02T16:30:00Z,pm25,8.97
2026-08-02T17:30:00Z,pm25,8.8
2026-08-02T18:30:00Z,pm25,10.8
2026-08-02T19:30:00Z,pm25,11.1
2026-08-02T20:30:00Z,pm25,11.5
2026-08-02T21:30:00Z,pm25,10.1
2026-08-02T22:30:00Z,pm25,11.0
2026-08-02T23:30:00Z,pm25,8.64
2026-08-03T00:30:00Z,pm25,9.6
2026-08-03T01:30:00Z,pm25,10.6
2026-08-03T02:30:00Z,pm25,8.67
2026-08-03T03:30:00Z,pm25,10.7
2026-08-03T04:30:00Z,pm25,15.1
2026-08-03T05:30:00Z,pm25,15.0
2026-08-03T06:30:00Z,pm25,18.3
2026-08-03T07:30:00Z,pm25,17.7
2026-08-03T08:30:00Z,pm25,15.9
2026-08-03T09:30:00Z,pm25,16.6
2026-08-03T10:30:00Z,pm25,17.9
2026-08-03T11:30:00Z,pm25,19.8
2026-08-03T12:30:00Z,pm25,21.1
2026-08-03T13:30:00Z,pm25,21.0
2026-08-03T14:30:00Z,pm25,19.1
2026-08-03T15:30:00Z,pm25,20.8
2026-08-03T16:30:00Z,pm25,16.9
2026-08-03T17:30:00Z,pm25,15.6
2026-08-03T18:30:00Z,pm25,15.0
2026-08-03T19:30:00Z,pm25,12.7
2026-08-03T20:30:00Z,pm25,15.8
2026-08-03T21:30:00Z,pm25,14.2
2026-08-03T22:30:00Z,pm25,11.0
2026-08-03T23:30:00Z,pm25,10.7
2026-08-04T00:30:00Z,pm25,13.3
2026-08-04T01:30:00Z,pm25,12.5
2026-08-04T02:30:00Z,pm25,11.8
2026-08-04T03:30:00Z,pm25,16.2
2026-08-04T04:30:00Z,pm25,18.1
2026-08-04T06:30:00Z,pm25,33.5
2026-08-04T13:30:00Z,pm25,20.0
2026-08-04T14:30:00Z,pm25,19.2
2026-08-04T15:30:00Z,pm25,13.8
2026-08-04T16:30:00Z,pm25,13.2
2026-08-04T17:30:00Z,pm25,11.0
2026-08-04T18:30:00Z,pm25,7.86
2026-08-04T19:30:00Z,pm25,8.58
2026-08-04T20:30:00Z,pm25,10.2
2026-08-04T21:30:00Z,pm25,7.16
2026-08-04T22:30:00Z,pm25,5.32
2026-08-04T23:30:00Z,pm25,9.79
2026-08-05T00:30:00Z,pm25,11.0
2026-08-05T02:30:00Z,pm25,33.8
2026-08-05T04:30:00Z,pm25,15.9
2026-08-05T05:30:00Z,pm25,12.1
2026-08-05T06:30:00Z,pm25,13.3
2026-08-05T07:30:00Z,pm25,22.9
2026-08-05T08:30:00Z,pm25,17.4
2026-08-05T09:30:00Z,pm25,19.5
2026-08-05T10:30:00Z,pm25,15.7
2026-08-05T11:30:00Z,pm25,19.4
2026-08-05T12:30:00Z,pm25,20.5
2026-08-05T13:30:00Z,pm25,20.2
2026-08-05T14:30:00Z,pm25,20.5
2026-08-05T15:30:00Z,pm25,18.7
2026-08-05T16:30:00Z,pm25,16.7
2026-08-05T17:30:00Z,pm25,15.0
2026-08-05T18:30:00Z,pm25,13.4
2026-08-05T20:30:00Z,pm25,12.9
2026-08-05T21:30:00Z,pm25,14.2
2026-08-05T22:30:00Z,pm25,14.4
2026-08-05T23:30:00Z,pm25,13.8
2026-08-06T00:30:00Z,pm25,10.1
2026-08-06T01:30:00Z,pm25,7.64
2026-08-06T02:30:00Z,pm25,11.7
2026-08-06T03:30:00Z,pm25,13.0
2026-08-06T04:30:00Z,pm25,14.9
2026-08-06T05:30:00Z,pm25,14.5
2026-08-06T06:30:00Z,pm25,17.7
2026-08-06T07:30:00Z,pm25,14.5
2026-08-06T08:30:00Z,pm25,14.6
2026-08-06T09:30:00Z,pm25,17.4
2026-08-06T10:30:00Z,pm25,14.6
2026-08-06T11:30:00Z,pm25,19.5
2026-08-06T12:30:00Z,pm25,13.7
2026-08-06T13:30:00Z,pm25,18.3
2026-08-06T14:30:00Z,pm25,19.9
2026-08-06T15:30:00Z,pm25,19.6
2026-08-06T16:30:00Z,pm25,17.7
2026-08-06T17:30:00Z,pm25,16.0
2026-08-06T19:30:00Z,pm25,10.7
2026-08-06T20:30:00Z,pm25,13.7
2026-08-06T21:30:00Z,pm25,14.5
2026-08-06T22:30:00Z,pm25,11.2
2026-08-06T23:30:00Z,pm25,8.31
2026-08-07T01:30:00Z,pm25,5.4
2026-08-07T02:30:00Z,pm25,11.1
2026-08-07T03:30:00Z,pm25,12.4
2026-08-07T04:30:00Z,pm25,14.3
2026-08-07T05:30:00Z,pm25,17.2
2026-08-07T06:30:00Z,pm25,12.6
2026-08-07T07:30:00Z,pm25,16.8
2026-08-07T08:30:00Z,pm25,15.3
2026-08-07T09:30:00Z,pm25,17.9
2026-08-07T10:30:00Z,pm25,12.7
2026-08-07T11:30:00Z,pm25,14.8
2026-08-07T12:30:00Z,pm25,13.5
2026-08-07T13:30:00Z,pm25,14.0
2026-08-07T14:30:00Z,pm25,14.3
2026-08-07T15:30:00Z,pm25,16.2
2026-08-07T16:30:00Z,pm25,16.0
2026-08-07T17:30:00Z,pm25,17.0
2026-08-07T18:30:00Z,pm25,19.5
2026-08-07T19:30:00Z,pm25,14.1
2026-08-07T20:30:00Z,pm25,14.4
2026-08-07T21:30:00Z,pm25,11.4
2026-08-07T22:30:00Z,pm25,9.66
2026-08-07T23:30:00Z,pm25,9.05
2026-08-08T00:30:00Z,pm25,6.68
2026-08-08T01:30:00Z,pm25,7.47
2026-08-08T02:30:00Z,pm25,11.0
2026-08-08T03:30:00Z,pm25,12.1
2026-08-08T04:30:00Z,pm25,11.5
2026-08-08T05:30:00Z,pm25,13.0
2026-08-08T06:30:00Z,pm25,16.8
2026-08-08T07:30:00Z,pm25,18.6
2026-08-08T08:30:00Z,pm25,21.7
2026-08-08T09:30:00Z,pm25,19.1
2026-08-08T10:30:00Z,pm25,23.1
2026-08-08T11:30:00Z,pm25,21.5
2026-08-08T12:30:00Z,pm25,21.4
2026-08-08T13:30:00Z,pm25,15.0
2026-08-08T14:30:00Z,pm25,11.0
2026-08-08T15:30:00Z,pm25,10.2
2026-08-08T16:30:00Z,pm25,10.2
2026-08-08T17:30:00Z,pm25,8.17
2026-08-08T19:30:00Z,pm25,6.61
2026-08-08T20:30:00Z,pm25,7.19
2026-08-08T21:30:00Z,pm25,6.47
2026-08-08T22:30:00Z,pm25,5.66
2026-08-09T02:30:00Z,pm25,6.79
2026-08-09T03:30:00Z,pm25,8.69
2026-08-09T04:30:00Z,pm25,12.0
2026-08-09T05:30:00Z,pm25,13.7
2026-08-09T06:30:00Z,pm25,10.7
2026-08-09T07:30:00Z,pm25,8.13
2026-08-09T08:30:00Z,pm25,13.8
2026-08-09T09:30:00Z,pm25,14.3
2026-08-09T10:30:00Z,pm25,17.2
2026-08-09T11:30:00Z,pm25,20.1
2026-08-09T12:30:00Z,pm25,20.0
2026-08-09T13:30:00Z,pm25,20.1
2026-08-09T14:30:00Z,pm25,18.3
2026-08-09T15:30:00Z,pm25,15.6
2026-08-09T16:30:00Z,pm25,17.6
2026-08-09T17:30:00Z,pm25,16.9
2026-08-09T18:30:00Z,pm25,13.0
2026-08-09T19:30:00Z,pm25,11.5
2026-08-09T20:30:00Z,pm25,15.9
2026-08-09T21:30:00Z,pm25,16.8
2026-08-09T22:30:00Z,pm25,11.9
2026-08-09T23:30:00Z,pm25,12.7
2026-08-10T00:30:00Z,pm25,12.4
2026-08-10T01:30:00Z,pm25,10.3
2026-08-10T02:30:00Z,pm25,10.7
2026-08-10T03:30:00Z,pm25,15.2
2026-08-10T04:30:00Z,pm25,16.2
2026-08-10T05:30:00Z,pm25,18.4
2026-08-10T06:30:00Z,pm25,23.8
2026-08-10T07:30:00Z,pm25,20.8
2026-08-10T08:30:00Z,pm25,26.1
2026-08-10T09:30:00Z,pm25,18.6
2026-08-10T10:30:00Z,pm25,20.8
2026-08-10T11:30:00Z,pm25,19.7
2026-08-10T12:30:00Z,pm25,21.2
2026-08-10T13:30:00Z,pm25,15.8
2026-08-10T14:30:00Z,pm25,17.4
2026-08-10T15:30:00Z,pm25,14.5
2026-08-10T16:30:00Z,pm25,17.8
2026-08-10T17:30:00Z,pm25,12.9
2026-08-10T18:30:00Z,pm25,9.01
2026-08-10T19:30:00Z,pm25,9.01
2026-08-10T20:30:00Z,pm25,11.2
2026-08-10T21:30:00Z,pm25,9.12
2026-08-10T22:30:00Z,pm25,10.4
2026-08-10T23:30:00Z,pm25,9.64
2026-08-11T00:30:00Z,pm25,12.2
2026-08-11T01:30:00Z,pm25,11.0
2026-08-11T02:30:00Z,pm25,10.0
2026-08-11T03:30:00Z,pm25,14.9
2026-08-11T04:30:00Z,pm25,17.2
2026-08-11T05:30:00Z,pm25,12.8
2026-08-11T06:30:00Z,pm25,14.8
2026-08-11T07:30:00Z,pm25,18.5
2026-08-11T08:30:00Z,pm25,23.1
2026-08-11T09:30:00Z,pm25,16.9
2026-08-11T10:30:00Z,pm25,20.9
2026-08-11T11:30:00Z,pm25,14.7
2026-08-11T12:30:00Z,pm25,16.0
2026-08-11T13:30:00Z,pm25,17.2
2026-08-11T14:30:00Z,pm25,18.5
2026-08-11T15:30:00Z,pm25,19.1
2026-08-11T16:30:00Z,pm25,20.3
2026-08-11T17:30:00Z,pm25,22.1
2026-08-11T19:30:00Z,pm25,13.5
2026-08-11T20:30:00Z,pm25,10.3
2026-08-11T21:30:00Z,pm25,12.6
2026-08-11T22:30:00Z,pm25,11.9
2026-08-11T23:30:00Z,pm25,11.6
2026-08-12T00:30:00Z,pm25,8.49
2026-08-12T01:30:00Z,pm25,5.94
2026-08-12T02:30:00Z,pm25,7.86
2026-08-12T03:30:00Z,pm25,6.78
2026-08-12T04:30:00Z,pm25,8.39
2026-08-12T05:30:00Z,pm25,12.4
2026-08-12T06:30:00Z,pm25,13.5
2026-08-12T07:30:00Z,pm25,9.91
2026-08-12T08:30:00Z,pm25,11.7
2026-08-12T09:30:00Z,pm25,11.3
2026-08-12T10:30:00Z,pm25,9.95
2026-08-12T11:30:00Z,pm25,7.06
2026-08-12T12:30:00Z,pm25,6.73
2026-08-12T13:30:00Z,pm25,5.57
2026-08-12T14:30:00Z,pm25,10.4
2026-08-12T15:30:00Z,pm25,10.2
2026-08-12T16:30:00Z,pm25,9.4
2026-08-12T17:30:00Z,pm25,10.4
2026-08-12T18:30:00Z,pm25,7.3
2026-08-12T19:30:00Z,pm25,5.12
2026-08-12T20:30:00Z,pm25,4.54
2026-08-12T21:30:00Z,pm25,5.07
2026-08-12T23:30:00Z,pm25,5.86
2026-08-13T00:30:00Z,pm25,4.11
2026-08-13T02:30:00Z,pm25,6.09
2026-08-13T03:30:00Z,pm25,4.34
2026-08-13T04:30:00Z,pm25,16.0
2026-08-13T05:30:00Z,pm25,16.3
2026-08-13T06:30:00Z,pm25,14.1
2026-08-13T07:30:00Z,pm25,14.2
2026-08-14T05:30:00Z,pm25,9.93
2026-08-14T06:30:00Z,pm25,24.1
2026-08-14T07:30:00Z,pm25,20.2
2026-08-14T08:30:00Z,pm25,20.3
2026-08-14T09:30:00Z,pm25,19.6
2026-08-14T10:30:00Z,pm25,16.6
2026-08-14T11:30:00Z,pm25,16.5
2026-08-14T12:30:00Z,pm25,17.2
2026-08-14T13:30:00Z,pm25,17.7
2026-08-14T14:30:00Z,pm25,18.8
2026-08-14T15:30:00Z,pm25,13.6
2026-08-14T16:30:00Z,pm25,17.3
2026-08-14T17:30:00Z,pm25,17.3
2026-08-14T18:30:00Z,pm25,19.0
2026-08-14T19:30:00Z,pm25,18.5
2026-08-14T20:30:00Z,pm25,17.3
2026-08-14T22:30:00Z,pm25,17.3
2026-08-14T23:30:00Z,pm25,12.5
2026-08-15T00:30:00Z,pm25,11.4
2026-08-15T01:30:00Z,pm25,12.1
2026-08-15T02:30:00Z,pm25,15.7
2026-08-15T03:30:00Z,pm25,18.9
2026-08-15T04:30:00Z,pm25,15.7
2026-08-15T05:30:00Z,pm25,19.2
2026-08-15T06:30:00Z,pm25,15.1
2026-08-15T07:30:00Z,pm25,16.3
2026-08-15T08:30:00Z,pm25,14.9
2026-08-15T09:30:00Z,pm25,15.3
2026-08-15T10:30:00Z,pm25,11.1
2026-08-15T11:30:00Z,pm25,12.1
2026-08-15T12:30:00Z,pm25,9.16
2026-08-15T13:30:00Z,pm25,8.12
2026-08-15T14:30:00Z,pm25,9.67
2026-08-15T15:30:00Z,pm25,12.9
2026-08-15T16:30:00Z,pm25,11.7
2026-08-15T17:30:00Z,pm25,14.4
2026-08-15T21:30:00Z,pm25,7.01
2026-08-15T22:30:00Z,pm25,8.75
2026-08-15T23:30:00Z,pm25,6.44
2026-06-30T23:30:00Z,pm10,17.3
2026-07-01T00:30:00Z,pm10,13.8
2026-07-01T01:30:00Z,pm10,11.6
2026-07-01T02:30:00Z,pm10,11.5
2026-07-01T03:30:00Z,pm10,14.5
2026-07-01T04:30:00Z,pm10,18.8
2026-07-01T05:30:00Z,pm10,20.9
2026-07-01T07:30:00Z,pm10,19.5
2026-07-01T08:30:00Z,pm10,22.8
2026-07-01T09:30:00Z,pm10,27.8
2026-07-01T10:30:00Z,pm10,29.1
2026-07-01T11:30:00Z,pm10,25.7
2026-07-01T12:30:00Z,pm10,22.1
2026-07-01T13:30:00Z,pm10,22.9
2026-07-01T14:30:00Z,pm10,23.8
2026-07-01T15:30:00Z,pm10,24.8
2026-07-01T16:30:00Z,pm10,25.9
2026-07-01T17:30:00Z,pm10,26.6
2026-07-01T18:30:00Z,pm10,26.6
2026-07-01T19:30:00Z,pm10,24.9
2026-07-01T20:30:00Z,pm10,22.0
2026-07-01T21:30:00Z,pm10,19.0
2026-07-01T22:30:00Z,pm10,14.8
2026-07-01T23:30:00Z,pm10,12.9
2026-07-02T00:30:00Z,pm10,13.8
2026-07-02T01:30:00Z,pm10,12.9
2026-07-02T02:30:00Z,pm10,12.6
2026-07-02T03:30:00Z,pm10,15.7
2026-07-02T04:30:00Z,pm10,19.0
2026-07-02T05:30:00Z,pm10,21.3
2026-07-02T06:30:00Z,pm10,22.9
2026-07-02T07:30:00Z,pm10,23.1
2026-07-02T08:30:00Z,pm10,22.5
2026-07-02T09:30:00Z,pm10,19.7
2026-07-02T10:30:00Z,pm10,18.8
2026-07-02T11:30:00Z,pm10,23.2
2026-07-02T12:30:00Z,pm10,24.5
2026-07-02T13:30:00Z,pm10,20.7
2026-07-02T14:30:00Z,pm10,16.3
2026-07-02T15:30:00Z,pm10,14.5
2026-07-02T16:30:00Z,pm10,13.3
2026-07-02T17:30:00Z,pm10,10.9
2026-07-02T18:30:00Z,pm10,10.8
2026-07-02T19:30:00Z,pm10,9.75
2026-07-02T20:30:00Z,pm10,8.46
2026-07-02T21:30:00Z,pm10,8.77
2026-07-02T22:30:00Z,pm10,7.83
2026-07-02T23:30:00Z,pm10,7.1
2026-07-03T00:30:00Z,pm10,7.88
2026-07-03T01:30:00Z,pm10,7.01
2026-07-03T02:30:00Z,pm10,5.74
2026-07-03T03:30:00Z,pm10,6.83
2026-07-03T04:30:00Z,pm10,8.82
2026-07-03T05:30:00Z,pm10,14.7
2026-07-03T06:30:00Z,pm10,19.3
2026-07-03T07:30:00Z,pm10,20.1
2026-07-03T08:30:00Z,pm10,19.5
2026-07-03T09:30:00Z,pm10,19.3
2026-07-03T10:30:00Z,pm10,17.4
2026-07-03T11:30:00Z,pm10,18.3
2026-07-03T12:30:00Z,pm10,22.2
2026-07-03T13:30:00Z,pm10,19.7
2026-07-03T14:30:00Z,pm10,16.8
2026-07-03T15:30:00Z,pm10,17.1
2026-07-03T16:30:00Z,pm10,16.1
2026-07-03T17:30:00Z,pm10,13.3
2026-07-03T18:30:00Z,pm10,15.0
2026-07-03T19:30:00Z,pm10,13.3
2026-07-03T20:30:00Z,pm10,10.6
2026-07-03T21:30:00Z,pm10,9.42
2026-07-03T22:30:00Z,pm10,8.5
2026-07-03T23:30:00Z,pm10,8.64
2026-07-04T00:30:00Z,pm10,11.9
2026-07-04T01:30:00Z,pm10,15.1
2026-07-04T02:30:00Z,pm10,16.3
2026-07-04T03:30:00Z,pm10,21.1
2026-07-04T04:30:00Z,pm10,30.1
2026-07-04T05:30:00Z,pm10,38.0
2026-07-04T06:30:00Z,pm10,43.3
2026-07-04T07:30:00Z,pm10,45.4
2026-07-04T08:30:00Z,pm10,43.6
2026-07-04T09:30:00Z,pm10,37.4
2026-07-04T10:30:00Z,pm10,29.9
2026-07-04T11:30:00Z,pm10,26.2
2026-07-04T12:30:00Z,pm10,24.2
2026-07-04T13:30:00Z,pm10,22.7
2026-07-04T14:30:00Z,pm10,22.7
2026-07-04T15:30:00Z,pm10,21.6
2026-07-04T16:30:00Z,pm10,18.1
2026-07-04T17:30:00Z,pm10,15.2
2026-07-04T18:30:00Z,pm10,14.9
2026-07-04T19:30:00Z,pm10,14.3
2026-07-04T20:30:00Z,pm10,9.06
2026-07-04T21:30:00Z,pm10,7.78
2026-07-04T22:30:00Z,pm10,5.69
2026-07-04T23:30:00Z,pm10,4.53
2026-07-05T00:30:00Z,pm10,4.21
2026-07-05T01:30:00Z,pm10,4.28
2026-07-05T02:30:00Z,pm10,4.79
2026-07-05T03:30:00Z,pm10,4.94
2026-07-05T04:30:00Z,pm10,4.8
2026-07-05T05:30:00Z,pm10,4.35
2026-07-05T06:30:00Z,pm10,7.74
2026-07-05T07:30:00Z,pm10,10.9
2026-07-05T08:30:00Z,pm10,9.46
2026-07-05T09:30:00Z,pm10,9.95
2026-07-05T10:30:00Z,pm10,10.7
2026-07-05T11:30:00Z,pm10,13.4
2026-07-05T12:30:00Z,pm10,14.3
2026-07-05T13:30:00Z,pm10,13.9
2026-07-05T14:30:00Z,pm10,15.1
2026-07-05T15:30:00Z,pm10,13.3
2026-07-05T16:30:00Z,pm10,11.2
2026-07-05T17:30:00Z,pm10,10.0
2026-07-05T18:30:00Z,pm10,9.44
2026-07-05T19:30:00Z,pm10,9.4
2026-07-05T22:30:00Z,pm10,5.42
2026-07-05T23:30:00Z,pm10,5.13
2026-07-06T00:30:00Z,pm10,5.26
2026-07-06T01:30:00Z,pm10,5.1
2026-07-06T02:30:00Z,pm10,3.77
2026-07-06T03:30:00Z,pm10,3.36
2026-07-06T04:30:00Z,pm10,3.5
2026-07-06T05:30:00Z,pm10,2.48
2026-07-06T06:30:00Z,pm10,2.39
2026-07-06T07:30:00Z,pm10,2.51
2026-07-06T08:30:00Z,pm10,2.05
2026-07-06T09:30:00Z,pm10,2.92
2026-07-06T10:30:00Z,pm10,4.75
2026-07-06T11:30:00Z,pm10,6.61
2026-07-06T12:30:00Z,pm10,6.99
2026-07-06T13:30:00Z,pm10,5.34
2026-07-06T14:30:00Z,pm10,4.74
2026-07-06T15:30:00Z,pm10,5.16
2026-07-06T16:30:00Z,pm10,5.54
2026-07-06T17:30:00Z,pm10,5.8
2026-07-06T19:30:00Z,pm10,8.9
2026-07-06T20:30:00Z,pm10,8.02
2026-07-06T21:30:00Z,pm10,6.49
2026-07-06T22:30:00Z,pm10,6.25
2026-07-06T23:30:00Z,pm10,6.16
2026-07-07T00:30:00Z,pm10,6.11
2026-07-07T01:30:00Z,pm10,6.62
2026-07-07T02:30:00Z,pm10,7.43
2026-07-07T03:30:00Z,pm10,7.84
2026-07-07T04:30:00Z,pm10,9.32
2026-07-07T05:30:00Z,pm10,10.9
2026-07-07T06:30:00Z,pm10,11.5
2026-07-07T07:30:00Z,pm10,10.2
2026-07-07T08:30:00Z,pm10,9.44
2026-07-07T09:30:00Z,pm10,10.7
2026-07-07T10:30:00Z,pm10,11.3
2026-07-07T11:30:00Z,pm10,11.9
2026-07-07T12:30:00Z,pm10,12.5
2026-07-07T13:30:00Z,pm10,13.0
2026-07-07T14:30:00Z,pm10,11.2
2026-07-07T15:30:00Z,pm10,8.99
2026-07-07T16:30:00Z,pm10,8.75
2026-07-07T17:30:00Z,pm10,9.37
2026-07-07T18:30:00Z,pm10,9.38
2026-07-07T19:30:00Z,pm10,8.76
2026-07-07T20:30:00Z,pm10,7.27
2026-07-07T21:30:00Z,pm10,5.58
2026-07-07T22:30:00Z,pm10,4.63
2026-07-07T23:30:00Z,pm10,5.78
2026-07-08T00:30:00Z,pm10,8.03
2026-07-08T01:30:00Z,pm10,8.42
2026-07-08T02:30:00Z,pm10,8.59
2026-07-08T03:30:00Z,pm10,9.4
2026-07-08T04:30:00Z,pm10,9.88
2026-07-08T05:30:00Z,pm10,11.8
2026-07-08T06:30:00Z,pm10,13.4
2026-07-08T07:30:00Z,pm10,9.08
2026-07-08T08:30:00Z,pm10,13.0
2026-07-08T09:30:00Z,pm10,11.7
2026-07-08T10:30:00Z,pm10,8.87
2026-07-08T11:30:00Z,pm10,9.55
2026-07-08T12:30:00Z,pm10,9.82
2026-07-08T13:30:00Z,pm10,7.71
2026-07-08T14:30:00Z,pm10,6.01
2026-07-08T15:30:00Z,pm10,5.06
2026-07-08T16:30:00Z,pm10,4.76
2026-07-08T17:30:00Z,pm10,8.8
2026-07-08T18:30:00Z,pm10,5.97
2026-07-08T19:30:00Z,pm10,4.59
2026-07-08T20:30:00Z,pm10,3.39
2026-07-08T21:30:00Z,pm10,2.77
2026-07-08T22:30:00Z,pm10,3.56
2026-07-08T23:30:00Z,pm10,5.39
2026-07-09T00:30:00Z,pm10,4.8
2026-07-09T01:30:00Z,pm10,5.97
2026-07-09T02:30:00Z,pm10,7.08
2026-07-09T03:30:00Z,pm10,8.22
2026-07-09T04:30:00Z,pm10,10.3
2026-07-09T05:30:00Z,pm10,13.5
2026-07-09T06:30:00Z,pm10,15.2
2026-07-09T07:30:00Z,pm10,24.1
2026-07-09T08:30:00Z,pm10,29.5
2026-07-09T09:30:00Z,pm10,33.0
2026-07-09T10:30:00Z,pm10,32.4
2026-07-09T11:30:00Z,pm10,28.9
2026-07-09T12:30:00Z,pm10,26.6
2026-07-09T13:30:00Z,pm10,23.9
2026-07-09T14:30:00Z,pm10,19.3
2026-07-09T15:30:00Z,pm10,17.7
2026-07-09T16:30:00Z,pm10,16.7
2026-07-09T17:30:00Z,pm10,17.6
2026-07-09T18:30:00Z,pm10,15.3
2026-07-09T19:30:00Z,pm10,14.3
2026-07-09T20:30:00Z,pm10,13.8
2026-07-09T21:30:00Z,pm10,17.2
2026-07-09T22:30:00Z,pm10,13.6
2026-07-09T23:30:00Z,pm10,14.3
2026-07-10T00:30:00Z,pm10,14.7
2026-07-10T01:30:00Z,pm10,13.1
2026-07-10T02:30:00Z,pm10,12.1
2026-07-10T03:30:00Z,pm10,15.8
2026-07-10T04:30:00Z,pm10,23.5
2026-07-10T05:30:00Z,pm10,27.2
2026-07-10T06:30:00Z,pm10,29.3
2026-07-10T07:30:00Z,pm10,38.6
2026-07-10T08:30:00Z,pm10,38.7
2026-07-10T09:30:00Z,pm10,39.7
2026-07-10T10:30:00Z,pm10,41.5
2026-07-10T11:30:00Z,pm10,38.7
2026-07-10T12:30:00Z,pm10,39.4
2026-07-10T13:30:00Z,pm10,38.3
2026-07-10T14:30:00Z,pm10,41.4
2026-07-10T15:30:00Z,pm10,40.2
2026-07-10T16:30:00Z,pm10,37.0
2026-07-10T17:30:00Z,pm10,33.9
2026-07-10T18:30:00Z,pm10,30.9
2026-07-10T19:30:00Z,pm10,29.0
2026-07-10T20:30:00Z,pm10,28.6
2026-07-10T21:30:00Z,pm10,27.9
2026-07-10T22:30:00Z,pm10,25.8
2026-07-10T23:30:00Z,pm10,23.1
2026-07-11T00:30:00Z,pm10,24.2
2026-07-11T01:30:00Z,pm10,23.0
2026-07-11T02:30:00Z,pm10,22.5
2026-07-11T03:30:00Z,pm10,26.9
2026-07-11T04:30:00Z,pm10,31.0
2026-07-11T05:30:00Z,pm10,34.7
2026-07-11T06:30:00Z,pm10,34.6
2026-07-11T07:30:00Z,pm10,37.5
2026-07-11T08:30:00Z,pm10,37.0
2026-07-11T09:30:00Z,pm10,36.1
2026-07-11T10:30:00Z,pm10,36.9
2026-07-11T11:30:00Z,pm10,35.1
2026-07-11T12:30:00Z,pm10,37.1
2026-07-11T13:30:00Z,pm10,38.3
2026-07-11T14:30:00Z,pm10,35.5
2026-07-11T15:30:00Z,pm10,34.4
2026-07-11T16:30:00Z,pm10,34.9
2026-07-11T17:30:00Z,pm10,36.1
2026-07-11T18:30:00Z,pm10,36.7
2026-07-11T19:30:00Z,pm10,34.7
2026-07-11T20:30:00Z,pm10,32.3
2026-07-11T21:30:00Z,pm10,31.2
2026-07-11T22:30:00Z,pm10,26.8
2026-07-11T23:30:00Z,pm10,23.7
2026-07-12T00:30:00Z,pm10,23.9
2026-07-12T01:30:00Z,pm10,26.7
2026-07-12T02:30:00Z,pm10,29.9
2026-07-12T03:30:00Z,pm10,31.7
2026-07-12T04:30:00Z,pm10,32.3
2026-07-12T05:30:00Z,pm10,33.0
2026-07-12T06:30:00Z,pm10,35.4
2026-07-12T07:30:00Z,pm10,35.3
2026-07-12T08:30:00Z,pm10,35.8
2026-07-12T09:30:00Z,pm10,35.3
2026-07-12T10:30:00Z,pm10,38.0
2026-07-12T11:30:00Z,pm10,37.6
2026-07-12T12:30:00Z,pm10,36.7
2026-07-12T13:30:00Z,pm10,33.2
2026-07-12T14:30:00Z,pm10,32.6
2026-07-12T15:30:00Z,pm10,34.1
2026-07-12T16:30:00Z,pm10,34.5
2026-07-12T17:30:00Z,pm10,37.5
2026-07-12T18:30:00Z,pm10,36.3
2026-07-12T19:30:00Z,pm10,35.1
2026-07-12T20:30:00Z,pm10,36.3
2026-07-12T21:30:00Z,pm10,38.6
2026-07-12T22:30:00Z,pm10,36.6
2026-07-12T23:30:00Z,pm10,34.1
2026-07-13T00:30:00Z,pm10,29.8
2026-07-13T01:30:00Z,pm10,27.1
2026-07-13T02:30:00Z,pm10,28.0
2026-07-13T03:30:00Z,pm10,32.4
2026-07-13T04:30:00Z,pm10,36.7
2026-07-13T05:30:00Z,pm10,37.6
2026-07-13T06:30:00Z,pm10,36.8
2026-07-13T07:30:00Z,pm10,38.3
2026-07-13T08:30:00Z,pm10,42.9
2026-07-13T09:30:00Z,pm10,34.9
2026-07-13T10:30:00Z,pm10,37.1
2026-07-13T11:30:00Z,pm10,38.9
2026-07-13T12:30:00Z,pm10,39.7
2026-07-13T13:30:00Z,pm10,41.2
2026-07-13T14:30:00Z,pm10,40.8
2026-07-13T15:30:00Z,pm10,42.0
2026-07-13T16:30:00Z,pm10,43.5
2026-07-13T17:30:00Z,pm10,43.4
2026-07-13T18:30:00Z,pm10,45.8
2026-07-13T19:30:00Z,pm10,47.6
2026-07-13T20:30:00Z,pm10,48.4
2026-07-13T21:30:00Z,pm10,48.0
2026-07-13T22:30:00Z,pm10,50.3
2026-07-13T23:30:00Z,pm10,49.8
2026-07-14T00:30:00Z,pm10,48.8
2026-07-14T01:30:00Z,pm10,49.5
2026-07-14T02:30:00Z,pm10,49.5
2026-07-14T03:30:00Z,pm10,52.6
2026-07-14T04:30:00Z,pm10,51.0
2026-07-14T05:30:00Z,pm10,50.9
2026-07-14T06:30:00Z,pm10,50.8
2026-07-14T07:30:00Z,pm10,51.2
2026-07-14T08:30:00Z,pm10,48.2
2026-07-14T09:30:00Z,pm10,46.5
2026-07-14T10:30:00Z,pm10,46.7
2026-07-14T11:30:00Z,pm10,45.3
2026-07-14T12:30:00Z,pm10,45.9
2026-07-14T13:30:00Z,pm10,45.8
2026-07-14T14:30:00Z,pm10,42.9
2026-07-14T15:30:00Z,pm10,40.3
2026-07-14T16:30:00Z,pm10,41.1
2026-07-14T17:30:00Z,pm10,42.4
2026-07-14T18:30:00Z,pm10,36.3
2026-07-14T19:30:00Z,pm10,32.0
2026-07-14T20:30:00Z,pm10,25.4
2026-07-14T21:30:00Z,pm10,18.1
2026-07-14T22:30:00Z,pm10,19.3
2026-07-14T23:30:00Z,pm10,18.2
2026-07-15T00:30:00Z,pm10,16.7
2026-07-15T01:30:00Z,pm10,18.9
2026-07-15T02:30:00Z,pm10,17.5
2026-07-15T03:30:00Z,pm10,19.0
2026-07-15T04:30:00Z,pm10,25.9
2026-07-15T05:30:00Z,pm10,28.4
2026-07-15T06:30:00Z,pm10,26.7
2026-07-15T07:30:00Z,pm10,26.2
2026-07-15T08:30:00Z,pm10,29.1
2026-07-15T09:30:00Z,pm10,30.1
2026-07-15T10:30:00Z,pm10,29.4
2026-07-15T11:30:00Z,pm10,35.4
2026-07-15T12:30:00Z,pm10,33.9
2026-07-15T13:30:00Z,pm10,33.1
2026-07-15T14:30:00Z,pm10,24.5
2026-07-15T15:30:00Z,pm10,23.1
2026-07-15T16:30:00Z,pm10,43.7
2026-07-15T17:30:00Z,pm10,51.9
2026-07-15T19:30:00Z,pm10,43.3
2026-07-15T20:30:00Z,pm10,48.0
2026-07-15T21:30:00Z,pm10,48.0
2026-07-15T22:30:00Z,pm10,39.2
2026-07-15T23:30:00Z,pm10,32.4
2026-07-16T00:30:00Z,pm10,30.6
2026-07-16T01:30:00Z,pm10,27.4
2026-07-16T02:30:00Z,pm10,27.6
2026-07-16T03:30:00Z,pm10,42.0
2026-07-16T04:30:00Z,pm10,50.4
2026-07-16T05:30:00Z,pm10,45.4
2026-07-16T06:30:00Z,pm10,35.7
2026-07-16T07:30:00Z,pm10,39.9
2026-07-16T08:30:00Z,pm10,39.4
2026-07-16T09:30:00Z,pm10,36.0
2026-07-16T10:30:00Z,pm10,31.9
2026-07-16T11:30:00Z,pm10,30.2
2026-07-16T12:30:00Z,pm10,21.6
2026-07-16T13:30:00Z,pm10,22.4
2026-07-16T14:30:00Z,pm10,18.4
2026-07-16T15:30:00Z,pm10,16.3
2026-07-16T16:30:00Z,pm10,15.8
2026-07-16T17:30:00Z,pm10,15.9
2026-07-16T18:30:00Z,pm10,14.6
2026-07-16T19:30:00Z,pm10,15.9
2026-07-16T20:30:00Z,pm10,16.1
2026-07-16T21:30:00Z,pm10,16.8
2026-07-16T22:30:00Z,pm10,14.5
2026-07-16T23:30:00Z,pm10,11.4
2026-07-17T00:30:00Z,pm10,10.4
2026-07-17T01:30:00Z,pm10,10.2
2026-07-17T02:30:00Z,pm10,12.1
2026-07-17T03:30:00Z,pm10,14.7
2026-07-17T04:30:00Z,pm10,12.5
2026-07-17T05:30:00Z,pm10,15.6
2026-07-17T06:30:00Z,pm10,16.7
2026-07-17T07:30:00Z,pm10,15.8
2026-07-17T08:30:00Z,pm10,18.4
2026-07-17T09:30:00Z,pm10,19.3
2026-07-17T10:30:00Z,pm10,21.8
2026-07-17T11:30:00Z,pm10,19.7
2026-07-17T12:30:00Z,pm10,19.5
2026-07-17T13:30:00Z,pm10,22.7
2026-07-17T14:30:00Z,pm10,20.5
2026-07-17T15:30:00Z,pm10,20.9
2026-07-17T16:30:00Z,pm10,18.5
2026-07-17T17:30:00Z,pm10,22.1
2026-07-17T18:30:00Z,pm10,17.4
2026-07-17T19:30:00Z,pm10,18.3
2026-07-17T20:30:00Z,pm10,17.9
2026-07-17T21:30:00Z,pm10,17.5
2026-07-17T22:30:00Z,pm10,18.1
2026-07-17T23:30:00Z,pm10,20.0
2026-07-18T00:30:00Z,pm10,20.0
2026-07-18T01:30:00Z,pm10,18.2
2026-07-18T02:30:00Z,pm10,18.4
2026-07-18T03:30:00Z,pm10,21.1
2026-07-18T04:30:00Z,pm10,20.9
2026-07-18T05:30:00Z,pm10,22.9
2026-07-18T06:30:00Z,pm10,21.6
2026-07-18T07:30:00Z,pm10,19.7
2026-07-18T08:30:00Z,pm10,18.0
2026-07-18T09:30:00Z,pm10,17.3
2026-07-18T10:30:00Z,pm10,17.3
2026-07-18T11:30:00Z,pm10,17.5
2026-07-18T12:30:00Z,pm10,18.1
2026-07-18T13:30:00Z,pm10,16.6
2026-07-18T14:30:00Z,pm10,14.7
2026-07-18T15:30:00Z,pm10,12.6
2026-07-18T16:30:00Z,pm10,16.1
2026-07-18T17:30:00Z,pm10,15.8
2026-07-18T18:30:00Z,pm10,15.5
2026-07-18T19:30:00Z,pm10,16.2
2026-07-18T20:30:00Z,pm10,16.1
2026-07-18T21:30:00Z,pm10,16.9
2026-07-18T22:30:00Z,pm10,17.7
2026-07-18T23:30:00Z,pm10,16.8
2026-07-19T00:30:00Z,pm10,17.5
2026-07-19T01:30:00Z,pm10,19.7
2026-07-19T02:30:00Z,pm10,22.9
2026-07-19T03:30:00Z,pm10,22.9
2026-07-19T04:30:00Z,pm10,26.4
2026-07-19T05:30:00Z,pm10,28.0
2026-07-19T06:30:00Z,pm10,27.5
2026-07-19T07:30:00Z,pm10,26.7
2026-07-19T08:30:00Z,pm10,21.4
2026-07-19T09:30:00Z,pm10,17.8
2026-07-19T10:30:00Z,pm10,13.9
2026-07-19T11:30:00Z,pm10,15.6
2026-07-19T12:30:00Z,pm10,12.3
2026-07-19T13:30:00Z,pm10,10.5
2026-07-19T14:30:00Z,pm10,14.1
2026-07-19T15:30:00Z,pm10,25.8
2026-07-19T16:30:00Z,pm10,29.3
2026-07-19T17:30:00Z,pm10,30.6
2026-07-19T18:30:00Z,pm10,22.2
2026-07-19T19:30:00Z,pm10,16.2
2026-07-19T20:30:00Z,pm10,13.8
2026-07-19T21:30:00Z,pm10,14.7
2026-07-19T22:30:00Z,pm10,14.5
2026-07-19T23:30:00Z,pm10,11.0
2026-07-20T00:30:00Z,pm10,10.6
2026-07-20T01:30:00Z,pm10,11.6
2026-07-20T02:30:00Z,pm10,10.6
2026-07-20T03:30:00Z,pm10,14.1
2026-07-20T04:30:00Z,pm10,18.0
2026-07-20T05:30:00Z,pm10,21.2
2026-07-20T06:30:00Z,pm10,27.9
2026-07-20T07:30:00Z,pm10,27.7
2026-07-20T08:30:00Z,pm10,29.1
2026-07-20T09:30:00Z,pm10,29.2
2026-07-20T10:30:00Z,pm10,33.1
2026-07-20T11:30:00Z,pm10,34.5
2026-07-20T12:30:00Z,pm10,39.3
2026-07-20T13:30:00Z,pm10,45.4
2026-07-20T14:30:00Z,pm10,35.5
2026-07-20T15:30:00Z,pm10,23.5
2026-07-20T16:30:00Z,pm10,15.3
2026-07-20T17:30:00Z,pm10,16.6
2026-07-20T19:30:00Z,pm10,8.93
2026-07-20T20:30:00Z,pm10,5.84
2026-07-20T21:30:00Z,pm10,4.18
2026-07-20T22:30:00Z,pm10,5.18
2026-07-20T23:30:00Z,pm10,5.65
2026-07-21T00:30:00Z,pm10,5.62
2026-07-21T01:30:00Z,pm10,3.69
2026-07-21T02:30:00Z,pm10,4.78
2026-07-21T03:30:00Z,pm10,6.12
2026-07-21T04:30:00Z,pm10,9.86
2026-07-21T05:30:00Z,pm10,12.0
2026-07-21T06:30:00Z,pm10,10.4
2026-07-21T07:30:00Z,pm10,12.5
2026-07-21T08:30:00Z,pm10,12.1
2026-07-21T09:30:00Z,pm10,9.38
2026-07-21T10:30:00Z,pm10,9.7
2026-07-21T11:30:00Z,pm10,7.76
2026-07-21T12:30:00Z,pm10,8.61
2026-07-21T13:30:00Z,pm10,6.2
2026-07-21T14:30:00Z,pm10,4.75
2026-07-21T15:30:00Z,pm10,3.61
2026-07-21T16:30:00Z,pm10,3.08
2026-07-21T17:30:00Z,pm10,4.07
2026-07-21T21:30:00Z,pm10,2.45
2026-07-21T22:30:00Z,pm10,3.1
2026-07-21T23:30:00Z,pm10,2.55
2026-07-22T00:30:00Z,pm10,1.96
2026-07-22T01:30:00Z,pm10,1.75
2026-07-22T02:30:00Z,pm10,1.43
2026-07-22T03:30:00Z,pm10,1.48
2026-07-22T04:30:00Z,pm10,1.45
2026-07-22T05:30:00Z,pm10,1.18
2026-07-22T06:30:00Z,pm10,1.1
2026-07-22T07:30:00Z,pm10,1.07
2026-07-24T08:30:00Z,pm10,12.9
2026-07-24T09:30:00Z,pm10,14.3
2026-07-24T10:30:00Z,pm10,14.8
2026-07-24T11:30:00Z,pm10,14.0
2026-07-24T12:30:00Z,pm10,15.6
2026-07-24T13:30:00Z,pm10,16.1
2026-07-24T14:30:00Z,pm10,16.8
2026-07-24T15:30:00Z,pm10,17.8
2026-07-24T16:30:00Z,pm10,15.5
2026-07-24T17:30:00Z,pm10,13.7
2026-07-24T18:30:00Z,pm10,14.7
2026-07-24T19:30:00Z,pm10,13.7
2026-07-24T20:30:00Z,pm10,12.6
2026-07-24T21:30:00Z,pm10,11.4
2026-07-24T22:30:00Z,pm10,10.0
2026-07-24T23:30:00Z,pm10,8.9
2026-07-25T00:30:00Z,pm10,7.27
2026-07-25T01:30:00Z,pm10,6.23
2026-07-25T02:30:00Z,pm10,6.09
2026-07-25T03:30:00Z,pm10,9.19
2026-07-25T04:30:00Z,pm10,13.1
2026-07-25T05:30:00Z,pm10,16.9
2026-07-25T06:30:00Z,pm10,20.6
2026-07-25T07:30:00Z,pm10,21.7
2026-07-25T08:30:00Z,pm10,21.5
2026-07-25T09:30:00Z,pm10,20.1
2026-07-25T10:30:00Z,pm10,19.7
2026-07-25T11:30:00Z,pm10,19.7
2026-07-25T12:30:00Z,pm10,20.7
2026-07-25T13:30:00Z,pm10,18.1
2026-07-25T14:30:00Z,pm10,18.5
2026-07-25T15:30:00Z,pm10,20.7
2026-07-25T16:30:00Z,pm10,17.5
2026-07-25T17:30:00Z,pm10,18.3
2026-07-25T18:30:00Z,pm10,18.2
2026-07-25T19:30:00Z,pm10,15.7
2026-07-25T20:30:00Z,pm10,13.4
2026-07-25T21:30:00Z,pm10,14.1
2026-07-25T22:30:00Z,pm10,14.3
2026-07-25T23:30:00Z,pm10,13.4
2026-07-26T00:30:00Z,pm10,13.2
2026-07-26T01:30:00Z,pm10,14.7
2026-07-26T02:30:00Z,pm10,15.9
2026-07-26T03:30:00Z,pm10,18.7
2026-07-26T04:30:00Z,pm10,20.8
2026-07-26T05:30:00Z,pm10,22.4
2026-07-26T06:30:00Z,pm10,23.8
2026-07-26T07:30:00Z,pm10,22.1
2026-07-26T08:30:00Z,pm10,21.2
2026-07-26T09:30:00Z,pm10,22.8
2026-07-26T10:30:00Z,pm10,24.4
2026-07-26T11:30:00Z,pm10,21.7
2026-07-26T12:30:00Z,pm10,18.5
2026-07-26T13:30:00Z,pm10,16.9
2026-07-26T14:30:00Z,pm10,14.4
2026-07-26T15:30:00Z,pm10,14.0
2026-07-26T16:30:00Z,pm10,14.0
2026-07-26T17:30:00Z,pm10,15.4
2026-07-26T18:30:00Z,pm10,17.2
2026-07-26T19:30:00Z,pm10,15.9
2026-07-26T20:30:00Z,pm10,15.7
2026-07-26T21:30:00Z,pm10,15.8
2026-07-26T22:30:00Z,pm10,15.1
2026-07-26T23:30:00Z,pm10,15.0
2026-07-27T00:30:00Z,pm10,17.3
2026-07-27T01:30:00Z,pm10,20.7
2026-07-27T02:30:00Z,pm10,20.9
2026-07-27T03:30:00Z,pm10,20.4
2026-07-27T04:30:00Z,pm10,21.9
2026-07-27T05:30:00Z,pm10,24.0
2026-07-27T06:30:00Z,pm10,25.9
2026-07-27T07:30:00Z,pm10,25.4
2026-07-27T08:30:00Z,pm10,23.2
2026-07-27T09:30:00Z,pm10,23.1
2026-07-27T10:30:00Z,pm10,21.6
2026-07-27T11:30:00Z,pm10,14.0
2026-07-27T12:30:00Z,pm10,16.1
2026-07-27T13:30:00Z,pm10,18.5
2026-07-27T14:30:00Z,pm10,18.2
2026-07-27T15:30:00Z,pm10,17.5
2026-07-27T16:30:00Z,pm10,15.8
2026-07-27T17:30:00Z,pm10,13.0
2026-07-27T18:30:00Z,pm10,9.89
2026-07-27T19:30:00Z,pm10,9.77
2026-07-27T20:30:00Z,pm10,8.49
2026-07-27T21:30:00Z,pm10,6.72
2026-07-27T22:30:00Z,pm10,6.18
2026-07-27T23:30:00Z,pm10,5.54
2026-07-28T00:30:00Z,pm10,5.05
2026-07-28T01:30:00Z,pm10,4.45
2026-07-28T02:30:00Z,pm10,5.31
2026-07-28T03:30:00Z,pm10,9.77
2026-07-28T04:30:00Z,pm10,14.7
2026-07-28T05:30:00Z,pm10,18.2
2026-07-28T06:30:00Z,pm10,16.4
2026-07-28T07:30:00Z,pm10,13.9
2026-07-28T08:30:00Z,pm10,12.9
2026-07-28T09:30:00Z,pm10,11.6
2026-07-28T10:30:00Z,pm10,11.1
2026-07-28T11:30:00Z,pm10,10.6
2026-07-28T12:30:00Z,pm10,9.64
2026-07-28T13:30:00Z,pm10,8.38
2026-07-28T14:30:00Z,pm10,6.9
2026-07-28T15:30:00Z,pm10,6.48
2026-07-28T16:30:00Z,pm10,8.7
2026-07-28T17:30:00Z,pm10,11.4
2026-07-28T18:30:00Z,pm10,8.59
2026-07-28T19:30:00Z,pm10,7.01
2026-07-28T20:30:00Z,pm10,5.54
2026-07-28T21:30:00Z,pm10,5.75
2026-07-28T22:30:00Z,pm10,7.13
2026-07-28T23:30:00Z,pm10,6.59
2026-07-29T00:30:00Z,pm10,4.93
2026-07-29T01:30:00Z,pm10,5.54
2026-07-29T02:30:00Z,pm10,6.79
2026-07-29T03:30:00Z,pm10,6.53
2026-07-29T04:30:00Z,pm10,9.42
2026-07-29T05:30:00Z,pm10,18.5
2026-07-29T06:30:00Z,pm10,31.9
2026-07-29T07:30:00Z,pm10,37.1
2026-07-29T08:30:00Z,pm10,34.9
2026-07-29T09:30:00Z,pm10,32.2
2026-07-29T10:30:00Z,pm10,25.9
2026-07-29T11:30:00Z,pm10,23.7
2026-07-29T12:30:00Z,pm10,28.8
2026-07-29T13:30:00Z,pm10,37.8
2026-07-29T14:30:00Z,pm10,40.0
2026-07-29T15:30:00Z,pm10,34.4
2026-07-29T16:30:00Z,pm10,29.1
2026-07-29T17:30:00Z,pm10,26.4
2026-07-29T18:30:00Z,pm10,15.2
2026-07-29T19:30:00Z,pm10,12.7
2026-07-29T20:30:00Z,pm10,8.89
2026-07-29T21:30:00Z,pm10,6.57
2026-07-29T22:30:00Z,pm10,5.1
2026-07-29T23:30:00Z,pm10,4.27
2026-07-30T01:30:00Z,pm10,2.66
2026-07-30T02:30:00Z,pm10,2.91
2026-07-30T03:30:00Z,pm10,3.75
2026-07-30T04:30:00Z,pm10,4.03
2026-07-30T05:30:00Z,pm10,4.97
2026-07-30T06:30:00Z,pm10,5.89
2026-07-30T07:30:00Z,pm10,4.67
2026-07-30T08:30:00Z,pm10,4.09
2026-07-30T09:30:00Z,pm10,3.55
2026-07-30T10:30:00Z,pm10,3.47
2026-07-30T11:30:00Z,pm10,3.43
2026-07-30T12:30:00Z,pm10,3.3
2026-07-30T13:30:00Z,pm10,3.24
2026-07-30T14:30:00Z,pm10,2.88
2026-07-30T15:30:00Z,pm10,3.52
2026-07-30T16:30:00Z,pm10,4.98
2026-07-30T17:30:00Z,pm10,5.92
2026-07-30T18:30:00Z,pm10,5.73
2026-07-30T19:30:00Z,pm10,4.97
2026-07-30T20:30:00Z,pm10,3.48
2026-07-30T21:30:00Z,pm10,2.43
2026-07-30T22:30:00Z,pm10,1.97
2026-07-31T00:30:00Z,pm10,3.13
2026-07-31T01:30:00Z,pm10,4.35
2026-07-31T02:30:00Z,pm10,5.71
2026-07-31T03:30:00Z,pm10,5.25
2026-07-31T04:30:00Z,pm10,4.19
2026-07-31T05:30:00Z,pm10,4.61
2026-07-31T06:30:00Z,pm10,4.68
2026-07-31T07:30:00Z,pm10,23.0
2026-07-31T08:30:00Z,pm10,41.1
2026-07-31T09:30:00Z,pm10,26.4
2026-07-31T10:30:00Z,pm10,18.9
2026-07-31T11:30:00Z,pm10,15.0
2026-07-31T12:30:00Z,pm10,12.7
2026-07-31T13:30:00Z,pm10,9.07
2026-07-31T14:30:00Z,pm10,8.43
2026-07-31T15:30:00Z,pm10,11.3
2026-07-31T16:30:00Z,pm10,10.8
2026-07-31T17:30:00Z,pm10,13.4
2026-07-31T18:30:00Z,pm10,10.0
2026-07-31T19:30:00Z,pm10,9.65
2026-07-31T20:30:00Z,pm10,8.4
2026-07-31T21:30:00Z,pm10,8.53
2026-07-31T22:30:00Z,pm10,8.76
2026-07-31T23:30:00Z,pm10,9.34
2026-08-01T00:30:00Z,pm10,13.5
2026-08-01T01:30:00Z,pm10,15.0
2026-08-01T02:30:00Z,pm10,14.3
2026-08-01T03:30:00Z,pm10,12.0
2026-08-01T04:30:00Z,pm10,13.2
2026-08-01T05:30:00Z,pm10,12.7
2026-08-01T06:30:00Z,pm10,12.2
2026-08-01T07:30:00Z,pm10,12.4
2026-08-01T08:30:00Z,pm10,11.2
2026-08-01T09:30:00Z,pm10,9.44
2026-08-01T10:30:00Z,pm10,12.7
2026-08-01T11:30:00Z,pm10,14.7
2026-08-01T12:30:00Z,pm10,13.7
2026-08-01T13:30:00Z,pm10,12.2
2026-08-01T14:30:00Z,pm10,12.9
2026-08-01T15:30:00Z,pm10,17.9
2026-08-01T16:30:00Z,pm10,22.5
2026-08-01T17:30:00Z,pm10,24.0
2026-08-01T18:30:00Z,pm10,21.9
2026-08-01T19:30:00Z,pm10,22.2
2026-08-01T20:30:00Z,pm10,19.9
2026-08-01T21:30:00Z,pm10,15.6
2026-08-01T22:30:00Z,pm10,16.8
2026-08-01T23:30:00Z,pm10,18.3
2026-08-02T00:30:00Z,pm10,19.2
2026-08-02T01:30:00Z,pm10,14.6
2026-08-02T02:30:00Z,pm10,11.8
2026-08-02T03:30:00Z,pm10,12.2
2026-08-02T04:30:00Z,pm10,22.5
2026-08-02T05:30:00Z,pm10,26.0
2026-08-02T06:30:00Z,pm10,28.1
2026-08-02T07:30:00Z,pm10,27.7
2026-08-02T08:30:00Z,pm10,26.1
2026-08-02T09:30:00Z,pm10,25.1
2026-08-02T10:30:00Z,pm10,21.5
2026-08-02T11:30:00Z,pm10,20.0
2026-08-02T12:30:00Z,pm10,18.6
2026-08-02T13:30:00Z,pm10,19.1
2026-08-02T14:30:00Z,pm10,16.2
2026-08-02T15:30:00Z,pm10,15.8
2026-08-02T16:30:00Z,pm10,16.5
2026-08-02T17:30:00Z,pm10,19.2
2026-08-02T18:30:00Z,pm10,16.6
2026-08-02T19:30:00Z,pm10,15.8
2026-08-02T20:30:00Z,pm10,12.1
2026-08-02T21:30:00Z,pm10,14.0
2026-08-02T22:30:00Z,pm10,13.5
2026-08-02T23:30:00Z,pm10,16.8
2026-08-03T00:30:00Z,pm10,17.9
2026-08-03T01:30:00Z,pm10,13.5
2026-08-03T02:30:00Z,pm10,13.2
2026-08-03T03:30:00Z,pm10,19.2
2026-08-03T04:30:00Z,pm10,20.1
2026-08-03T05:30:00Z,pm10,28.5
2026-08-03T06:30:00Z,pm10,34.2
2026-08-03T07:30:00Z,pm10,36.5
2026-08-03T08:30:00Z,pm10,37.5
2026-08-03T09:30:00Z,pm10,42.2
2026-08-03T10:30:00Z,pm10,41.4
2026-08-03T11:30:00Z,pm10,38.6
2026-08-03T12:30:00Z,pm10,41.3
2026-08-03T13:30:00Z,pm10,45.4
2026-08-03T14:30:00Z,pm10,42.1
2026-08-03T15:30:00Z,pm10,37.2
2026-08-03T16:30:00Z,pm10,36.2
2026-08-03T17:30:00Z,pm10,26.4
2026-08-03T18:30:00Z,pm10,18.6
2026-08-03T19:30:00Z,pm10,19.3
2026-08-03T20:30:00Z,pm10,17.7
2026-08-03T21:30:00Z,pm10,17.7
2026-08-03T22:30:00Z,pm10,17.7
2026-08-03T23:30:00Z,pm10,17.8
2026-08-04T00:30:00Z,pm10,20.9
2026-08-04T01:30:00Z,pm10,21.2
2026-08-04T02:30:00Z,pm10,22.5
2026-08-04T03:30:00Z,pm10,23.9
2026-08-04T04:30:00Z,pm10,23.6
2026-08-04T06:30:00Z,pm10,55.1
2026-08-04T13:30:00Z,pm10,24.3
2026-08-04T14:30:00Z,pm10,21.0
2026-08-04T15:30:00Z,pm10,22.6
2026-08-04T16:30:00Z,pm10,19.6
2026-08-04T17:30:00Z,pm10,22.9
2026-08-04T18:30:00Z,pm10,16.5
2026-08-04T19:30:00Z,pm10,13.4
2026-08-04T20:30:00Z,pm10,15.0
2026-08-04T21:30:00Z,pm10,10.9
2026-08-04T22:30:00Z,pm10,13.8
2026-08-04T23:30:00Z,pm10,16.5
2026-08-05T00:30:00Z,pm10,12.4
2026-08-05T02:30:00Z,pm10,14.6
2026-08-05T04:30:00Z,pm10,24.4
2026-08-05T05:30:00Z,pm10,25.8
2026-08-05T06:30:00Z,pm10,29.7
2026-08-05T07:30:00Z,pm10,33.2
2026-08-05T08:30:00Z,pm10,34.0
2026-08-05T09:30:00Z,pm10,33.6
2026-08-05T10:30:00Z,pm10,31.7
2026-08-05T11:30:00Z,pm10,31.2
2026-08-05T12:30:00Z,pm10,31.7
2026-08-05T13:30:00Z,pm10,30.3
2026-08-05T14:30:00Z,pm10,27.5
2026-08-05T15:30:00Z,pm10,26.7
2026-08-05T16:30:00Z,pm10,24.4
2026-08-05T17:30:00Z,pm10,23.9
2026-08-05T18:30:00Z,pm10,18.0
2026-08-05T20:30:00Z,pm10,21.2
2026-08-05T21:30:00Z,pm10,26.8
2026-08-05T22:30:00Z,pm10,23.3
2026-08-05T23:30:00Z,pm10,22.7
2026-08-06T00:30:00Z,pm10,19.4
2026-08-06T01:30:00Z,pm10,18.8
2026-08-06T02:30:00Z,pm10,20.3
2026-08-06T03:30:00Z,pm10,27.1
2026-08-06T04:30:00Z,pm10,28.0
2026-08-06T05:30:00Z,pm10,35.1
2026-08-06T06:30:00Z,pm10,35.0
2026-08-06T07:30:00Z,pm10,36.1
2026-08-06T08:30:00Z,pm10,36.9
2026-08-06T09:30:00Z,pm10,35.7
2026-08-06T10:30:00Z,pm10,33.9
2026-08-06T11:30:00Z,pm10,32.0
2026-08-06T12:30:00Z,pm10,26.0
2026-08-06T13:30:00Z,pm10,31.3
2026-08-06T14:30:00Z,pm10,33.8
2026-08-06T15:30:00Z,pm10,42.2
2026-08-06T16:30:00Z,pm10,36.5
2026-08-06T17:30:00Z,pm10,32.6
2026-08-06T19:30:00Z,pm10,26.0
2026-08-06T20:30:00Z,pm10,23.7
2026-08-06T21:30:00Z,pm10,25.0
2026-08-06T22:30:00Z,pm10,21.6
2026-08-06T23:30:00Z,pm10,21.9
2026-08-07T01:30:00Z,pm10,16.6
2026-08-07T02:30:00Z,pm10,22.1
2026-08-07T03:30:00Z,pm10,23.7
2026-08-07T04:30:00Z,pm10,34.4
2026-08-07T05:30:00Z,pm10,33.5
2026-08-07T06:30:00Z,pm10,27.0
2026-08-07T07:30:00Z,pm10,32.4
2026-08-07T08:30:00Z,pm10,35.6
2026-08-07T09:30:00Z,pm10,36.4
2026-08-07T10:30:00Z,pm10,38.4
2026-08-07T11:30:00Z,pm10,28.0
2026-08-07T12:30:00Z,pm10,23.3
2026-08-07T13:30:00Z,pm10,30.1
2026-08-07T14:30:00Z,pm10,30.6
2026-08-07T15:30:00Z,pm10,27.7
2026-08-07T16:30:00Z,pm10,26.8
2026-08-07T17:30:00Z,pm10,26.3
2026-08-07T18:30:00Z,pm10,22.4
2026-08-07T19:30:00Z,pm10,23.6
2026-08-07T20:30:00Z,pm10,20.6
2026-08-07T21:30:00Z,pm10,21.4
2026-08-07T22:30:00Z,pm10,22.0
2026-08-07T23:30:00Z,pm10,21.6
2026-08-08T00:30:00Z,pm10,20.1
2026-08-08T01:30:00Z,pm10,18.0
2026-08-08T02:30:00Z,pm10,23.7
2026-08-08T03:30:00Z,pm10,26.0
2026-08-08T04:30:00Z,pm10,31.5
2026-08-08T05:30:00Z,pm10,30.9
2026-08-08T06:30:00Z,pm10,32.6
2026-08-08T07:30:00Z,pm10,36.0
2026-08-08T08:30:00Z,pm10,43.6
2026-08-08T09:30:00Z,pm10,46.3
2026-08-08T10:30:00Z,pm10,45.7
2026-08-08T11:30:00Z,pm10,45.4
2026-08-08T12:30:00Z,pm10,38.1
2026-08-08T13:30:00Z,pm10,29.7
2026-08-08T14:30:00Z,pm10,23.5
2026-08-08T15:30:00Z,pm10,21.5
2026-08-08T16:30:00Z,pm10,19.0
2026-08-08T17:30:00Z,pm10,16.0
2026-08-08T19:30:00Z,pm10,8.63
2026-08-08T20:30:00Z,pm10,12.2
2026-08-08T21:30:00Z,pm10,10.0
2026-08-08T22:30:00Z,pm10,10.5
2026-08-09T02:30:00Z,pm10,10.0
2026-08-09T03:30:00Z,pm10,11.1
2026-08-09T04:30:00Z,pm10,14.6
2026-08-09T05:30:00Z,pm10,15.1
2026-08-09T06:30:00Z,pm10,16.7
2026-08-09T07:30:00Z,pm10,19.1
2026-08-09T08:30:00Z,pm10,27.4
2026-08-09T09:30:00Z,pm10,28.8
2026-08-09T10:30:00Z,pm10,29.1
2026-08-09T11:30:00Z,pm10,32.4
2026-08-09T12:30:00Z,pm10,29.3
2026-08-09T13:30:00Z,pm10,34.0
2026-08-09T14:30:00Z,pm10,30.7
2026-08-09T15:30:00Z,pm10,28.3
2026-08-09T16:30:00Z,pm10,32.5
2026-08-09T17:30:00Z,pm10,30.0
2026-08-09T18:30:00Z,pm10,25.7
2026-08-09T19:30:00Z,pm10,27.9
2026-08-09T20:30:00Z,pm10,25.3
2026-08-09T21:30:00Z,pm10,22.7
2026-08-09T22:30:00Z,pm10,23.3
2026-08-09T23:30:00Z,pm10,20.2
2026-08-10T00:30:00Z,pm10,20.1
2026-08-10T01:30:00Z,pm10,25.1
2026-08-10T02:30:00Z,pm10,23.7
2026-08-10T03:30:00Z,pm10,23.4
2026-08-10T04:30:00Z,pm10,30.9
2026-08-10T05:30:00Z,pm10,37.6
2026-08-10T06:30:00Z,pm10,38.6
2026-08-10T07:30:00Z,pm10,45.6
2026-08-10T08:30:00Z,pm10,42.2
2026-08-10T09:30:00Z,pm10,48.3
2026-08-10T10:30:00Z,pm10,42.0
2026-08-10T11:30:00Z,pm10,41.0
2026-08-10T12:30:00Z,pm10,30.8
2026-08-10T13:30:00Z,pm10,29.3
2026-08-10T14:30:00Z,pm10,29.8
2026-08-10T15:30:00Z,pm10,27.7
2026-08-10T16:30:00Z,pm10,26.3
2026-08-10T17:30:00Z,pm10,18.9
2026-08-10T18:30:00Z,pm10,13.4
2026-08-10T19:30:00Z,pm10,12.6
2026-08-10T20:30:00Z,pm10,18.1
2026-08-10T21:30:00Z,pm10,15.9
2026-08-10T22:30:00Z,pm10,15.8
2026-08-10T23:30:00Z,pm10,20.7
2026-08-11T00:30:00Z,pm10,18.4
2026-08-11T01:30:00Z,pm10,20.4
2026-08-11T02:30:00Z,pm10,31.7
2026-08-11T03:30:00Z,pm10,34.9
2026-08-11T04:30:00Z,pm10,40.6
2026-08-11T05:30:00Z,pm10,28.3
2026-08-11T06:30:00Z,pm10,44.6
2026-08-11T07:30:00Z,pm10,46.9
2026-08-11T08:30:00Z,pm10,44.4
2026-08-11T09:30:00Z,pm10,41.2
2026-08-11T10:30:00Z,pm10,39.4
2026-08-11T11:30:00Z,pm10,39.4
2026-08-11T12:30:00Z,pm10,33.9
2026-08-11T13:30:00Z,pm10,34.6
2026-08-11T14:30:00Z,pm10,35.5
2026-08-11T15:30:00Z,pm10,43.7
2026-08-11T16:30:00Z,pm10,43.9
2026-08-11T17:30:00Z,pm10,38.8
2026-08-11T19:30:00Z,pm10,21.1
2026-08-11T20:30:00Z,pm10,25.0
2026-08-11T21:30:00Z,pm10,23.9
2026-08-11T22:30:00Z,pm10,24.7
2026-08-11T23:30:00Z,pm10,18.4
2026-08-12T00:30:00Z,pm10,16.3
2026-08-12T01:30:00Z,pm10,14.8
2026-08-12T02:30:00Z,pm10,12.7
2026-08-12T03:30:00Z,pm10,15.5
2026-08-12T04:30:00Z,pm10,12.5
2026-08-12T05:30:00Z,pm10,18.3
2026-08-12T06:30:00Z,pm10,16.5
2026-08-12T07:30:00Z,pm10,15.9
2026-08-12T08:30:00Z,pm10,13.8
2026-08-12T09:30:00Z,pm10,12.0
2026-08-12T10:30:00Z,pm10,11.2
2026-08-12T11:30:00Z,pm10,13.3
2026-08-12T12:30:00Z,pm10,10.6
2026-08-12T13:30:00Z,pm10,11.4
2026-08-12T14:30:00Z,pm10,13.0
2026-08-12T15:30:00Z,pm10,18.1
2026-08-12T16:30:00Z,pm10,17.5
2026-08-12T17:30:00Z,pm10,17.8
2026-08-12T18:30:00Z,pm10,12.9
2026-08-12T19:30:00Z,pm10,9.61
2026-08-12T20:30:00Z,pm10,7.54
2026-08-12T21:30:00Z,pm10,7.95
2026-08-12T23:30:00Z,pm10,10.5
2026-08-13T00:30:00Z,pm10,9.85
2026-08-13T02:30:00Z,pm10,13.0
2026-08-13T03:30:00Z,pm10,16.7
2026-08-13T04:30:00Z,pm10,24.8
2026-08-13T05:30:00Z,pm10,34.1
2026-08-13T06:30:00Z,pm10,29.5
2026-08-13T07:30:00Z,pm10,28.7
2026-08-14T05:30:00Z,pm10,21.1
2026-08-14T06:30:00Z,pm10,41.2
2026-08-14T07:30:00Z,pm10,33.1
2026-08-14T08:30:00Z,pm10,33.1
2026-08-14T09:30:00Z,pm10,27.0
2026-08-14T10:30:00Z,pm10,27.6
2026-08-14T11:30:00Z,pm10,32.7
2026-08-14T12:30:00Z,pm10,30.7
2026-08-14T13:30:00Z,pm10,29.2
2026-08-14T14:30:00Z,pm10,32.5
2026-08-14T15:30:00Z,pm10,28.8
2026-08-14T16:30:00Z,pm10,25.8
2026-08-14T17:30:00Z,pm10,28.8
2026-08-14T18:30:00Z,pm10,27.1
2026-08-14T19:30:00Z,pm10,25.7
2026-08-14T20:30:00Z,pm10,29.0
2026-08-14T22:30:00Z,pm10,29.1
2026-08-14T23:30:00Z,pm10,25.2
2026-08-15T00:30:00Z,pm10,23.0
2026-08-15T01:30:00Z,pm10,28.2
2026-08-15T02:30:00Z,pm10,34.4
2026-08-15T03:30:00Z,pm10,33.8
2026-08-15T04:30:00Z,pm10,36.5
2026-08-15T05:30:00Z,pm10,32.3
2026-08-15T06:30:00Z,pm10,30.0
2026-08-15T07:30:00Z,pm10,28.6
2026-08-15T08:30:00Z,pm10,24.5
2026-08-15T09:30:00Z,pm10,24.2
2026-08-15T10:30:00Z,pm10,25.1
2026-08-15T11:30:00Z,pm10,25.9
2026-08-15T12:30:00Z,pm10,25.3
2026-08-15T13:30:00Z,pm10,26.5
2026-08-15T14:30:00Z,pm10,25.9
2026-08-15T15:30:00Z,pm10,20.3
2026-08-15T16:30:00Z,pm10,25.5
2026-08-15T17:30:00Z,pm10,22.7
2026-08-15T21:30:00Z,pm10,11.2
2026-07-01T03:30:00Z,no2,0.16
2026-07-01T04:30:00Z,no2,0.895
2026-07-01T05:30:00Z,no2,3.24
2026-07-01T06:30:00Z,no2,4.61
2026-07-01T07:30:00Z,no2,4.93
2026-07-01T08:30:00Z,no2,5.37
2026-07-01T09:30:00Z,no2,6.57
2026-07-01T10:30:00Z,no2,6.27
2026-07-01T11:30:00Z,no2,4.31
2026-07-01T12:30:00Z,no2,3.15
2026-07-01T13:30:00Z,no2,1.57
2026-07-01T14:30:00Z,no2,0.995
2026-07-01T15:30:00Z,no2,0.845
2026-07-01T16:30:00Z,no2,1.09
2026-07-01T17:30:00Z,no2,0.3
2026-07-01T18:30:00Z,no2,0.01
2026-07-02T01:30:00Z,no2,0.06
2026-07-02T02:30:00Z,no2,0.573
2026-07-02T03:30:00Z,no2,0.633
2026-07-02T04:30:00Z,no2,0.668
2026-07-02T05:30:00Z,no2,0.883
2026-07-02T06:30:00Z,no2,1.09
2026-07-02T07:30:00Z,no2,1.19
2026-07-02T08:30:00Z,no2,0.983
2026-07-02T09:30:00Z,no2,1.27
2026-07-02T10:30:00Z,no2,1.62
2026-07-02T11:30:00Z,no2,1.98
2026-07-02T12:30:00Z,no2,1.54
2026-07-02T13:30:00Z,no2,1.07
2026-07-02T14:30:00Z,no2,0.0833
2026-07-03T03:30:00Z,no2,0.0825
2026-07-03T04:30:00Z,no2,0.44
2026-07-03T05:30:00Z,no2,3.34
2026-07-03T07:30:00Z,no2,4.24
2026-07-03T08:30:00Z,no2,4.08
2026-07-03T09:30:00Z,no2,3.96
2026-07-03T10:30:00Z,no2,3.59
2026-07-03T11:30:00Z,no2,3.88
2026-07-03T12:30:00Z,no2,2.76
2026-07-03T13:30:00Z,no2,1.12
2026-07-03T14:30:00Z,no2,0.218
2026-07-04T02:30:00Z,no2,0.355
2026-07-04T03:30:00Z,no2,0.11
2026-07-04T04:30:00Z,no2,0.863
2026-07-04T05:30:00Z,no2,1.24
2026-07-04T06:30:00Z,no2,1.66
2026-07-04T07:30:00Z,no2,1.36
2026-07-04T08:30:00Z,no2,0.928
2026-07-04T09:30:00Z,no2,0.523
2026-07-04T10:30:00Z,no2,0.608
2026-07-04T11:30:00Z,no2,0.685
2026-07-04T12:30:00Z,no2,0.97
2026-07-04T13:30:00Z,no2,0.608
2026-07-04T14:30:00Z,no2,0.283
2026-07-04T15:30:00Z,no2,0.01
2026-07-04T16:30:00Z,no2,0.015
2026-07-04T17:30:00Z,no2,0.01
2026-07-04T18:30:00Z,no2,0.02
2026-07-04T19:30:00Z,no2,0.01
2026-07-04T20:30:00Z,no2,0.035
2026-07-04T21:30:00Z,no2,0.125
2026-07-04T22:30:00Z,no2,0.01
2026-07-05T03:30:00Z,no2,0.04
2026-07-05T04:30:00Z,no2,0.195
2026-07-05T05:30:00Z,no2,0.08
2026-07-05T06:30:00Z,no2,0.258
2026-07-05T07:30:00Z,no2,0.4
2026-07-05T08:30:00Z,no2,0.868
2026-07-05T09:30:00Z,no2,0.948
2026-07-05T10:30:00Z,no2,0.623
2026-07-05T11:30:00Z,no2,0.24
2026-07-05T12:30:00Z,no2,0.24
2026-07-05T13:30:00Z,no2,0.763
2026-07-05T14:30:00Z,no2,0.88
2026-07-05T15:30:00Z,no2,0.56
2026-07-06T07:30:00Z,no2,0.085
2026-07-06T08:30:00Z,no2,0.393
2026-07-06T09:30:00Z,no2,0.273
2026-07-08T11:30:00Z,no2,0.03
2026-07-08T12:30:00Z,no2,0.54
2026-07-08T13:30:00Z,no2,1.66
2026-07-08T14:30:00Z,no2,1.24
2026-07-08T15:30:00Z,no2,0.94
2026-07-08T16:30:00Z,no2,0.91
2026-07-08T17:30:00Z,no2,0.74
2026-07-08T18:30:00Z,no2,0.715
2026-07-08T19:30:00Z,no2,0.773
2026-07-08T20:30:00Z,no2,1.08
2026-07-08T21:30:00Z,no2,1.29
2026-07-08T22:30:00Z,no2,1.2
2026-07-08T23:30:00Z,no2,1.03
2026-07-09T00:30:00Z,no2,0.915
2026-07-09T01:30:00Z,no2,1.1
2026-07-09T02:30:00Z,no2,1.28
2026-07-09T03:30:00Z,no2,1.39
2026-07-09T04:30:00Z,no2,1.33
2026-07-09T05:30:00Z,no2,1.47
2026-07-09T06:30:00Z,no2,2.13
2026-07-09T07:30:00Z,no2,2.38
2026-07-09T08:30:00Z,no2,2.53
2026-07-09T09:30:00Z,no2,2.86
2026-07-09T10:30:00Z,no2,1.93
2026-07-09T11:30:00Z,no2,1.59
2026-07-09T12:30:00Z,no2,1.52
2026-07-09T13:30:00Z,no2,1.5
2026-07-09T14:30:00Z,no2,1.74
2026-07-09T15:30:00Z,no2,1.39
2026-07-09T16:30:00Z,no2,1.17
2026-07-09T17:30:00Z,no2,1.16
2026-07-09T18:30:00Z,no2,1.16
2026-07-09T19:30:00Z,no2,1.16
2026-07-09T20:30:00Z,no2,0.873
2026-07-09T21:30:00Z,no2,0.728
2026-07-09T22:30:00Z,no2,0.788
2026-07-09T23:30:00Z,no2,0.888
2026-07-10T00:30:00Z,no2,0.928
2026-07-10T01:30:00Z,no2,0.825
2026-07-10T02:30:00Z,no2,0.965
2026-07-10T03:30:00Z,no2,1.43
2026-07-10T04:30:00Z,no2,2.26
2026-07-10T06:30:00Z,no2,13.2
2026-07-10T07:30:00Z,no2,9.67
2026-07-10T08:30:00Z,no2,8.99
2026-07-10T09:30:00Z,no2,7.54
2026-07-10T10:30:00Z,no2,7.43
2026-07-10T11:30:00Z,no2,5.51
2026-07-10T12:30:00Z,no2,5.16
2026-07-10T13:30:00Z,no2,5.32
2026-07-10T14:30:00Z,no2,4.34
2026-07-10T15:30:00Z,no2,3.85
2026-07-10T16:30:00Z,no2,3.58
2026-07-10T17:30:00Z,no2,3.35
2026-07-10T18:30:00Z,no2,2.85
2026-07-10T19:30:00Z,no2,2.7
2026-07-10T20:30:00Z,no2,2.59
2026-07-10T21:30:00Z,no2,2.51
2026-07-10T22:30:00Z,no2,2.52
2026-07-10T23:30:00Z,no2,2.3
2026-07-11T00:30:00Z,no2,2.19
2026-07-11T01:30:00Z,no2,2.4
2026-07-11T02:30:00Z,no2,3.22
2026-07-11T03:30:00Z,no2,4.35
2026-07-11T04:30:00Z,no2,5.05
2026-07-11T05:30:00Z,no2,5.14
2026-07-11T06:30:00Z,no2,5.43
2026-07-11T07:30:00Z,no2,5.46
2026-07-11T08:30:00Z,no2,4.93
2026-07-11T09:30:00Z,no2,5.3
2026-07-11T10:30:00Z,no2,6.03
2026-07-11T11:30:00Z,no2,5.28
2026-07-11T12:30:00Z,no2,4.82
2026-07-11T13:30:00Z,no2,4.12
2026-07-11T14:30:00Z,no2,4.47
2026-07-11T15:30:00Z,no2,4.64
2026-07-11T16:30:00Z,no2,4.19
2026-07-11T17:30:00Z,no2,4.48
2026-07-11T18:30:00Z,no2,3.77
2026-07-11T19:30:00Z,no2,3.59
2026-07-11T20:30:00Z,no2,2.95
2026-07-11T21:30:00Z,no2,2.75
2026-07-11T22:30:00Z,no2,2.66
2026-07-11T23:30:00Z,no2,2.66
2026-07-12T00:30:00Z,no2,2.92
2026-07-12T01:30:00Z,no2,3.32
2026-07-12T02:30:00Z,no2,3.77
2026-07-12T03:30:00Z,no2,4.82
2026-07-12T04:30:00Z,no2,5.66
2026-07-12T05:30:00Z,no2,5.91
2026-07-12T06:30:00Z,no2,5.46
2026-07-12T07:30:00Z,no2,5.68
2026-07-12T08:30:00Z,no2,5.79
2026-07-12T09:30:00Z,no2,6.08
2026-07-12T10:30:00Z,no2,6.01
2026-07-12T11:30:00Z,no2,5.47
2026-07-12T12:30:00Z,no2,4.78
2026-07-12T13:30:00Z,no2,4.55
2026-07-12T14:30:00Z,no2,4.74
2026-07-12T15:30:00Z,no2,5.04
2026-07-12T16:30:00Z,no2,5.88
2026-07-12T17:30:00Z,no2,6.71
2026-07-12T18:30:00Z,no2,5.3
2026-07-12T19:30:00Z,no2,4.72
2026-07-12T20:30:00Z,no2,5.18
2026-07-12T21:30:00Z,no2,4.64
2026-07-12T22:30:00Z,no2,3.48
2026-07-12T23:30:00Z,no2,2.8
2026-07-13T00:30:00Z,no2,2.52
2026-07-13T01:30:00Z,no2,3.35
2026-07-13T02:30:00Z,no2,4.58
2026-07-13T03:30:00Z,no2,5.69
2026-07-13T04:30:00Z,no2,5.9
2026-07-13T05:30:00Z,no2,10.0
2026-07-13T06:30:00Z,no2,12.2
2026-07-13T07:30:00Z,no2,11.9
2026-07-13T08:30:00Z,no2,8.21
2026-07-13T09:30:00Z,no2,8.9
2026-07-13T10:30:00Z,no2,8.98
2026-07-13T11:30:00Z,no2,6.76
2026-07-13T12:30:00Z,no2,6.54
2026-07-13T13:30:00Z,no2,7.14
2026-07-13T14:30:00Z,no2,7.93
2026-07-13T15:30:00Z,no2,8.2
2026-07-13T16:30:00Z,no2,5.56
2026-07-13T17:30:00Z,no2,4.99
2026-07-13T18:30:00Z,no2,5.91
2026-07-13T19:30:00Z,no2,6.75
2026-07-13T20:30:00Z,no2,6.15
2026-07-13T21:30:00Z,no2,4.8
2026-07-13T22:30:00Z,no2,4.47
2026-07-13T23:30:00Z,no2,4.62
2026-07-14T00:30:00Z,no2,5.85
2026-07-14T01:30:00Z,no2,6.11
2026-07-14T02:30:00Z,no2,5.48
2026-07-14T03:30:00Z,no2,6.0
2026-07-14T04:30:00Z,no2,6.79
2026-07-14T05:30:00Z,no2,7.23
2026-07-14T06:30:00Z,no2,7.73
2026-07-14T07:30:00Z,no2,8.09
2026-07-14T08:30:00Z,no2,7.58
2026-07-14T09:30:00Z,no2,6.64
2026-07-14T10:30:00Z,no2,6.33
2026-07-14T11:30:00Z,no2,7.29
2026-07-14T12:30:00Z,no2,8.24
2026-07-14T13:30:00Z,no2,5.85
2026-07-14T14:30:00Z,no2,5.51
2026-07-14T15:30:00Z,no2,7.66
2026-07-14T16:30:00Z,no2,10.4
2026-07-14T17:30:00Z,no2,8.24
2026-07-14T18:30:00Z,no2,4.42
2026-07-14T19:30:00Z,no2,3.97
2026-07-14T20:30:00Z,no2,3.67
2026-07-14T21:30:00Z,no2,3.4
2026-07-14T22:30:00Z,no2,2.91
2026-07-14T23:30:00Z,no2,2.44
2026-07-15T00:30:00Z,no2,2.29
2026-07-15T01:30:00Z,no2,2.24
2026-07-15T02:30:00Z,no2,2.73
2026-07-15T03:30:00Z,no2,5.87
2026-07-15T04:30:00Z,no2,6.17
2026-07-15T05:30:00Z,no2,8.02
2026-07-15T06:30:00Z,no2,12.3
2026-07-15T07:30:00Z,no2,11.7
2026-07-15T08:30:00Z,no2,7.07
2026-07-15T09:30:00Z,no2,6.05
2026-07-15T10:30:00Z,no2,10.4
2026-07-15T11:30:00Z,no2,9.44
2026-07-15T12:30:00Z,no2,7.29
2026-07-15T13:30:00Z,no2,5.9
2026-07-15T14:30:00Z,no2,4.37
2026-07-15T15:30:00Z,no2,7.25
2026-07-15T16:30:00Z,no2,5.24
2026-07-15T19:30:00Z,no2,2.5
2026-07-15T20:30:00Z,no2,3.15
2026-07-15T21:30:00Z,no2,1.88
2026-07-15T22:30:00Z,no2,2.0
2026-07-15T23:30:00Z,no2,4.01
2026-07-16T00:30:00Z,no2,2.06
2026-07-16T01:30:00Z,no2,3.01
2026-07-16T02:30:00Z,no2,3.54
2026-07-16T03:30:00Z,no2,3.17
2026-07-16T04:30:00Z,no2,2.84
2026-07-16T06:30:00Z,no2,3.74
2026-07-16T09:30:00Z,no2,5.77
2026-07-16T10:30:00Z,no2,6.94
2026-07-16T11:30:00Z,no2,5.15
2026-07-16T12:30:00Z,no2,4.21
2026-07-16T13:30:00Z,no2,3.79
2026-07-16T14:30:00Z,no2,4.19
2026-07-16T15:30:00Z,no2,4.88
2026-07-16T16:30:00Z,no2,4.32
2026-07-16T17:30:00Z,no2,3.75
2026-07-16T18:30:00Z,no2,3.48
2026-07-16T19:30:00Z,no2,3.1
2026-07-16T20:30:00Z,no2,2.85
2026-07-16T21:30:00Z,no2,2.63
2026-07-16T22:30:00Z,no2,2.07
2026-07-16T23:30:00Z,no2,2.43
2026-07-17T00:30:00Z,no2,2.92
2026-07-17T01:30:00Z,no2,3.09
2026-07-17T02:30:00Z,no2,2.43
2026-07-17T03:30:00Z,no2,2.24
2026-07-17T04:30:00Z,no2,2.57
2026-07-17T05:30:00Z,no2,4.29
2026-07-17T06:30:00Z,no2,9.48
2026-07-17T07:30:00Z,no2,14.4
2026-07-17T08:30:00Z,no2,19.9
2026-07-17T09:30:00Z,no2,18.8
2026-07-17T10:30:00Z,no2,13.5
2026-07-17T11:30:00Z,no2,14.2
2026-07-17T12:30:00Z,no2,9.95
2026-07-17T13:30:00Z,no2,6.42
2026-07-17T14:30:00Z,no2,4.78
2026-07-17T15:30:00Z,no2,3.94
2026-07-17T16:30:00Z,no2,3.82
2026-07-17T17:30:00Z,no2,3.57
2026-07-17T18:30:00Z,no2,2.91
2026-07-17T19:30:00Z,no2,2.72
2026-07-17T20:30:00Z,no2,2.67
2026-07-17T21:30:00Z,no2,3.4
2026-07-17T22:30:00Z,no2,3.74
2026-07-17T23:30:00Z,no2,3.62
2026-07-18T00:30:00Z,no2,3.02
2026-07-18T01:30:00Z,no2,2.59
2026-07-18T02:30:00Z,no2,2.97
2026-07-18T03:30:00Z,no2,3.54
2026-07-18T04:30:00Z,no2,3.43
2026-07-18T05:30:00Z,no2,2.98
2026-07-18T06:30:00Z,no2,2.61
2026-07-18T07:30:00Z,no2,2.57
2026-07-18T08:30:00Z,no2,3.12
2026-07-18T09:30:00Z,no2,3.81
2026-07-18T10:30:00Z,no2,3.38
2026-07-18T11:30:00Z,no2,3.0
2026-07-18T12:30:00Z,no2,2.83
2026-07-18T13:30:00Z,no2,3.03
2026-07-18T14:30:00Z,no2,2.98
2026-07-18T15:30:00Z,no2,2.97
2026-07-18T16:30:00Z,no2,2.48
2026-07-18T17:30:00Z,no2,2.04
2026-07-18T18:30:00Z,no2,2.47
2026-07-18T19:30:00Z,no2,2.58
2026-07-18T20:30:00Z,no2,2.5
2026-07-18T21:30:00Z,no2,2.37
2026-07-18T22:30:00Z,no2,2.37
2026-07-18T23:30:00Z,no2,2.37
2026-07-19T00:30:00Z,no2,2.28
2026-07-19T01:30:00Z,no2,2.77
2026-07-19T02:30:00Z,no2,2.79
2026-07-19T03:30:00Z,no2,2.91
2026-07-19T04:30:00Z,no2,3.3
2026-07-19T05:30:00Z,no2,4.11
2026-07-19T06:30:00Z,no2,4.71
2026-07-19T07:30:00Z,no2,4.29
2026-07-19T08:30:00Z,no2,2.99
2026-07-19T09:30:00Z,no2,3.11
2026-07-19T10:30:00Z,no2,3.36
2026-07-19T11:30:00Z,no2,3.5
2026-07-19T12:30:00Z,no2,3.01
2026-07-19T13:30:00Z,no2,3.69
2026-07-19T14:30:00Z,no2,4.11
2026-07-19T15:30:00Z,no2,4.14
2026-07-19T16:30:00Z,no2,4.24
2026-07-19T17:30:00Z,no2,3.96
2026-07-19T18:30:00Z,no2,2.09
2026-07-19T19:30:00Z,no2,1.38
2026-07-19T20:30:00Z,no2,1.57
2026-07-19T21:30:00Z,no2,1.83
2026-07-19T22:30:00Z,no2,1.79
2026-07-19T23:30:00Z,no2,1.85
2026-07-20T00:30:00Z,no2,1.81
2026-07-20T01:30:00Z,no2,1.91
2026-07-20T02:30:00Z,no2,2.67
2026-07-20T03:30:00Z,no2,3.48
2026-07-20T04:30:00Z,no2,3.97
2026-07-20T05:30:00Z,no2,4.12
2026-07-20T06:30:00Z,no2,4.97
2026-07-20T07:30:00Z,no2,6.3
2026-07-20T08:30:00Z,no2,6.73
2026-07-20T09:30:00Z,no2,6.16
2026-07-20T10:30:00Z,no2,6.09
2026-07-20T11:30:00Z,no2,6.34
2026-07-20T12:30:00Z,no2,5.42
2026-07-20T13:30:00Z,no2,4.63
2026-07-20T14:30:00Z,no2,2.98
2026-07-20T15:30:00Z,no2,2.63
2026-07-20T16:30:00Z,no2,2.37
2026-07-20T17:30:00Z,no2,2.83
2026-07-20T19:30:00Z,no2,2.9
2026-07-20T20:30:00Z,no2,2.55
2026-07-20T21:30:00Z,no2,2.5
2026-07-20T22:30:00Z,no2,2.48
2026-07-20T23:30:00Z,no2,2.6
2026-07-21T00:30:00Z,no2,2.51
2026-07-21T01:30:00Z,no2,2.11
2026-07-21T02:30:00Z,no2,1.94
2026-07-21T03:30:00Z,no2,2.28
2026-07-21T04:30:00Z,no2,3.07
2026-07-21T05:30:00Z,no2,3.12
2026-07-21T06:30:00Z,no2,3.46
2026-07-21T07:30:00Z,no2,3.2
2026-07-21T08:30:00Z,no2,3.14
2026-07-21T09:30:00Z,no2,3.06
2026-07-21T10:30:00Z,no2,2.98
2026-07-21T11:30:00Z,no2,2.93
2026-07-21T12:30:00Z,no2,2.66
2026-07-21T13:30:00Z,no2,2.36
2026-07-21T14:30:00Z,no2,2.49
2026-07-21T15:30:00Z,no2,2.56
2026-07-21T16:30:00Z,no2,2.63
2026-07-21T17:30:00Z,no2,2.36
2026-07-21T21:30:00Z,no2,2.05
2026-07-21T22:30:00Z,no2,2.01
2026-07-21T23:30:00Z,no2,2.07
2026-07-22T00:30:00Z,no2,2.03
2026-07-22T01:30:00Z,no2,2.19
2026-07-22T02:30:00Z,no2,2.2
2026-07-22T03:30:00Z,no2,2.06
2026-07-22T04:30:00Z,no2,1.95
2026-07-22T05:30:00Z,no2,1.79
2026-07-22T06:30:00Z,no2,3.08
2026-07-22T07:30:00Z,no2,3.88
2026-07-24T08:30:00Z,no2,5.01
2026-07-24T09:30:00Z,no2,4.57
2026-07-24T10:30:00Z,no2,3.58
2026-07-24T11:30:00Z,no2,3.15
2026-07-24T12:30:00Z,no2,3.29
2026-07-24T13:30:00Z,no2,3.01
2026-07-24T14:30:00Z,no2,2.85
2026-07-24T15:30:00Z,no2,2.1
2026-07-24T16:30:00Z,no2,2.08
2026-07-24T17:30:00Z,no2,1.98
2026-07-24T18:30:00Z,no2,1.92
2026-07-24T19:30:00Z,no2,1.69
2026-07-24T20:30:00Z,no2,1.69
2026-07-24T21:30:00Z,no2,1.75
2026-07-24T22:30:00Z,no2,1.85
2026-07-24T23:30:00Z,no2,1.67
2026-07-25T00:30:00Z,no2,1.33
2026-07-25T01:30:00Z,no2,1.62
2026-07-25T02:30:00Z,no2,1.9
2026-07-25T03:30:00Z,no2,3.13
2026-07-25T04:30:00Z,no2,4.21
2026-07-25T05:30:00Z,no2,4.53
2026-07-25T06:30:00Z,no2,4.45
2026-07-25T07:30:00Z,no2,4.58
2026-07-25T08:30:00Z,no2,4.23
2026-07-25T09:30:00Z,no2,3.78
2026-07-25T10:30:00Z,no2,4.38
2026-07-25T11:30:00Z,no2,4.83
2026-07-25T12:30:00Z,no2,3.78
2026-07-25T13:30:00Z,no2,3.93
2026-07-25T14:30:00Z,no2,4.01
2026-07-25T15:30:00Z,no2,3.81
2026-07-25T16:30:00Z,no2,3.59
2026-07-25T17:30:00Z,no2,3.05
2026-07-25T18:30:00Z,no2,3.11
2026-07-25T19:30:00Z,no2,2.77
2026-07-25T20:30:00Z,no2,3.16
2026-07-25T21:30:00Z,no2,2.44
2026-07-25T22:30:00Z,no2,2.35
2026-07-25T23:30:00Z,no2,2.94
2026-07-26T00:30:00Z,no2,3.5
2026-07-26T01:30:00Z,no2,3.61
2026-07-26T02:30:00Z,no2,3.32
2026-07-26T03:30:00Z,no2,2.99
2026-07-26T04:30:00Z,no2,2.97
2026-07-26T05:30:00Z,no2,2.72
2026-07-26T06:30:00Z,no2,2.79
2026-07-26T07:30:00Z,no2,3.15
2026-07-26T08:30:00Z,no2,3.61
2026-07-26T09:30:00Z,no2,4.59
2026-07-26T10:30:00Z,no2,4.84
2026-07-26T11:30:00Z,no2,4.68
2026-07-26T12:30:00Z,no2,4.01
2026-07-26T13:30:00Z,no2,2.86
2026-07-26T14:30:00Z,no2,2.71
2026-07-26T15:30:00Z,no2,3.0
2026-07-26T16:30:00Z,no2,3.22
2026-07-26T17:30:00Z,no2,3.09
2026-07-26T18:30:00Z,no2,2.54
2026-07-26T19:30:00Z,no2,2.45
2026-07-26T20:30:00Z,no2,3.06
2026-07-26T21:30:00Z,no2,3.35
2026-07-26T22:30:00Z,no2,2.96
2026-07-26T23:30:00Z,no2,2.54
2026-07-27T00:30:00Z,no2,2.67
2026-07-27T01:30:00Z,no2,2.92
2026-07-27T02:30:00Z,no2,3.73
2026-07-27T03:30:00Z,no2,4.59
2026-07-27T04:30:00Z,no2,4.89
2026-07-27T05:30:00Z,no2,10.1
2026-07-27T06:30:00Z,no2,7.17
2026-07-27T07:30:00Z,no2,5.14
2026-07-27T08:30:00Z,no2,4.55
2026-07-27T09:30:00Z,no2,4.5
2026-07-27T10:30:00Z,no2,4.38
2026-07-27T12:30:00Z,no2,2.9
2026-07-27T13:30:00Z,no2,3.04
2026-07-27T14:30:00Z,no2,2.41
2026-07-27T15:30:00Z,no2,3.29
2026-07-27T16:30:00Z,no2,4.55
2026-07-27T17:30:00Z,no2,3.92
2026-07-27T18:30:00Z,no2,1.47
2026-07-27T19:30:00Z,no2,1.27
2026-07-27T20:30:00Z,no2,1.63
2026-07-27T21:30:00Z,no2,1.87
2026-07-27T22:30:00Z,no2,1.99
2026-07-27T23:30:00Z,no2,1.59
2026-07-28T00:30:00Z,no2,1.49
2026-07-28T01:30:00Z,no2,2.1
2026-07-28T02:30:00Z,no2,2.86
2026-07-28T03:30:00Z,no2,4.42
2026-07-28T04:30:00Z,no2,4.87
2026-07-28T05:30:00Z,no2,3.38
2026-07-28T06:30:00Z,no2,2.45
2026-07-28T07:30:00Z,no2,3.1
2026-07-28T08:30:00Z,no2,3.54
2026-07-28T09:30:00Z,no2,3.4
2026-07-28T10:30:00Z,no2,3.22
2026-07-28T11:30:00Z,no2,3.26
2026-07-28T12:30:00Z,no2,3.41
2026-07-28T13:30:00Z,no2,4.13
2026-07-28T14:30:00Z,no2,4.36
2026-07-28T15:30:00Z,no2,3.62
2026-07-28T16:30:00Z,no2,4.18
2026-07-28T17:30:00Z,no2,4.53
2026-07-28T18:30:00Z,no2,4.53
2026-07-28T19:30:00Z,no2,4.23
2026-07-28T20:30:00Z,no2,3.66
2026-07-28T21:30:00Z,no2,3.24
2026-07-28T22:30:00Z,no2,3.19
2026-07-28T23:30:00Z,no2,3.41
2026-07-29T00:30:00Z,no2,3.57
2026-07-29T01:30:00Z,no2,3.06
2026-07-29T02:30:00Z,no2,3.03
2026-07-29T03:30:00Z,no2,3.35
2026-07-29T04:30:00Z,no2,4.07
2026-07-29T05:30:00Z,no2,11.3
2026-07-29T06:30:00Z,no2,17.0
2026-07-29T07:30:00Z,no2,18.8
2026-07-29T08:30:00Z,no2,17.9
2026-07-29T09:30:00Z,no2,15.2
2026-07-29T10:30:00Z,no2,17.9
2026-07-29T11:30:00Z,no2,15.7
2026-07-29T12:30:00Z,no2,11.4
2026-07-29T13:30:00Z,no2,6.02
2026-07-29T14:30:00Z,no2,4.5
2026-07-29T15:30:00Z,no2,4.19
2026-07-29T16:30:00Z,no2,3.73
2026-07-29T17:30:00Z,no2,3.41
2026-07-29T18:30:00Z,no2,1.96
2026-07-29T19:30:00Z,no2,2.07
2026-07-29T20:30:00Z,no2,2.52
2026-07-29T21:30:00Z,no2,2.62
2026-07-29T22:30:00Z,no2,2.31
2026-07-29T23:30:00Z,no2,2.14
2026-07-30T01:30:00Z,no2,2.44
2026-07-30T02:30:00Z,no2,2.4
2026-07-30T03:30:00Z,no2,2.31
2026-07-30T04:30:00Z,no2,2.16
2026-07-30T05:30:00Z,no2,1.99
2026-07-30T06:30:00Z,no2,2.31
2026-07-30T07:30:00Z,no2,2.69
2026-07-30T08:30:00Z,no2,2.61
2026-07-30T09:30:00Z,no2,2.67
2026-07-30T10:30:00Z,no2,2.61
2026-07-30T11:30:00Z,no2,2.73
2026-07-30T12:30:00Z,no2,2.85
2026-07-30T13:30:00Z,no2,2.49
2026-07-30T14:30:00Z,no2,1.97
2026-07-30T15:30:00Z,no2,1.75
2026-07-30T16:30:00Z,no2,1.68
2026-07-30T17:30:00Z,no2,1.83
2026-07-30T18:30:00Z,no2,2.0
2026-07-30T19:30:00Z,no2,1.5
2026-07-30T20:30:00Z,no2,1.12
2026-07-30T21:30:00Z,no2,1.24
2026-07-30T22:30:00Z,no2,1.34
2026-07-30T23:30:00Z,no2,1.35
2026-07-31T00:30:00Z,no2,1.2
2026-07-31T01:30:00Z,no2,1.03
2026-07-31T02:30:00Z,no2,1.37
2026-07-31T03:30:00Z,no2,2.21
2026-07-31T04:30:00Z,no2,2.54
2026-07-31T05:30:00Z,no2,2.41
2026-07-31T06:30:00Z,no2,3.48
2026-07-31T07:30:00Z,no2,3.31
2026-07-31T08:30:00Z,no2,3.02
2026-07-31T09:30:00Z,no2,3.21
2026-07-31T10:30:00Z,no2,3.04
2026-07-31T11:30:00Z,no2,2.54
2026-07-31T12:30:00Z,no2,2.1
2026-07-31T13:30:00Z,no2,1.93
2026-07-31T14:30:00Z,no2,2.22
2026-07-31T15:30:00Z,no2,2.51
2026-07-31T16:30:00Z,no2,2.2
2026-07-31T17:30:00Z,no2,1.71
2026-07-31T18:30:00Z,no2,1.56
2026-07-31T19:30:00Z,no2,1.67
2026-07-31T20:30:00Z,no2,1.71
2026-07-31T21:30:00Z,no2,1.3
2026-07-31T22:30:00Z,no2,0.813
2026-07-31T23:30:00Z,no2,0.638
2026-08-01T00:30:00Z,no2,0.76
2026-08-01T01:30:00Z,no2,1.24
2026-08-01T02:30:00Z,no2,1.56
2026-08-01T03:30:00Z,no2,1.83
2026-08-01T04:30:00Z,no2,2.1
2026-08-01T05:30:00Z,no2,2.85
2026-08-01T06:30:00Z,no2,2.89
2026-08-01T07:30:00Z,no2,2.64
2026-08-01T08:30:00Z,no2,2.55
2026-08-01T09:30:00Z,no2,2.61
2026-08-01T10:30:00Z,no2,2.72
2026-08-01T11:30:00Z,no2,2.74
2026-08-01T12:30:00Z,no2,2.92
2026-08-01T13:30:00Z,no2,3.07
2026-08-01T14:30:00Z,no2,3.37
2026-08-01T15:30:00Z,no2,2.56
2026-08-01T16:30:00Z,no2,2.27
2026-08-01T17:30:00Z,no2,2.27
2026-08-01T18:30:00Z,no2,2.45
2026-08-01T19:30:00Z,no2,2.2
2026-08-01T20:30:00Z,no2,1.84
2026-08-01T21:30:00Z,no2,1.74
2026-08-01T22:30:00Z,no2,1.79
2026-08-01T23:30:00Z,no2,1.58
2026-08-02T00:30:00Z,no2,1.63
2026-08-02T01:30:00Z,no2,1.91
2026-08-02T02:30:00Z,no2,2.42
2026-08-02T03:30:00Z,no2,3.32
2026-08-02T04:30:00Z,no2,3.93
2026-08-02T05:30:00Z,no2,4.46
2026-08-02T06:30:00Z,no2,4.9
2026-08-02T07:30:00Z,no2,4.53
2026-08-02T08:30:00Z,no2,3.86
2026-08-02T09:30:00Z,no2,3.09
2026-08-02T10:30:00Z,no2,2.79
2026-08-02T11:30:00Z,no2,2.75
2026-08-02T12:30:00Z,no2,2.83
2026-08-02T13:30:00Z,no2,2.91
2026-08-02T14:30:00Z,no2,2.84
2026-08-02T15:30:00Z,no2,2.84
2026-08-02T16:30:00Z,no2,2.68
2026-08-02T17:30:00Z,no2,2.27
2026-08-02T18:30:00Z,no2,1.9
2026-08-02T19:30:00Z,no2,1.79
2026-08-02T20:30:00Z,no2,1.81
2026-08-02T21:30:00Z,no2,1.76
2026-08-02T22:30:00Z,no2,1.35
2026-08-02T23:30:00Z,no2,1.43
2026-08-03T00:30:00Z,no2,1.56
2026-08-03T01:30:00Z,no2,1.69
2026-08-03T02:30:00Z,no2,1.83
2026-08-03T03:30:00Z,no2,2.55
2026-08-03T04:30:00Z,no2,3.41
2026-08-03T05:30:00Z,no2,4.3
2026-08-03T06:30:00Z,no2,4.88
2026-08-03T07:30:00Z,no2,4.58
2026-08-03T08:30:00Z,no2,4.28
2026-08-03T09:30:00Z,no2,4.03
2026-08-03T10:30:00Z,no2,3.75
2026-08-03T11:30:00Z,no2,3.5
2026-08-03T12:30:00Z,no2,7.83
2026-08-03T13:30:00Z,no2,7.84
2026-08-03T14:30:00Z,no2,3.02
2026-08-03T15:30:00Z,no2,2.35
2026-08-03T16:30:00Z,no2,1.63
2026-08-03T17:30:00Z,no2,1.52
2026-08-03T18:30:00Z,no2,1.78
2026-08-03T19:30:00Z,no2,1.57
2026-08-03T20:30:00Z,no2,1.66
2026-08-03T21:30:00Z,no2,1.57
2026-08-03T22:30:00Z,no2,1.72
2026-08-03T23:30:00Z,no2,1.61
2026-08-04T00:30:00Z,no2,1.41
2026-08-04T01:30:00Z,no2,1.65
2026-08-04T02:30:00Z,no2,2.33
2026-08-04T03:30:00Z,no2,3.88
2026-08-04T04:30:00Z,no2,4.29
2026-08-04T05:30:00Z,no2,7.69
2026-08-04T06:30:00Z,no2,7.3
2026-08-04T13:30:00Z,no2,2.6
2026-08-04T14:30:00Z,no2,2.87
2026-08-04T15:30:00Z,no2,2.78
2026-08-04T16:30:00Z,no2,1.53
2026-08-04T17:30:00Z,no2,1.43
2026-08-04T18:30:00Z,no2,1.9
2026-08-04T19:30:00Z,no2,2.19
2026-08-04T20:30:00Z,no2,2.31
2026-08-04T21:30:00Z,no2,2.76
2026-08-04T22:30:00Z,no2,2.45
2026-08-04T23:30:00Z,no2,2.12
2026-08-05T00:30:00Z,no2,1.79
2026-08-05T01:30:00Z,no2,1.38
2026-08-05T02:30:00Z,no2,1.28
2026-08-05T03:30:00Z,no2,1.23
2026-08-05T04:30:00Z,no2,7.08
2026-08-05T05:30:00Z,no2,11.6
2026-08-05T06:30:00Z,no2,12.1
2026-08-05T07:30:00Z,no2,9.26
2026-08-05T08:30:00Z,no2,8.02
2026-08-05T09:30:00Z,no2,11.3
2026-08-05T10:30:00Z,no2,10.1
2026-08-05T11:30:00Z,no2,9.85
2026-08-05T12:30:00Z,no2,5.88
2026-08-05T13:30:00Z,no2,3.29
2026-08-05T14:30:00Z,no2,2.91
2026-08-05T15:30:00Z,no2,2.71
2026-08-05T16:30:00Z,no2,2.43
2026-08-05T17:30:00Z,no2,2.37
2026-08-05T18:30:00Z,no2,1.34
2026-08-05T20:30:00Z,no2,1.09
2026-08-05T21:30:00Z,no2,1.26
2026-08-05T22:30:00Z,no2,1.16
2026-08-05T23:30:00Z,no2,1.04
2026-08-06T00:30:00Z,no2,1.04
2026-08-06T01:30:00Z,no2,1.39
2026-08-06T02:30:00Z,no2,2.39
2026-08-06T03:30:00Z,no2,2.97
2026-08-06T04:30:00Z,no2,3.65
2026-08-06T05:30:00Z,no2,4.49
2026-08-06T06:30:00Z,no2,5.34
2026-08-06T07:30:00Z,no2,5.51
2026-08-06T08:30:00Z,no2,4.44
2026-08-06T09:30:00Z,no2,3.87
2026-08-06T10:30:00Z,no2,4.0
2026-08-06T11:30:00Z,no2,3.95
2026-08-06T12:30:00Z,no2,5.88
2026-08-06T13:30:00Z,no2,9.12
2026-08-06T14:30:00Z,no2,7.84
2026-08-06T15:30:00Z,no2,3.39
2026-08-06T16:30:00Z,no2,2.64
2026-08-06T17:30:00Z,no2,2.73
2026-08-06T19:30:00Z,no2,2.4
2026-08-06T20:30:00Z,no2,2.11
2026-08-06T21:30:00Z,no2,1.56
2026-08-06T22:30:00Z,no2,2.34
2026-08-06T23:30:00Z,no2,3.08
2026-08-07T01:30:00Z,no2,1.88
2026-08-07T02:30:00Z,no2,1.95
2026-08-07T03:30:00Z,no2,2.73
2026-08-07T04:30:00Z,no2,3.51
2026-08-07T05:30:00Z,no2,5.34
2026-08-07T06:30:00Z,no2,11.9
2026-08-07T07:30:00Z,no2,7.55
2026-08-07T08:30:00Z,no2,6.75
2026-08-07T09:30:00Z,no2,6.33
2026-08-07T10:30:00Z,no2,5.14
2026-08-07T11:30:00Z,no2,4.03
2026-08-07T12:30:00Z,no2,3.39
2026-08-07T13:30:00Z,no2,3.45
2026-08-07T14:30:00Z,no2,2.76
2026-08-07T15:30:00Z,no2,2.36
2026-08-07T16:30:00Z,no2,1.98
2026-08-07T17:30:00Z,no2,2.02
2026-08-07T18:30:00Z,no2,2.26
2026-08-07T19:30:00Z,no2,2.53
2026-08-07T20:30:00Z,no2,1.7
2026-08-07T21:30:00Z,no2,1.18
2026-08-07T22:30:00Z,no2,1.0
2026-08-07T23:30:00Z,no2,0.983
2026-08-08T00:30:00Z,no2,1.53
2026-08-08T01:30:00Z,no2,2.61
2026-08-08T02:30:00Z,no2,2.8
2026-08-08T03:30:00Z,no2,2.4
2026-08-08T04:30:00Z,no2,2.64
2026-08-08T05:30:00Z,no2,3.38
2026-08-08T06:30:00Z,no2,3.95
2026-08-08T07:30:00Z,no2,4.06
2026-08-08T08:30:00Z,no2,4.09
2026-08-08T09:30:00Z,no2,3.84
2026-08-08T10:30:00Z,no2,3.42
2026-08-08T11:30:00Z,no2,3.04
2026-08-08T12:30:00Z,no2,3.16
2026-08-08T13:30:00Z,no2,2.95
2026-08-08T14:30:00Z,no2,3.5
2026-08-08T15:30:00Z,no2,3.08
2026-08-08T16:30:00Z,no2,3.31
2026-08-08T17:30:00Z,no2,3.15
2026-08-08T19:30:00Z,no2,2.36
2026-08-08T20:30:00Z,no2,2.32
2026-08-08T21:30:00Z,no2,2.47
2026-08-08T22:30:00Z,no2,2.83
2026-08-08T23:30:00Z,no2,2.18
2026-08-09T00:30:00Z,no2,1.79
2026-08-09T01:30:00Z,no2,2.08
2026-08-09T02:30:00Z,no2,2.34
2026-08-09T03:30:00Z,no2,2.97
2026-08-09T04:30:00Z,no2,3.07
2026-08-09T05:30:00Z,no2,3.4
2026-08-09T06:30:00Z,no2,3.7
2026-08-09T07:30:00Z,no2,5.06
2026-08-09T08:30:00Z,no2,5.11
2026-08-09T09:30:00Z,no2,5.21
2026-08-09T10:30:00Z,no2,4.44
2026-08-09T11:30:00Z,no2,4.06
2026-08-09T12:30:00Z,no2,4.21
2026-08-09T13:30:00Z,no2,3.76
2026-08-09T14:30:00Z,no2,3.19
2026-08-09T15:30:00Z,no2,2.51
2026-08-09T16:30:00Z,no2,2.2
2026-08-09T17:30:00Z,no2,2.2
2026-08-09T18:30:00Z,no2,2.31
2026-08-09T19:30:00Z,no2,2.45
2026-08-09T20:30:00Z,no2,2.01
2026-08-09T21:30:00Z,no2,1.7
2026-08-09T22:30:00Z,no2,1.54
2026-08-09T23:30:00Z,no2,1.65
2026-08-10T00:30:00Z,no2,1.61
2026-08-10T01:30:00Z,no2,1.53
2026-08-10T02:30:00Z,no2,1.76
2026-08-10T03:30:00Z,no2,2.26
2026-08-10T04:30:00Z,no2,3.53
2026-08-10T05:30:00Z,no2,4.37
2026-08-10T06:30:00Z,no2,4.44
2026-08-10T07:30:00Z,no2,3.72
2026-08-10T08:30:00Z,no2,3.79
2026-08-10T09:30:00Z,no2,3.54
2026-08-10T10:30:00Z,no2,3.7
2026-08-10T11:30:00Z,no2,3.37
2026-08-10T12:30:00Z,no2,3.53
2026-08-10T13:30:00Z,no2,3.54
2026-08-10T14:30:00Z,no2,3.82
2026-08-10T15:30:00Z,no2,3.39
2026-08-10T16:30:00Z,no2,2.96
2026-08-10T17:30:00Z,no2,2.08
2026-08-10T18:30:00Z,no2,1.82
2026-08-10T19:30:00Z,no2,1.98
2026-08-10T20:30:00Z,no2,1.77
2026-08-10T21:30:00Z,no2,1.58
2026-08-10T22:30:00Z,no2,1.49
2026-08-10T23:30:00Z,no2,1.15
2026-08-11T00:30:00Z,no2,1.0
2026-08-11T01:30:00Z,no2,1.53
2026-08-11T02:30:00Z,no2,1.97
2026-08-11T03:30:00Z,no2,2.2
2026-08-11T04:30:00Z,no2,2.66
2026-08-11T05:30:00Z,no2,3.06
2026-08-11T06:30:00Z,no2,0.27
2026-08-11T08:30:00Z,no2,0.92
2026-08-11T09:30:00Z,no2,4.74
2026-08-11T10:30:00Z,no2,3.65
2026-08-11T11:30:00Z,no2,3.75
2026-08-11T12:30:00Z,no2,3.7
2026-08-11T13:30:00Z,no2,3.08
2026-08-11T14:30:00Z,no2,2.8
2026-08-11T15:30:00Z,no2,2.75
2026-08-11T16:30:00Z,no2,2.92
2026-08-11T17:30:00Z,no2,1.75
2026-08-11T19:30:00Z,no2,2.57
2026-08-11T20:30:00Z,no2,2.38
2026-08-11T21:30:00Z,no2,1.81
2026-08-11T22:30:00Z,no2,1.15
2026-08-11T23:30:00Z,no2,1.06
2026-08-12T00:30:00Z,no2,1.26
2026-08-12T01:30:00Z,no2,1.57
2026-08-12T02:30:00Z,no2,1.55
2026-08-12T03:30:00Z,no2,1.77
2026-08-12T04:30:00Z,no2,2.05
2026-08-12T05:30:00Z,no2,2.59
2026-08-12T06:30:00Z,no2,2.91
2026-08-12T07:30:00Z,no2,2.87
2026-08-12T08:30:00Z,no2,2.4
2026-08-12T09:30:00Z,no2,2.44
2026-08-12T10:30:00Z,no2,2.54
2026-08-12T11:30:00Z,no2,2.66
2026-08-12T12:30:00Z,no2,2.99
2026-08-12T13:30:00Z,no2,2.87
2026-08-12T14:30:00Z,no2,2.65
2026-08-12T15:30:00Z,no2,2.67
2026-08-12T16:30:00Z,no2,2.67
2026-08-12T17:30:00Z,no2,2.5
2026-08-12T18:30:00Z,no2,2.04
2026-08-12T19:30:00Z,no2,2.01
2026-08-12T20:30:00Z,no2,1.87
2026-08-12T21:30:00Z,no2,2.15
2026-08-12T23:30:00Z,no2,2.19
2026-08-13T00:30:00Z,no2,1.91
2026-08-13T02:30:00Z,no2,2.14
2026-08-13T03:30:00Z,no2,2.96
2026-08-13T04:30:00Z,no2,3.36
2026-08-13T05:30:00Z,no2,3.55
2026-08-13T06:30:00Z,no2,4.01
2026-08-13T07:30:00Z,no2,4.55
2026-08-14T05:30:00Z,no2,7.34
2026-08-14T06:30:00Z,no2,9.92
2026-08-14T07:30:00Z,no2,10.9
2026-08-14T08:30:00Z,no2,8.31
2026-08-14T09:30:00Z,no2,7.09
2026-08-14T10:30:00Z,no2,5.79
2026-08-14T11:30:00Z,no2,3.98
2026-08-14T12:30:00Z,no2,3.95
2026-08-14T13:30:00Z,no2,2.71
2026-08-14T14:30:00Z,no2,2.84
2026-08-14T15:30:00Z,no2,2.86
2026-08-14T16:30:00Z,no2,3.32
2026-08-14T17:30:00Z,no2,2.8
2026-08-14T18:30:00Z,no2,2.14
2026-08-14T19:30:00Z,no2,2.62
2026-08-14T20:30:00Z,no2,2.66
2026-08-14T22:30:00Z,no2,1.76
2026-08-14T23:30:00Z,no2,1.61
2026-08-15T00:30:00Z,no2,2.11
2026-08-15T01:30:00Z,no2,2.28
2026-08-15T02:30:00Z,no2,2.32
2026-08-15T03:30:00Z,no2,2.03
2026-08-15T04:30:00Z,no2,2.41
2026-08-15T05:30:00Z,no2,3.17
2026-08-15T06:30:00Z,no2,4.39
2026-08-15T07:30:00Z,no2,4.65
2026-08-15T08:30:00Z,no2,4.0
2026-08-15T09:30:00Z,no2,3.37
2026-08-15T10:30:00Z,no2,3.3
2026-08-15T11:30:00Z,no2,3.29
2026-08-15T12:30:00Z,no2,3.28
2026-08-15T13:30:00Z,no2,2.99
2026-08-15T14:30:00Z,no2,2.86
2026-08-15T15:30:00Z,no2,2.98
2026-08-15T16:30:00Z,no2,3.19
2026-08-15T17:30:00Z,no2,3.46
2026-08-15T21:30:00Z,no2,1.58
2026-08-15T22:30:00Z,no2,1.79
2026-08-15T23:30:00Z,no2,1.81
2026-08-16T00:30:00Z,no2,1.57
2026-08-16T01:30:00Z,no2,1.46
2026-08-16T02:30:00Z,no2,1.93
2026-08-16T03:30:00Z,no2,2.23
2026-08-16T04:30:00Z,no2,2.06
2026-08-16T05:30:00Z,no2,1.81
2026-08-16T06:30:00Z,no2,1.71
2026-08-16T07:30:00Z,no2,2.06
2026-08-16T08:30:00Z,no2,2.43
2026-08-16T09:30:00Z,no2,3.04
2026-08-16T10:30:00Z,no2,2.89
2026-08-16T11:30:00Z,no2,2.67
2026-08-16T12:30:00Z,no2,2.64
2026-08-16T13:30:00Z,no2,3.75
2026-08-16T14:30:00Z,no2,4.01
2026-08-16T15:30:00Z,no2,3.31
2026-08-16T16:30:00Z,no2,3.01
2026-08-16T17:30:00Z,no2,2.13
2026-08-16T18:30:00Z,no2,1.98
2026-08-16T19:30:00Z,no2,2.03
2026-08-16T22:30:00Z,no2,0.975
2026-08-16T23:30:00Z,no2,1.16
2026-08-17T00:30:00Z,no2,1.8
2026-08-17T01:30:00Z,no2,1.71
2026-08-17T02:30:00Z,no2,1.24
2026-08-17T03:30:00Z,no2,0.867
2026-08-17T04:30:00Z,no2,1.21
2026-08-17T05:30:00Z,no2,1.84
2026-08-17T06:30:00Z,no2,2.01
2026-08-17T07:30:00Z,no2,1.98
2026-08-17T08:30:00Z,no2,2.08
2026-08-17T09:30:00Z,no2,2.25
2026-08-17T10:30:00Z,no2,2.35
2026-08-17T11:30:00Z,no2,2.47
2026-08-17T12:30:00Z,no2,3.2
2026-08-17T13:30:00Z,no2,1.44
2026-08-17T14:30:00Z,no2,1.0
2026-08-17T15:30:00Z,no2,1.29
2026-08-17T16:30:00Z,no2,1.17
2026-08-17T17:30:00Z,no2,1.07
2026-08-17T18:30:00Z,no2,0.925
2026-08-17T19:30:00Z,no2,1.2
2026-08-17T20:30:00Z,no2,1.48
2026-08-17T21:30:00Z,no2,1.86
2026-08-18T04:30:00Z,no2,0.99
2026-08-18T05:30:00Z,no2,1.71
2026-08-18T06:30:00Z,no2,2.39
2026-08-18T07:30:00Z,no2,3.93
2026-08-18T08:30:00Z,no2,4.38
2026-08-18T09:30:00Z,no2,2.65
2026-08-18T10:30:00Z,no2,1.2
2026-08-18T18:30:00Z,no2,1.76
2026-08-18T19:30:00Z,no2,1.71
2026-08-18T20:30:00Z,no2,1.23
2026-08-18T21:30:00Z,no2,0.95
2026-08-18T22:30:00Z,no2,1.1
2026-08-18T23:30:00Z,no2,1.31
2026-08-19T00:30:00Z,no2,1.49
2026-08-19T01:30:00Z,no2,1.19
2026-08-19T02:30:00Z,no2,1.08
2026-08-19T03:30:00Z,no2,1.27
2026-08-19T04:30:00Z,no2,1.91
2026-08-19T05:30:00Z,no2,2.4
2026-08-19T06:30:00Z,no2,2.35
2026-08-19T07:30:00Z,no2,2.15
2026-08-19T08:30:00Z,no2,2.09
2026-08-19T09:30:00Z,no2,2.86
2026-08-19T10:30:00Z,no2,3.73
2026-08-19T11:30:00Z,no2,3.51
2026-08-19T12:30:00Z,no2,2.71
2026-08-19T13:30:00Z,no2,2.21
2026-08-19T14:30:00Z,no2,2.41
2026-08-19T15:30:00Z,no2,2.77
2026-08-19T16:30:00Z,no2,2.61
2026-08-19T17:30:00Z,no2,2.22
2026-08-19T18:30:00Z,no2,1.93
2026-08-19T19:30:00Z,no2,1.89
2026-08-19T20:30:00Z,no2,1.97
2026-08-19T21:30:00Z,no2,1.95
2026-08-19T22:30:00Z,no2,1.93
2026-08-19T23:30:00Z,no2,1.74
2026-08-20T00:30:00Z,no2,1.53
2026-08-20T01:30:00Z,no2,1.89
2026-08-20T02:30:00Z,no2,2.14
2026-08-20T03:30:00Z,no2,2.49
2026-08-20T04:30:00Z,no2,9.54
2026-08-20T05:30:00Z,no2,9.8
2026-08-20T06:30:00Z,no2,11.4
2026-08-20T07:30:00Z,no2,11.3
2026-08-20T08:30:00Z,no2,9.68
2026-08-20T09:30:00Z,no2,11.2
2026-08-20T10:30:00Z,no2,8.47
2026-08-20T11:30:00Z,no2,7.66
2026-08-20T12:30:00Z,no2,6.11
2026-08-20T13:30:00Z,no2,5.54
2026-08-20T14:30:00Z,no2,5.6
2026-06-30T23:30:00Z,o3,1.46
2026-07-01T00:30:00Z,o3,1.06
2026-07-01T01:30:00Z,o3,0.59
2026-07-01T02:30:00Z,o3,0.993
2026-07-01T03:30:00Z,o3,1.36
2026-07-01T04:30:00Z,o3,2.4
2026-07-01T05:30:00Z,o3,3.0
2026-07-01T06:30:00Z,o3,12.5
2026-07-01T07:30:00Z,o3,11.7
2026-07-01T08:30:00Z,o3,6.1
2026-07-01T09:30:00Z,o3,7.3
2026-07-01T10:30:00Z,o3,9.64
2026-07-01T11:30:00Z,o3,10.9
2026-07-01T12:30:00Z,o3,1.86
2026-07-01T13:30:00Z,o3,1.69
2026-07-01T14:30:00Z,o3,1.19
2026-07-01T15:30:00Z,o3,1.31
2026-07-01T16:30:00Z,o3,0.923
2026-07-01T17:30:00Z,o3,1.18
2026-07-01T18:30:00Z,o3,1.87
2026-07-01T19:30:00Z,o3,2.1
2026-07-01T20:30:00Z,o3,1.84
2026-07-01T21:30:00Z,o3,0.71
2026-07-01T22:30:00Z,o3,1.13
2026-07-01T23:30:00Z,o3,1.03
2026-07-02T00:30:00Z,o3,1.84
2026-07-02T01:30:00Z,o3,1.53
2026-07-02T02:30:00Z,o3,0.81
2026-07-02T03:30:00Z,o3,0.588
2026-07-02T04:30:00Z,o3,1.07
2026-07-02T05:30:00Z,o3,1.97
2026-07-02T06:30:00Z,o3,1.66
2026-07-02T07:30:00Z,o3,2.59
2026-07-02T08:30:00Z,o3,2.42
2026-07-02T09:30:00Z,o3,1.82
2026-07-02T10:30:00Z,o3,2.26
2026-07-02T11:30:00Z,o3,1.5
2026-07-02T12:30:00Z,o3,1.43
2026-07-02T13:30:00Z,o3,1.23
2026-07-02T14:30:00Z,o3,0.388
2026-07-02T15:30:00Z,o3,0.893
2026-07-02T16:30:00Z,o3,1.68
2026-07-02T17:30:00Z,o3,1.8
2026-07-02T18:30:00Z,o3,1.0
2026-07-02T19:30:00Z,o3,0.447
2026-07-02T20:30:00Z,o3,0.438
2026-07-02T21:30:00Z,o3,1.68
2026-07-02T22:30:00Z,o3,1.86
2026-07-02T23:30:00Z,o3,1.6
2026-07-03T00:30:00Z,o3,0.643
2026-07-03T01:30:00Z,o3,0.608
2026-07-03T02:30:00Z,o3,1.66
2026-07-03T03:30:00Z,o3,2.06
2026-07-03T04:30:00Z,o3,1.46
2026-07-03T05:30:00Z,o3,4.65
2026-07-03T06:30:00Z,o3,5.35
2026-07-03T07:30:00Z,o3,8.11
2026-07-03T08:30:00Z,o3,18.7
2026-07-03T09:30:00Z,o3,20.2
2026-07-03T10:30:00Z,o3,19.6
2026-07-03T11:30:00Z,o3,25.2
2026-07-03T12:30:00Z,o3,15.1
2026-07-03T13:30:00Z,o3,2.5
2026-07-03T14:30:00Z,o3,2.43
2026-07-03T15:30:00Z,o3,3.29
2026-07-03T16:30:00Z,o3,4.15
2026-07-03T17:30:00Z,o3,3.85
2026-07-03T18:30:00Z,o3,2.01
2026-07-03T19:30:00Z,o3,2.21
2026-07-03T20:30:00Z,o3,1.31
2026-07-03T21:30:00Z,o3,2.13
2026-07-03T22:30:00Z,o3,1.38
2026-07-03T23:30:00Z,o3,1.79
2026-07-04T00:30:00Z,o3,2.0
2026-07-04T01:30:00Z,o3,2.03
2026-07-04T02:30:00Z,o3,3.04
2026-07-04T03:30:00Z,o3,3.72
2026-07-04T04:30:00Z,o3,3.22
2026-07-04T05:30:00Z,o3,2.9
2026-07-04T06:30:00Z,o3,4.78
2026-07-04T07:30:00Z,o3,11.2
2026-07-04T08:30:00Z,o3,21.8
2026-07-04T09:30:00Z,o3,18.0
2026-07-04T10:30:00Z,o3,3.99
2026-07-04T11:30:00Z,o3,3.15
2026-07-04T12:30:00Z,o3,1.63
2026-07-04T13:30:00Z,o3,2.4
2026-07-04T14:30:00Z,o3,2.24
2026-07-04T15:30:00Z,o3,2.43
2026-07-04T16:30:00Z,o3,2.42
2026-07-04T17:30:00Z,o3,2.63
2026-07-04T18:30:00Z,o3,1.37
2026-07-04T19:30:00Z,o3,2.38
2026-07-04T20:30:00Z,o3,2.39
2026-07-04T21:30:00Z,o3,1.87
2026-07-04T22:30:00Z,o3,2.25
2026-07-04T23:30:00Z,o3,1.31
2026-07-05T00:30:00Z,o3,1.7
2026-07-05T01:30:00Z,o3,1.85
2026-07-05T02:30:00Z,o3,2.38
2026-07-05T03:30:00Z,o3,1.97
2026-07-05T04:30:00Z,o3,1.46
2026-07-05T05:30:00Z,o3,1.63
2026-07-05T06:30:00Z,o3,0.998
2026-07-05T07:30:00Z,o3,1.82
2026-07-05T08:30:00Z,o3,2.23
2026-07-05T09:30:00Z,o3,1.93
2026-07-05T10:30:00Z,o3,1.08
2026-07-05T11:30:00Z,o3,1.15
2026-07-05T12:30:00Z,o3,1.24
2026-07-05T13:30:00Z,o3,1.68
2026-07-05T14:30:00Z,o3,1.86
2026-07-05T15:30:00Z,o3,1.09
2026-07-05T16:30:00Z,o3,1.83
2026-07-05T17:30:00Z,o3,0.76
2026-07-05T18:30:00Z,o3,2.79
2026-07-05T19:30:00Z,o3,2.34
2026-07-05T20:30:00Z,o3,1.68
2026-07-05T21:30:00Z,o3,0.76
2026-07-05T22:30:00Z,o3,1.43
2026-07-05T23:30:00Z,o3,2.35
2026-07-06T00:30:00Z,o3,2.18
2026-07-06T01:30:00Z,o3,1.51
2026-07-06T02:30:00Z,o3,1.14
2026-07-06T03:30:00Z,o3,1.15
2026-07-06T04:30:00Z,o3,2.17
2026-07-06T05:30:00Z,o3,2.33
2026-07-06T06:30:00Z,o3,1.82
2026-07-06T07:30:00Z,o3,8.26
2026-07-06T08:30:00Z,o3,14.6
2026-07-06T09:30:00Z,o3,2.9
2026-07-06T10:30:00Z,o3,2.03
2026-07-06T11:30:00Z,o3,2.34
2026-07-06T12:30:00Z,o3,2.15
2026-07-06T13:30:00Z,o3,2.54
2026-07-06T14:30:00Z,o3,2.51
2026-07-06T15:30:00Z,o3,2.24
2026-07-06T16:30:00Z,o3,1.88
2026-07-06T17:30:00Z,o3,1.62
2026-07-06T19:30:00Z,o3,2.4
2026-07-06T20:30:00Z,o3,1.68
2026-07-06T21:30:00Z,o3,2.45
2026-07-06T22:30:00Z,o3,1.54
2026-07-06T23:30:00Z,o3,2.29
2026-07-07T00:30:00Z,o3,2.12
2026-07-07T01:30:00Z,o3,1.99
2026-07-07T02:30:00Z,o3,1.91
2026-07-07T03:30:00Z,o3,2.2
2026-07-07T04:30:00Z,o3,3.87
2026-07-07T05:30:00Z,o3,3.33
2026-07-07T06:30:00Z,o3,2.93
2026-07-07T07:30:00Z,o3,3.37
2026-07-07T08:30:00Z,o3,2.34
2026-07-07T09:30:00Z,o3,1.92
2026-07-07T10:30:00Z,o3,6.85
2026-07-07T11:30:00Z,o3,5.93
2026-07-07T12:30:00Z,o3,2.06
2026-07-07T13:30:00Z,o3,2.25
2026-07-07T14:30:00Z,o3,2.93
2026-07-07T15:30:00Z,o3,5.83
2026-07-07T16:30:00Z,o3,5.05
2026-07-07T17:30:00Z,o3,2.01
2026-07-07T18:30:00Z,o3,1.27
2026-07-07T19:30:00Z,o3,2.47
2026-07-07T20:30:00Z,o3,3.36
2026-07-07T21:30:00Z,o3,2.8
2026-07-07T22:30:00Z,o3,2.0
2026-07-07T23:30:00Z,o3,1.58
2026-07-08T00:30:00Z,o3,1.62
2026-07-08T01:30:00Z,o3,2.86
2026-07-08T02:30:00Z,o3,2.65
2026-07-08T03:30:00Z,o3,3.2
2026-07-08T04:30:00Z,o3,2.18
2026-07-08T05:30:00Z,o3,13.1
2026-07-08T06:30:00Z,o3,22.9
2026-07-08T07:30:00Z,o3,21.6
2026-07-08T08:30:00Z,o3,17.2
2026-07-08T09:30:00Z,o3,10.7
2026-07-08T10:30:00Z,o3,21.9
2026-07-08T11:30:00Z,o3,21.1
2026-07-08T12:30:00Z,o3,20.1
2026-07-08T13:30:00Z,o3,5.14
2026-07-08T14:30:00Z,o3,2.7
2026-07-08T15:30:00Z,o3,2.18
2026-07-08T16:30:00Z,o3,1.48
2026-07-08T17:30:00Z,o3,4.02
2026-07-08T18:30:00Z,o3,4.11
2026-07-08T19:30:00Z,o3,2.33
2026-07-08T20:30:00Z,o3,1.68
2026-07-08T21:30:00Z,o3,1.89
2026-07-08T22:30:00Z,o3,2.71
2026-07-08T23:30:00Z,o3,2.65
2026-07-09T00:30:00Z,o3,1.83
2026-07-09T01:30:00Z,o3,1.57
2026-07-09T02:30:00Z,o3,1.9
2026-07-09T03:30:00Z,o3,1.99
2026-07-09T04:30:00Z,o3,4.03
2026-07-09T05:30:00Z,o3,4.26
2026-07-09T06:30:00Z,o3,3.9
2026-07-09T07:30:00Z,o3,3.71
2026-07-09T08:30:00Z,o3,4.5
2026-07-09T09:30:00Z,o3,8.64
2026-07-09T10:30:00Z,o3,13.8
2026-07-09T11:30:00Z,o3,5.65
2026-07-09T12:30:00Z,o3,4.35
2026-07-09T13:30:00Z,o3,3.44
2026-07-09T14:30:00Z,o3,6.44
2026-07-09T15:30:00Z,o3,6.56
2026-07-09T16:30:00Z,o3,3.82
2026-07-09T17:30:00Z,o3,2.31
2026-07-09T18:30:00Z,o3,2.23
2026-07-09T19:30:00Z,o3,2.28
2026-07-09T20:30:00Z,o3,2.88
2026-07-09T21:30:00Z,o3,2.26
2026-07-09T22:30:00Z,o3,1.83
2026-07-09T23:30:00Z,o3,1.93
2026-07-10T00:30:00Z,o3,1.49
2026-07-10T01:30:00Z,o3,2.56
2026-07-10T02:30:00Z,o3,3.6
2026-07-10T03:30:00Z,o3,2.3
2026-07-10T04:30:00Z,o3,5.53
2026-07-10T05:30:00Z,o3,32.8
2026-07-10T06:30:00Z,o3,39.4
2026-07-10T07:30:00Z,o3,49.8
2026-07-10T08:30:00Z,o3,40.2
2026-07-10T09:30:00Z,o3,38.6
2026-07-10T10:30:00Z,o3,26.1
2026-07-10T11:30:00Z,o3,11.4
2026-07-10T12:30:00Z,o3,23.7
2026-07-10T13:30:00Z,o3,19.0
2026-07-10T14:30:00Z,o3,6.56
2026-07-10T15:30:00Z,o3,5.62
2026-07-10T16:30:00Z,o3,5.71
2026-07-10T17:30:00Z,o3,8.1
2026-07-10T18:30:00Z,o3,8.93
2026-07-10T19:30:00Z,o3,2.82
2026-07-10T20:30:00Z,o3,1.88
2026-07-10T21:30:00Z,o3,2.07
2026-07-10T22:30:00Z,o3,5.63
2026-07-10T23:30:00Z,o3,5.36
2026-07-11T00:30:00Z,o3,2.56
2026-07-11T01:30:00Z,o3,1.58
2026-07-11T02:30:00Z,o3,1.84
2026-07-11T03:30:00Z,o3,2.86
2026-07-11T04:30:00Z,o3,4.76
2026-07-11T05:30:00Z,o3,5.78
2026-07-11T06:30:00Z,o3,4.25
2026-07-11T07:30:00Z,o3,3.22
2026-07-11T08:30:00Z,o3,5.54
2026-07-11T09:30:00Z,o3,8.61
2026-07-11T10:30:00Z,o3,7.85
2026-07-11T11:30:00Z,o3,4.78
2026-07-11T12:30:00Z,o3,4.86
2026-07-11T13:30:00Z,o3,6.35
2026-07-11T14:30:00Z,o3,13.3
2026-07-11T15:30:00Z,o3,11.0
2026-07-11T16:30:00Z,o3,3.69
2026-07-11T17:30:00Z,o3,1.81
2026-07-11T18:30:00Z,o3,3.31
2026-07-11T19:30:00Z,o3,5.25
2026-07-11T20:30:00Z,o3,6.1
2026-07-11T21:30:00Z,o3,4.32
2026-07-11T22:30:00Z,o3,1.51
2026-07-11T23:30:00Z,o3,1.81
2026-07-12T00:30:00Z,o3,1.91
2026-07-12T01:30:00Z,o3,2.41
2026-07-12T02:30:00Z,o3,2.39
2026-07-12T03:30:00Z,o3,1.47
2026-07-12T04:30:00Z,o3,2.74
2026-07-12T05:30:00Z,o3,3.81
2026-07-12T06:30:00Z,o3,7.28
2026-07-12T07:30:00Z,o3,6.98
2026-07-12T08:30:00Z,o3,5.33
2026-07-12T09:30:00Z,o3,6.16
2026-07-12T10:30:00Z,o3,5.91
2026-07-12T11:30:00Z,o3,15.6
2026-07-12T12:30:00Z,o3,18.3
2026-07-12T13:30:00Z,o3,9.51
2026-07-12T14:30:00Z,o3,4.49
2026-07-12T15:30:00Z,o3,2.99
2026-07-12T16:30:00Z,o3,4.72
2026-07-12T17:30:00Z,o3,6.13
2026-07-12T18:30:00Z,o3,3.49
2026-07-12T19:30:00Z,o3,2.05
2026-07-12T20:30:00Z,o3,2.34
2026-07-12T21:30:00Z,o3,2.65
2026-07-12T22:30:00Z,o3,3.5
2026-07-12T23:30:00Z,o3,4.02
2026-07-13T00:30:00Z,o3,1.63
2026-07-13T01:30:00Z,o3,1.48
2026-07-13T02:30:00Z,o3,1.78
2026-07-13T03:30:00Z,o3,4.66
2026-07-13T04:30:00Z,o3,11.0
2026-07-13T05:30:00Z,o3,30.0
2026-07-13T06:30:00Z,o3,31.2
2026-07-13T07:30:00Z,o3,31.0
2026-07-13T08:30:00Z,o3,35.5
2026-07-13T09:30:00Z,o3,38.6
2026-07-13T10:30:00Z,o3,38.0
2026-07-13T11:30:00Z,o3,43.5
2026-07-13T12:30:00Z,o3,31.9
2026-07-13T13:30:00Z,o3,22.8
2026-07-13T14:30:00Z,o3,14.2
2026-07-13T15:30:00Z,o3,10.5
2026-07-13T16:30:00Z,o3,3.98
2026-07-13T17:30:00Z,o3,3.84
2026-07-13T18:30:00Z,o3,6.58
2026-07-13T19:30:00Z,o3,7.93
2026-07-13T20:30:00Z,o3,5.79
2026-07-13T21:30:00Z,o3,2.89
2026-07-13T22:30:00Z,o3,1.43
2026-07-13T23:30:00Z,o3,1.39
2026-07-14T00:30:00Z,o3,5.02
2026-07-14T01:30:00Z,o3,3.76
2026-07-14T02:30:00Z,o3,3.75
2026-07-14T03:30:00Z,o3,3.32
2026-07-14T04:30:00Z,o3,3.28
2026-07-14T05:30:00Z,o3,6.68
2026-07-14T06:30:00Z,o3,10.5
2026-07-14T07:30:00Z,o3,11.8
2026-07-14T08:30:00Z,o3,8.18
2026-07-14T09:30:00Z,o3,9.67
2026-07-14T10:30:00Z,o3,15.1
2026-07-14T11:30:00Z,o3,13.9
2026-07-14T12:30:00Z,o3,16.7
2026-07-14T13:30:00Z,o3,7.6
2026-07-14T14:30:00Z,o3,6.83
2026-07-14T15:30:00Z,o3,5.54
2026-07-14T16:30:00Z,o3,6.45
2026-07-14T17:30:00Z,o3,5.86
2026-07-14T18:30:00Z,o3,1.96
2026-07-14T19:30:00Z,o3,1.76
2026-07-14T20:30:00Z,o3,1.27
2026-07-14T21:30:00Z,o3,2.34
2026-07-14T22:30:00Z,o3,2.4
2026-07-14T23:30:00Z,o3,1.29
2026-07-15T00:30:00Z,o3,1.78
2026-07-15T01:30:00Z,o3,1.81
2026-07-15T02:30:00Z,o3,3.11
2026-07-15T03:30:00Z,o3,6.39
2026-07-15T04:30:00Z,o3,4.63
2026-07-15T05:30:00Z,o3,15.2
2026-07-15T06:30:00Z,o3,23.0
2026-07-15T07:30:00Z,o3,25.6
2026-07-15T08:30:00Z,o3,31.0
2026-07-15T09:30:00Z,o3,35.4
2026-07-15T10:30:00Z,o3,26.1
2026-07-15T11:30:00Z,o3,4.51
2026-07-15T12:30:00Z,o3,1.7
2026-07-15T13:30:00Z,o3,1.68
2026-07-15T14:30:00Z,o3,1.36
2026-07-15T15:30:00Z,o3,0.698
2026-07-15T16:30:00Z,o3,0.46
2026-07-15T19:30:00Z,o3,0.48
2026-07-15T20:30:00Z,o3,0.055
2026-07-15T21:30:00Z,o3,0.055
2026-07-15T22:30:00Z,o3,0.5
2026-07-15T23:30:00Z,o3,0.35
2026-07-16T00:30:00Z,o3,3.34
2026-07-16T03:30:00Z,o3,0.74
2026-07-16T04:30:00Z,o3,0.02
2026-07-16T05:30:00Z,o3,4.1
2026-07-16T06:30:00Z,o3,30.3
2026-07-16T07:30:00Z,o3,37.1
2026-07-16T08:30:00Z,o3,32.6
2026-07-16T09:30:00Z,o3,22.9
2026-07-16T10:30:00Z,o3,4.99
2026-07-16T11:30:00Z,o3,2.36
2026-07-16T12:30:00Z,o3,2.49
2026-07-16T13:30:00Z,o3,1.79
2026-07-16T14:30:00Z,o3,1.45
2026-07-16T15:30:00Z,o3,1.27
2026-07-16T16:30:00Z,o3,0.848
2026-07-16T17:30:00Z,o3,0.94
2026-07-16T18:30:00Z,o3,1.85
2026-07-16T19:30:00Z,o3,1.83
2026-07-16T20:30:00Z,o3,1.81
2026-07-16T21:30:00Z,o3,1.04
2026-07-16T22:30:00Z,o3,0.703
2026-07-16T23:30:00Z,o3,1.57
2026-07-17T00:30:00Z,o3,2.22
2026-07-17T01:30:00Z,o3,1.97
2026-07-17T02:30:00Z,o3,0.715
2026-07-17T03:30:00Z,o3,0.768
2026-07-17T04:30:00Z,o3,1.34
2026-07-17T05:30:00Z,o3,4.12
2026-07-17T06:30:00Z,o3,5.42
2026-07-17T07:30:00Z,o3,11.4
2026-07-17T08:30:00Z,o3,11.6
2026-07-17T09:30:00Z,o3,16.9
2026-07-17T10:30:00Z,o3,20.3
2026-07-17T11:30:00Z,o3,17.4
2026-07-17T12:30:00Z,o3,1.92
2026-07-17T13:30:00Z,o3,1.19
2026-07-17T14:30:00Z,o3,2.12
2026-07-17T15:30:00Z,o3,1.81
2026-07-17T16:30:00Z,o3,1.64
2026-07-17T17:30:00Z,o3,1.15
2026-07-17T18:30:00Z,o3,1.57
2026-07-17T19:30:00Z,o3,0.808
2026-07-17T20:30:00Z,o3,2.54
2026-07-17T21:30:00Z,o3,1.63
2026-07-17T22:30:00Z,o3,1.7
2026-07-17T23:30:00Z,o3,0.953
2026-07-18T00:30:00Z,o3,0.97
2026-07-18T01:30:00Z,o3,1.27
2026-07-18T02:30:00Z,o3,1.75
2026-07-18T03:30:00Z,o3,1.29
2026-07-18T04:30:00Z,o3,1.31
2026-07-18T05:30:00Z,o3,0.955
2026-07-18T06:30:00Z,o3,1.18
2026-07-18T07:30:00Z,o3,2.04
2026-07-18T08:30:00Z,o3,1.74
2026-07-18T09:30:00Z,o3,1.08
2026-07-18T10:30:00Z,o3,2.31
2026-07-18T11:30:00Z,o3,1.81
2026-07-18T12:30:00Z,o3,1.53
2026-07-18T13:30:00Z,o3,1.94
2026-07-18T14:30:00Z,o3,1.36
2026-07-18T15:30:00Z,o3,1.28
2026-07-18T16:30:00Z,o3,1.13
2026-07-18T17:30:00Z,o3,1.31
2026-07-18T18:30:00Z,o3,1.52
2026-07-18T19:30:00Z,o3,1.45
2026-07-18T20:30:00Z,o3,0.86
2026-07-18T21:30:00Z,o3,0.79
2026-07-18T22:30:00Z,o3,0.973
2026-07-18T23:30:00Z,o3,1.91
2026-07-19T00:30:00Z,o3,1.45
2026-07-19T01:30:00Z,o3,1.15
2026-07-19T02:30:00Z,o3,1.73
2026-07-19T03:30:00Z,o3,1.55
2026-07-19T04:30:00Z,o3,1.54
2026-07-19T05:30:00Z,o3,1.44
2026-07-19T06:30:00Z,o3,3.45
2026-07-19T07:30:00Z,o3,2.11
2026-07-19T08:30:00Z,o3,2.15
2026-07-19T09:30:00Z,o3,1.28
2026-07-19T10:30:00Z,o3,2.01
2026-07-19T11:30:00Z,o3,1.74
2026-07-19T12:30:00Z,o3,1.6
2026-07-19T13:30:00Z,o3,1.9
2026-07-19T14:30:00Z,o3,1.41
2026-07-19T15:30:00Z,o3,1.62
2026-07-19T16:30:00Z,o3,1.87
2026-07-19T17:30:00Z,o3,0.983
2026-07-19T18:30:00Z,o3,1.71
2026-07-19T19:30:00Z,o3,1.07
2026-07-19T20:30:00Z,o3,1.63
2026-07-19T21:30:00Z,o3,1.7
2026-07-19T22:30:00Z,o3,1.59
2026-07-19T23:30:00Z,o3,1.64
2026-07-20T00:30:00Z,o3,1.17
2026-07-20T01:30:00Z,o3,1.84
2026-07-20T02:30:00Z,o3,1.75
2026-07-20T03:30:00Z,o3,1.31
2026-07-20T04:30:00Z,o3,1.69
2026-07-20T05:30:00Z,o3,1.94
2026-07-20T06:30:00Z,o3,2.43
2026-07-20T07:30:00Z,o3,1.69
2026-07-20T08:30:00Z,o3,3.11
2026-07-20T09:30:00Z,o3,3.71
2026-07-20T10:30:00Z,o3,4.99
2026-07-20T11:30:00Z,o3,2.81
2026-07-20T12:30:00Z,o3,2.07
2026-07-20T13:30:00Z,o3,1.03
2026-07-20T14:30:00Z,o3,2.2
2026-07-20T15:30:00Z,o3,2.55
2026-07-20T16:30:00Z,o3,1.89
2026-07-20T17:30:00Z,o3,1.71
2026-07-20T19:30:00Z,o3,1.11
2026-07-20T20:30:00Z,o3,1.14
2026-07-20T21:30:00Z,o3,0.9
2026-07-20T22:30:00Z,o3,2.23
2026-07-20T23:30:00Z,o3,1.88
2026-07-21T00:30:00Z,o3,1.88
2026-07-21T01:30:00Z,o3,0.695
2026-07-21T02:30:00Z,o3,0.985
2026-07-21T03:30:00Z,o3,0.893
2026-07-21T04:30:00Z,o3,1.68
2026-07-21T05:30:00Z,o3,1.4
2026-07-21T06:30:00Z,o3,1.95
2026-07-21T07:30:00Z,o3,1.62
2026-07-21T08:30:00Z,o3,1.94
2026-07-21T09:30:00Z,o3,2.07
2026-07-21T10:30:00Z,o3,1.82
2026-07-21T11:30:00Z,o3,1.04
2026-07-21T12:30:00Z,o3,1.07
2026-07-21T13:30:00Z,o3,1.18
2026-07-21T14:30:00Z,o3,1.76
2026-07-21T15:30:00Z,o3,1.81
2026-07-21T16:30:00Z,o3,1.73
2026-07-21T17:30:00Z,o3,1.22
2026-07-21T21:30:00Z,o3,2.07
2026-07-21T22:30:00Z,o3,1.0
2026-07-21T23:30:00Z,o3,0.895
2026-07-22T00:30:00Z,o3,1.72
2026-07-22T01:30:00Z,o3,2.21
2026-07-22T02:30:00Z,o3,1.86
2026-07-22T03:30:00Z,o3,0.943
2026-07-22T04:30:00Z,o3,1.24
2026-07-22T05:30:00Z,o3,1.27
2026-07-22T06:30:00Z,o3,4.02
2026-07-22T07:30:00Z,o3,4.58
2026-07-24T08:30:00Z,o3,21.6
2026-07-24T09:30:00Z,o3,10.3
2026-07-24T10:30:00Z,o3,3.04
2026-07-24T11:30:00Z,o3,2.91
2026-07-24T12:30:00Z,o3,4.78
2026-07-24T13:30:00Z,o3,4.56
2026-07-24T14:30:00Z,o3,4.03
2026-07-24T15:30:00Z,o3,1.49
2026-07-24T16:30:00Z,o3,1.52
2026-07-24T17:30:00Z,o3,1.4
2026-07-24T18:30:00Z,o3,2.73
2026-07-24T19:30:00Z,o3,1.93
2026-07-24T20:30:00Z,o3,1.9
2026-07-24T21:30:00Z,o3,1.32
2026-07-24T22:30:00Z,o3,1.5
2026-07-24T23:30:00Z,o3,1.32
2026-07-25T00:30:00Z,o3,0.998
2026-07-25T01:30:00Z,o3,1.45
2026-07-25T02:30:00Z,o3,1.03
2026-07-25T03:30:00Z,o3,1.3
2026-07-25T04:30:00Z,o3,1.58
2026-07-25T05:30:00Z,o3,3.55
2026-07-25T06:30:00Z,o3,2.85
2026-07-25T07:30:00Z,o3,3.14
2026-07-25T08:30:00Z,o3,3.35
2026-07-25T09:30:00Z,o3,5.06
2026-07-25T10:30:00Z,o3,10.6
2026-07-25T11:30:00Z,o3,9.73
2026-07-25T12:30:00Z,o3,4.64
2026-07-25T13:30:00Z,o3,3.77
2026-07-25T14:30:00Z,o3,3.78
2026-07-25T15:30:00Z,o3,6.05
2026-07-25T16:30:00Z,o3,6.77
2026-07-25T17:30:00Z,o3,2.92
2026-07-25T18:30:00Z,o3,2.37
2026-07-25T19:30:00Z,o3,2.23
2026-07-25T20:30:00Z,o3,3.19
2026-07-25T21:30:00Z,o3,4.32
2026-07-25T22:30:00Z,o3,2.07
2026-07-25T23:30:00Z,o3,1.62
2026-07-26T00:30:00Z,o3,1.17
2026-07-26T01:30:00Z,o3,1.27
2026-07-26T02:30:00Z,o3,1.1
2026-07-26T03:30:00Z,o3,1.19
2026-07-26T04:30:00Z,o3,1.32
2026-07-26T05:30:00Z,o3,1.11
2026-07-26T06:30:00Z,o3,2.4
2026-07-26T07:30:00Z,o3,2.3
2026-07-26T08:30:00Z,o3,3.93
2026-07-26T09:30:00Z,o3,3.64
2026-07-26T10:30:00Z,o3,2.59
2026-07-26T11:30:00Z,o3,1.54
2026-07-26T12:30:00Z,o3,3.64
2026-07-26T13:30:00Z,o3,4.03
2026-07-26T14:30:00Z,o3,2.17
2026-07-26T15:30:00Z,o3,1.97
2026-07-26T16:30:00Z,o3,2.12
2026-07-26T17:30:00Z,o3,4.06
2026-07-26T18:30:00Z,o3,4.61
2026-07-26T19:30:00Z,o3,1.73
2026-07-26T20:30:00Z,o3,1.56
2026-07-26T21:30:00Z,o3,1.86
2026-07-26T22:30:00Z,o3,1.89
2026-07-26T23:30:00Z,o3,1.15
2026-07-27T00:30:00Z,o3,1.73
2026-07-27T01:30:00Z,o3,1.35
2026-07-27T02:30:00Z,o3,1.36
2026-07-27T03:30:00Z,o3,2.03
2026-07-27T04:30:00Z,o3,3.84
2026-07-27T05:30:00Z,o3,15.4
2026-07-27T06:30:00Z,o3,4.78
2026-07-27T07:30:00Z,o3,6.12
2026-07-27T08:30:00Z,o3,6.63
2026-07-27T09:30:00Z,o3,9.24
2026-07-27T10:30:00Z,o3,4.12
2026-07-27T11:30:00Z,o3,1.97
2026-07-27T12:30:00Z,o3,1.48
2026-07-27T13:30:00Z,o3,1.16
2026-07-27T14:30:00Z,o3,2.16
2026-07-27T15:30:00Z,o3,1.53
2026-07-27T16:30:00Z,o3,1.31
2026-07-27T17:30:00Z,o3,0.663
2026-07-27T18:30:00Z,o3,1.75
2026-07-27T19:30:00Z,o3,1.82
2026-07-27T20:30:00Z,o3,1.67
2026-07-27T21:30:00Z,o3,1.59
2026-07-27T22:30:00Z,o3,1.44
2026-07-27T23:30:00Z,o3,0.843
2026-07-28T00:30:00Z,o3,1.51
2026-07-28T01:30:00Z,o3,1.51
2026-07-28T02:30:00Z,o3,1.44
2026-07-28T03:30:00Z,o3,1.09
2026-07-28T04:30:00Z,o3,3.16
2026-07-28T05:30:00Z,o3,2.83
2026-07-28T06:30:00Z,o3,1.64
2026-07-28T07:30:00Z,o3,1.81
2026-07-28T08:30:00Z,o3,1.57
2026-07-28T09:30:00Z,o3,6.82
2026-07-28T10:30:00Z,o3,4.43
2026-07-28T11:30:00Z,o3,3.64
2026-07-28T12:30:00Z,o3,2.82
2026-07-28T13:30:00Z,o3,2.53
2026-07-28T14:30:00Z,o3,1.3
2026-07-28T15:30:00Z,o3,1.52
2026-07-28T16:30:00Z,o3,1.37
2026-07-28T17:30:00Z,o3,1.81
2026-07-28T18:30:00Z,o3,1.58
2026-07-28T19:30:00Z,o3,1.45
2026-07-28T20:30:00Z,o3,0.735
2026-07-28T21:30:00Z,o3,1.27
2026-07-28T22:30:00Z,o3,1.6
2026-07-28T23:30:00Z,o3,1.67
2026-07-29T00:30:00Z,o3,1.29
2026-07-29T01:30:00Z,o3,0.945
2026-07-29T02:30:00Z,o3,1.43
2026-07-29T03:30:00Z,o3,1.86
2026-07-29T04:30:00Z,o3,1.31
2026-07-29T05:30:00Z,o3,14.2
2026-07-29T06:30:00Z,o3,17.1
2026-07-29T07:30:00Z,o3,9.43
2026-07-29T08:30:00Z,o3,7.31
2026-07-29T09:30:00Z,o3,10.6
2026-07-29T10:30:00Z,o3,9.6
2026-07-29T11:30:00Z,o3,2.64
2026-07-29T12:30:00Z,o3,2.39
2026-07-29T13:30:00Z,o3,1.84
2026-07-29T14:30:00Z,o3,1.53
2026-07-29T15:30:00Z,o3,1.95
2026-07-29T16:30:00Z,o3,2.24
2026-07-29T17:30:00Z,o3,2.73
2026-07-29T18:30:00Z,o3,2.12
2026-07-29T19:30:00Z,o3,1.66
2026-07-29T20:30:00Z,o3,1.39
2026-07-29T21:30:00Z,o3,1.34
2026-07-29T22:30:00Z,o3,1.49
2026-07-29T23:30:00Z,o3,1.04
2026-07-30T01:30:00Z,o3,2.15
2026-07-30T02:30:00Z,o3,1.16
2026-07-30T03:30:00Z,o3,1.58
2026-07-30T04:30:00Z,o3,1.29
2026-07-30T05:30:00Z,o3,2.63
2026-07-30T06:30:00Z,o3,1.73
2026-07-30T07:30:00Z,o3,1.97
2026-07-30T08:30:00Z,o3,6.1
2026-07-30T09:30:00Z,o3,8.16
2026-07-30T10:30:00Z,o3,3.7
2026-07-30T11:30:00Z,o3,2.06
2026-07-30T12:30:00Z,o3,1.46
2026-07-30T13:30:00Z,o3,2.71
2026-07-30T14:30:00Z,o3,3.04
2026-07-30T15:30:00Z,o3,2.47
2026-07-30T16:30:00Z,o3,1.44
2026-07-30T17:30:00Z,o3,1.62
2026-07-30T18:30:00Z,o3,2.45
2026-07-30T19:30:00Z,o3,2.24
2026-07-30T20:30:00Z,o3,1.55
2026-07-30T21:30:00Z,o3,1.88
2026-07-30T22:30:00Z,o3,1.79
2026-07-30T23:30:00Z,o3,0.978
2026-07-31T00:30:00Z,o3,2.04
2026-07-31T01:30:00Z,o3,2.52
2026-07-31T02:30:00Z,o3,1.78
2026-07-31T03:30:00Z,o3,1.99
2026-07-31T04:30:00Z,o3,2.32
2026-07-31T05:30:00Z,o3,14.9
2026-07-31T06:30:00Z,o3,23.8
2026-07-31T07:30:00Z,o3,26.7
2026-07-31T08:30:00Z,o3,24.3
2026-07-31T09:30:00Z,o3,24.2
2026-07-31T10:30:00Z,o3,9.6
2026-07-31T11:30:00Z,o3,8.7
2026-07-31T12:30:00Z,o3,5.66
2026-07-31T13:30:00Z,o3,2.23
2026-07-31T14:30:00Z,o3,1.42
2026-07-31T15:30:00Z,o3,3.76
2026-07-31T16:30:00Z,o3,5.0
2026-07-31T17:30:00Z,o3,5.19
2026-07-31T18:30:00Z,o3,2.33
2026-07-31T19:30:00Z,o3,1.51
2026-07-31T20:30:00Z,o3,1.95
2026-07-31T21:30:00Z,o3,2.06
2026-07-31T22:30:00Z,o3,1.35
2026-07-31T23:30:00Z,o3,1.29
2026-08-01T00:30:00Z,o3,1.28
2026-08-01T01:30:00Z,o3,1.5
2026-08-01T02:30:00Z,o3,3.26
2026-08-01T03:30:00Z,o3,3.27
2026-08-01T04:30:00Z,o3,1.86
2026-08-01T05:30:00Z,o3,2.77
2026-08-01T06:30:00Z,o3,3.09
2026-08-01T07:30:00Z,o3,3.86
2026-08-01T08:30:00Z,o3,5.14
2026-08-01T09:30:00Z,o3,4.18
2026-08-01T10:30:00Z,o3,4.59
2026-08-01T11:30:00Z,o3,4.77
2026-08-01T12:30:00Z,o3,10.1
2026-08-01T13:30:00Z,o3,13.4
2026-08-01T14:30:00Z,o3,8.46
2026-08-01T15:30:00Z,o3,2.08
2026-08-01T16:30:00Z,o3,2.48
2026-08-01T17:30:00Z,o3,4.32
2026-08-01T18:30:00Z,o3,9.06
2026-08-01T19:30:00Z,o3,7.61
2026-08-01T20:30:00Z,o3,1.6
2026-08-01T21:30:00Z,o3,1.46
2026-08-01T22:30:00Z,o3,1.79
2026-08-01T23:30:00Z,o3,5.22
2026-08-02T00:30:00Z,o3,3.76
2026-08-02T01:30:00Z,o3,2.58
2026-08-02T02:30:00Z,o3,1.67
2026-08-02T03:30:00Z,o3,1.52
2026-08-02T04:30:00Z,o3,2.91
2026-08-02T05:30:00Z,o3,4.92
2026-08-02T06:30:00Z,o3,5.68
2026-08-02T07:30:00Z,o3,3.42
2026-08-02T08:30:00Z,o3,4.21
2026-08-02T09:30:00Z,o3,7.58
2026-08-02T10:30:00Z,o3,11.4
2026-08-02T11:30:00Z,o3,11.3
2026-08-02T12:30:00Z,o3,4.85
2026-08-02T13:30:00Z,o3,3.66
2026-08-02T14:30:00Z,o3,8.29
2026-08-02T15:30:00Z,o3,10.9
2026-08-02T16:30:00Z,o3,9.62
2026-08-02T17:30:00Z,o3,1.82
2026-08-02T18:30:00Z,o3,3.77
2026-08-02T19:30:00Z,o3,2.34
2026-08-02T20:30:00Z,o3,7.65
2026-08-02T21:30:00Z,o3,6.84
2026-08-02T22:30:00Z,o3,2.24
2026-08-02T23:30:00Z,o3,1.59
2026-08-03T00:30:00Z,o3,1.18
2026-08-03T01:30:00Z,o3,4.63
2026-08-03T02:30:00Z,o3,4.89
2026-08-03T03:30:00Z,o3,3.7
2026-08-03T04:30:00Z,o3,2.58
2026-08-03T05:30:00Z,o3,3.35
2026-08-03T06:30:00Z,o3,9.81
2026-08-03T07:30:00Z,o3,9.52
2026-08-03T08:30:00Z,o3,10.8
2026-08-03T09:30:00Z,o3,7.78
2026-08-03T10:30:00Z,o3,9.68
2026-08-03T11:30:00Z,o3,15.0
2026-08-03T12:30:00Z,o3,11.8
2026-08-03T13:30:00Z,o3,7.67
2026-08-03T14:30:00Z,o3,2.17
2026-08-03T15:30:00Z,o3,2.45
2026-08-03T16:30:00Z,o3,2.96
2026-08-03T17:30:00Z,o3,5.68
2026-08-03T18:30:00Z,o3,6.37
2026-08-03T19:30:00Z,o3,2.67
2026-08-03T20:30:00Z,o3,1.9
2026-08-03T21:30:00Z,o3,0.897
2026-08-03T22:30:00Z,o3,4.32
2026-08-03T23:30:00Z,o3,5.71
2026-08-04T00:30:00Z,o3,4.27
2026-08-04T01:30:00Z,o3,1.49
2026-08-04T02:30:00Z,o3,1.82
2026-08-04T03:30:00Z,o3,6.73
2026-08-04T04:30:00Z,o3,14.8
2026-08-04T05:30:00Z,o3,31.8
2026-08-04T06:30:00Z,o3,33.2
2026-08-04T13:30:00Z,o3,2.49
2026-08-04T14:30:00Z,o3,5.85
2026-08-04T15:30:00Z,o3,5.1
2026-08-04T16:30:00Z,o3,2.03
2026-08-04T17:30:00Z,o3,1.79
2026-08-04T18:30:00Z,o3,1.49
2026-08-04T19:30:00Z,o3,3.58
2026-08-04T20:30:00Z,o3,4.29
2026-08-04T21:30:00Z,o3,2.32
2026-08-04T22:30:00Z,o3,1.4
2026-08-04T23:30:00Z,o3,1.17
2026-08-05T00:30:00Z,o3,1.65
2026-08-05T01:30:00Z,o3,1.73
2026-08-05T02:30:00Z,o3,2.46
2026-08-05T03:30:00Z,o3,1.29
2026-08-05T04:30:00Z,o3,18.1
2026-08-05T05:30:00Z,o3,26.9
2026-08-05T06:30:00Z,o3,31.2
2026-08-05T07:30:00Z,o3,27.9
2026-08-05T08:30:00Z,o3,31.9
2026-08-05T09:30:00Z,o3,29.8
2026-08-05T10:30:00Z,o3,31.7
2026-08-05T11:30:00Z,o3,19.3
2026-08-05T12:30:00Z,o3,14.2
2026-08-05T13:30:00Z,o3,1.85
2026-08-05T14:30:00Z,o3,2.42
2026-08-05T15:30:00Z,o3,1.51
2026-08-05T16:30:00Z,o3,4.44
2026-08-05T17:30:00Z,o3,1.96
2026-08-05T18:30:00Z,o3,1.87
2026-08-05T20:30:00Z,o3,1.17
2026-08-05T21:30:00Z,o3,3.3
2026-08-05T22:30:00Z,o3,3.07
2026-08-05T23:30:00Z,o3,2.13
2026-08-06T00:30:00Z,o3,1.42
2026-08-06T01:30:00Z,o3,1.6
2026-08-06T02:30:00Z,o3,1.25
2026-08-06T03:30:00Z,o3,2.36
2026-08-06T04:30:00Z,o3,3.68
2026-08-06T05:30:00Z,o3,2.27
2026-08-06T06:30:00Z,o3,3.13
2026-08-06T07:30:00Z,o3,4.25
2026-08-06T08:30:00Z,o3,4.91
2026-08-06T09:30:00Z,o3,9.84
2026-08-06T10:30:00Z,o3,7.31
2026-08-06T11:30:00Z,o3,5.93
2026-08-06T12:30:00Z,o3,5.39
2026-08-06T13:30:00Z,o3,13.8
2026-08-06T14:30:00Z,o3,9.28
2026-08-06T15:30:00Z,o3,3.13
2026-08-06T16:30:00Z,o3,3.57
2026-08-06T17:30:00Z,o3,6.18
2026-08-06T19:30:00Z,o3,7.99
2026-08-06T20:30:00Z,o3,6.07
2026-08-06T21:30:00Z,o3,1.62
2026-08-06T22:30:00Z,o3,1.49
2026-08-06T23:30:00Z,o3,1.0
2026-08-07T01:30:00Z,o3,1.56
2026-08-07T02:30:00Z,o3,1.67
2026-08-07T03:30:00Z,o3,1.19
2026-08-07T04:30:00Z,o3,1.27
2026-08-07T05:30:00Z,o3,11.0
2026-08-07T06:30:00Z,o3,18.2
2026-08-07T07:30:00Z,o3,16.0
2026-08-07T08:30:00Z,o3,19.7
2026-08-07T09:30:00Z,o3,12.2
2026-08-07T10:30:00Z,o3,5.55
2026-08-07T11:30:00Z,o3,7.11
2026-08-07T12:30:00Z,o3,3.3
2026-08-07T13:30:00Z,o3,1.08
2026-08-07T14:30:00Z,o3,1.43
2026-08-07T15:30:00Z,o3,2.63
2026-08-07T16:30:00Z,o3,2.37
2026-08-07T17:30:00Z,o3,3.03
2026-08-07T18:30:00Z,o3,2.43
2026-08-07T19:30:00Z,o3,0.73
2026-08-07T20:30:00Z,o3,1.14
2026-08-07T21:30:00Z,o3,1.46
2026-08-07T22:30:00Z,o3,1.18
2026-08-07T23:30:00Z,o3,1.47
2026-08-08T00:30:00Z,o3,1.41
2026-08-08T01:30:00Z,o3,0.88
2026-08-08T02:30:00Z,o3,1.28
2026-08-08T03:30:00Z,o3,2.27
2026-08-08T04:30:00Z,o3,1.3
2026-08-08T05:30:00Z,o3,2.0
2026-08-08T06:30:00Z,o3,1.03
2026-08-08T07:30:00Z,o3,2.96
2026-08-08T08:30:00Z,o3,4.32
2026-08-08T09:30:00Z,o3,2.92
2026-08-08T10:30:00Z,o3,2.48
2026-08-08T11:30:00Z,o3,2.73
2026-08-08T12:30:00Z,o3,1.82
2026-08-08T13:30:00Z,o3,1.53
2026-08-08T14:30:00Z,o3,1.9
2026-08-08T15:30:00Z,o3,1.71
2026-08-08T16:30:00Z,o3,1.76
2026-08-08T17:30:00Z,o3,1.64
2026-08-08T19:30:00Z,o3,1.93
2026-08-08T20:30:00Z,o3,1.43
2026-08-08T21:30:00Z,o3,1.2
2026-08-08T22:30:00Z,o3,1.11
2026-08-08T23:30:00Z,o3,1.58
2026-08-09T00:30:00Z,o3,1.0
2026-08-09T01:30:00Z,o3,1.97
2026-08-09T02:30:00Z,o3,1.66
2026-08-09T03:30:00Z,o3,1.31
2026-08-09T04:30:00Z,o3,1.15
2026-08-09T05:30:00Z,o3,1.8
2026-08-09T06:30:00Z,o3,1.84
2026-08-09T07:30:00Z,o3,1.38
2026-08-09T08:30:00Z,o3,1.98
2026-08-09T09:30:00Z,o3,2.46
2026-08-09T10:30:00Z,o3,3.58
2026-08-09T11:30:00Z,o3,2.23
2026-08-09T12:30:00Z,o3,2.15
2026-08-09T13:30:00Z,o3,1.64
2026-08-09T14:30:00Z,o3,1.76
2026-08-09T15:30:00Z,o3,2.38
2026-08-09T16:30:00Z,o3,1.69
2026-08-09T17:30:00Z,o3,1.23
2026-08-09T18:30:00Z,o3,0.9
2026-08-09T19:30:00Z,o3,1.58
2026-08-09T20:30:00Z,o3,2.12
2026-08-09T21:30:00Z,o3,0.935
2026-08-09T22:30:00Z,o3,1.88
2026-08-09T23:30:00Z,o3,1.51
2026-08-10T00:30:00Z,o3,1.59
2026-08-10T01:30:00Z,o3,1.14
2026-08-10T02:30:00Z,o3,1.82
2026-08-10T03:30:00Z,o3,1.47
2026-08-10T04:30:00Z,o3,1.47
2026-08-10T05:30:00Z,o3,2.25
2026-08-10T06:30:00Z,o3,4.08
2026-08-10T07:30:00Z,o3,6.02
2026-08-10T08:30:00Z,o3,4.45
2026-08-10T09:30:00Z,o3,3.57
2026-08-10T10:30:00Z,o3,2.33
2026-08-10T11:30:00Z,o3,5.32
2026-08-10T12:30:00Z,o3,7.2
2026-08-10T13:30:00Z,o3,3.46
2026-08-10T14:30:00Z,o3,1.4
2026-08-10T15:30:00Z,o3,2.01
2026-08-10T16:30:00Z,o3,1.42
2026-08-10T17:30:00Z,o3,0.62
2026-08-10T18:30:00Z,o3,0.96
2026-08-10T19:30:00Z,o3,2.03
2026-08-10T20:30:00Z,o3,1.45
2026-08-10T21:30:00Z,o3,1.06
2026-08-10T22:30:00Z,o3,0.535
2026-08-10T23:30:00Z,o3,0.835
2026-08-11T00:30:00Z,o3,0.893
2026-08-11T01:30:00Z,o3,1.22
2026-08-11T02:30:00Z,o3,1.47
2026-08-11T03:30:00Z,o3,0.755
2026-08-11T04:30:00Z,o3,6.98
2026-08-11T05:30:00Z,o3,18.7
2026-08-11T06:30:00Z,o3,23.1
2026-08-11T07:30:00Z,o3,23.9
2026-08-11T08:30:00Z,o3,12.2
2026-08-11T09:30:00Z,o3,26.8
2026-08-11T10:30:00Z,o3,20.2
2026-08-11T11:30:00Z,o3,8.21
2026-08-11T12:30:00Z,o3,7.8
2026-08-11T13:30:00Z,o3,1.93
2026-08-11T14:30:00Z,o3,1.92
2026-08-11T15:30:00Z,o3,1.64
2026-08-11T16:30:00Z,o3,2.46
2026-08-11T17:30:00Z,o3,1.4
2026-08-11T19:30:00Z,o3,1.28
2026-08-11T20:30:00Z,o3,1.26
2026-08-11T21:30:00Z,o3,1.86
2026-08-11T22:30:00Z,o3,1.15
2026-08-11T23:30:00Z,o3,1.86
2026-08-12T00:30:00Z,o3,2.12
2026-08-12T01:30:00Z,o3,1.83
2026-08-12T02:30:00Z,o3,1.03
2026-08-12T03:30:00Z,o3,1.39
2026-08-12T04:30:00Z,o3,1.7
2026-08-12T05:30:00Z,o3,1.37
2026-08-12T06:30:00Z,o3,2.72
2026-08-12T07:30:00Z,o3,3.11
2026-08-12T08:30:00Z,o3,4.06
2026-08-12T09:30:00Z,o3,5.23
2026-08-12T10:30:00Z,o3,2.86
2026-08-12T11:30:00Z,o3,4.69
2026-08-12T12:30:00Z,o3,4.26
2026-08-12T13:30:00Z,o3,8.78
2026-08-12T14:30:00Z,o3,7.85
2026-08-12T15:30:00Z,o3,2.44
2026-08-12T16:30:00Z,o3,1.93
2026-08-12T17:30:00Z,o3,2.24
2026-08-12T18:30:00Z,o3,1.33
2026-08-12T19:30:00Z,o3,2.72
2026-08-12T20:30:00Z,o3,1.35
2026-08-12T21:30:00Z,o3,2.98
2026-08-12T23:30:00Z,o3,2.41
2026-08-13T00:30:00Z,o3,0.788
2026-08-13T02:30:00Z,o3,1.22
2026-08-13T03:30:00Z,o3,1.67
2026-08-13T04:30:00Z,o3,1.33
2026-08-13T05:30:00Z,o3,1.15
2026-08-13T06:30:00Z,o3,2.3
2026-08-13T07:30:00Z,o3,2.35
2026-08-14T05:30:00Z,o3,20.2
2026-08-14T06:30:00Z,o3,19.0
2026-08-14T07:30:00Z,o3,16.7
2026-08-14T08:30:00Z,o3,12.3
2026-08-14T09:30:00Z,o3,5.47
2026-08-14T10:30:00Z,o3,1.94
2026-08-14T11:30:00Z,o3,1.97
2026-08-14T12:30:00Z,o3,2.87
2026-08-14T13:30:00Z,o3,2.24
2026-08-14T14:30:00Z,o3,1.73
2026-08-14T15:30:00Z,o3,0.96
2026-08-14T16:30:00Z,o3,1.57
2026-08-14T17:30:00Z,o3,1.01
2026-08-14T18:30:00Z,o3,3.42
2026-08-14T19:30:00Z,o3,1.68
2026-08-14T20:30:00Z,o3,1.84
2026-08-14T22:30:00Z,o3,0.645
2026-08-14T23:30:00Z,o3,1.67
2026-08-15T00:30:00Z,o3,1.77
2026-08-15T01:30:00Z,o3,1.79
2026-08-15T02:30:00Z,o3,1.03
2026-08-15T03:30:00Z,o3,1.1
2026-08-15T04:30:00Z,o3,0.868
2026-08-15T05:30:00Z,o3,1.53
2026-08-15T06:30:00Z,o3,1.91
2026-08-15T07:30:00Z,o3,1.7
2026-08-15T08:30:00Z,o3,2.35
2026-08-15T09:30:00Z,o3,2.29
2026-08-15T10:30:00Z,o3,2.4
2026-08-15T11:30:00Z,o3,3.3
2026-06-30T23:30:00Z,temperature,29.1
2026-07-01T00:30:00Z,temperature,29.1
2026-07-01T01:30:00Z,temperature,29.2
2026-07-01T02:30:00Z,temperature,29.7
2026-07-01T03:30:00Z,temperature,29.8
2026-07-01T04:30:00Z,temperature,31.6
2026-07-01T05:30:00Z,temperature,32.5
2026-07-01T06:30:00Z,temperature,32.7
2026-07-01T07:30:00Z,temperature,33.3
2026-07-01T08:30:00Z,temperature,33.2
2026-07-01T09:30:00Z,temperature,32.7
2026-07-01T10:30:00Z,temperature,33.2
2026-07-01T11:30:00Z,temperature,33.0
2026-07-01T12:30:00Z,temperature,32.1
2026-07-01T13:30:00Z,temperature,31.7
2026-07-01T14:30:00Z,temperature,31.2
2026-07-01T15:30:00Z,temperature,31.0
2026-07-01T16:30:00Z,temperature,30.8
2026-07-01T17:30:00Z,temperature,30.4
2026-07-01T18:30:00Z,temperature,30.0
2026-07-01T19:30:00Z,temperature,30.0
2026-07-01T20:30:00Z,temperature,29.9
2026-07-01T21:30:00Z,temperature,29.4
2026-07-01T22:30:00Z,temperature,28.8
2026-07-01T23:30:00Z,temperature,28.9
2026-07-02T00:30:00Z,temperature,29.2
2026-07-02T01:30:00Z,temperature,29.7
2026-07-02T02:30:00Z,temperature,30.6
2026-07-02T03:30:00Z,temperature,32.3
2026-07-02T04:30:00Z,temperature,33.2
2026-07-02T05:30:00Z,temperature,33.0
2026-07-02T06:30:00Z,temperature,34.4
2026-07-02T07:30:00Z,temperature,35.0
2026-07-02T08:30:00Z,temperature,35.6
2026-07-02T09:30:00Z,temperature,34.5
2026-07-02T10:30:00Z,temperature,28.4
2026-07-02T11:30:00Z,temperature,28.6
2026-07-02T12:30:00Z,temperature,28.7
2026-07-02T13:30:00Z,temperature,28.6
2026-07-02T14:30:00Z,temperature,28.1
2026-07-02T15:30:00Z,temperature,28.1
2026-07-02T16:30:00Z,temperature,28.3
2026-07-02T17:30:00Z,temperature,28.5
2026-07-02T18:30:00Z,temperature,28.4
2026-07-02T19:30:00Z,temperature,28.4
2026-07-02T20:30:00Z,temperature,28.2
2026-07-02T21:30:00Z,temperature,28.2
2026-07-02T22:30:00Z,temperature,27.7
2026-07-02T23:30:00Z,temperature,27.3
2026-07-03T00:30:00Z,temperature,27.2
2026-07-03T01:30:00Z,temperature,27.8
2026-07-03T02:30:00Z,temperature,29.1
2026-07-03T03:30:00Z,temperature,29.8
2026-07-03T04:30:00Z,temperature,29.8
2026-07-03T05:30:00Z,temperature,30.4
2026-07-03T06:30:00Z,temperature,30.1
2026-07-03T07:30:00Z,temperature,30.5
2026-07-03T08:30:00Z,temperature,30.4
2026-07-03T09:30:00Z,temperature,30.4
2026-07-03T10:30:00Z,temperature,29.8
2026-07-03T11:30:00Z,temperature,29.8
2026-07-03T12:30:00Z,temperature,29.6
2026-07-03T13:30:00Z,temperature,29.4
2026-07-03T14:30:00Z,temperature,29.2
2026-07-03T15:30:00Z,temperature,28.6
2026-07-03T16:30:00Z,temperature,28.5
2026-07-03T17:30:00Z,temperature,28.3
2026-07-03T18:30:00Z,temperature,28.4
2026-07-03T19:30:00Z,temperature,28.3
2026-07-03T20:30:00Z,temperature,27.8
2026-07-03T21:30:00Z,temperature,27.3
2026-07-03T22:30:00Z,temperature,27.3
2026-07-03T23:30:00Z,temperature,27.6
2026-07-04T00:30:00Z,temperature,28.0
2026-07-04T01:30:00Z,temperature,28.7
2026-07-04T02:30:00Z,temperature,29.8
2026-07-04T03:30:00Z,temperature,31.1
2026-07-04T04:30:00Z,temperature,31.7
2026-07-04T05:30:00Z,temperature,33.3
2026-07-04T06:30:00Z,temperature,34.0
2026-07-04T07:30:00Z,temperature,35.6
2026-07-04T08:30:00Z,temperature,35.6
2026-07-04T09:30:00Z,temperature,34.6
2026-07-04T10:30:00Z,temperature,29.0
2026-07-04T11:30:00Z,temperature,27.8
2026-07-04T12:30:00Z,temperature,28.1
2026-07-04T13:30:00Z,temperature,27.8
2026-07-04T14:30:00Z,temperature,28.2
2026-07-04T15:30:00Z,temperature,28.5
2026-07-04T16:30:00Z,temperature,28.7
2026-07-04T17:30:00Z,temperature,28.5
2026-07-04T18:30:00Z,temperature,26.9
2026-07-04T19:30:00Z,temperature,26.7
2026-07-04T20:30:00Z,temperature,26.7
2026-07-04T21:30:00Z,temperature,26.6
2026-07-04T22:30:00Z,temperature,26.5
2026-07-04T23:30:00Z,temperature,26.3
2026-07-05T00:30:00Z,temperature,26.4
2026-07-05T01:30:00Z,temperature,26.9
2026-07-05T02:30:00Z,temperature,27.5
2026-07-05T03:30:00Z,temperature,27.0
2026-07-05T04:30:00Z,temperature,27.9
2026-07-05T05:30:00Z,temperature,27.8
2026-07-05T06:30:00Z,temperature,27.2
2026-07-05T07:30:00Z,temperature,27.0
2026-07-05T08:30:00Z,temperature,27.4
2026-07-05T09:30:00Z,temperature,27.5
2026-07-05T10:30:00Z,temperature,27.0
2026-07-05T11:30:00Z,temperature,26.7
2026-07-05T12:30:00Z,temperature,26.9
2026-07-05T13:30:00Z,temperature,27.0
2026-07-05T14:30:00Z,temperature,27.1
2026-07-05T15:30:00Z,temperature,27.1
2026-07-05T16:30:00Z,temperature,26.9
2026-07-05T17:30:00Z,temperature,26.7
2026-07-05T18:30:00Z,temperature,26.7
2026-07-05T19:30:00Z,temperature,26.8
2026-07-05T20:30:00Z,temperature,26.8
2026-07-05T21:30:00Z,temperature,26.7
2026-07-05T22:30:00Z,temperature,26.4
2026-07-05T23:30:00Z,temperature,26.3
2026-07-06T00:30:00Z,temperature,26.2
2026-07-06T01:30:00Z,temperature,26.1
2026-07-06T02:30:00Z,temperature,26.0
2026-07-06T03:30:00Z,temperature,26.0
2026-07-06T04:30:00Z,temperature,26.2
2026-07-06T05:30:00Z,temperature,26.8
2026-07-06T06:30:00Z,temperature,27.5
2026-07-06T07:30:00Z,temperature,28.1
2026-07-06T08:30:00Z,temperature,28.1
2026-07-06T09:30:00Z,temperature,28.3
2026-07-06T10:30:00Z,temperature,28.2
2026-07-06T11:30:00Z,temperature,28.3
2026-07-06T12:30:00Z,temperature,28.0
2026-07-06T13:30:00Z,temperature,27.8
2026-07-06T14:30:00Z,temperature,27.7
2026-07-06T15:30:00Z,temperature,27.7
2026-07-06T16:30:00Z,temperature,27.6
2026-07-06T17:30:00Z,temperature,27.6
2026-07-06T19:30:00Z,temperature,27.6
2026-07-06T20:30:00Z,temperature,27.8
2026-07-06T21:30:00Z,temperature,27.6
2026-07-06T22:30:00Z,temperature,27.5
2026-07-06T23:30:00Z,temperature,27.5
2026-07-07T00:30:00Z,temperature,27.8
2026-07-07T01:30:00Z,temperature,28.6
2026-07-07T02:30:00Z,temperature,29.8
2026-07-07T03:30:00Z,temperature,31.2
2026-07-07T04:30:00Z,temperature,31.5
2026-07-07T05:30:00Z,temperature,31.5
2026-07-07T06:30:00Z,temperature,30.8
2026-07-07T07:30:00Z,temperature,31.5
2026-07-07T08:30:00Z,temperature,31.0
2026-07-07T09:30:00Z,temperature,29.7
2026-07-07T10:30:00Z,temperature,29.7
2026-07-07T11:30:00Z,temperature,29.9
2026-07-07T12:30:00Z,temperature,29.7
2026-07-07T13:30:00Z,temperature,29.4
2026-07-07T14:30:00Z,temperature,29.2
2026-07-07T15:30:00Z,temperature,29.0
2026-07-07T16:30:00Z,temperature,28.8
2026-07-07T17:30:00Z,temperature,28.8
2026-07-07T18:30:00Z,temperature,28.6
2026-07-07T19:30:00Z,temperature,28.5
2026-07-07T20:30:00Z,temperature,28.3
2026-07-07T21:30:00Z,temperature,28.0
2026-07-07T22:30:00Z,temperature,27.6
2026-07-07T23:30:00Z,temperature,27.5
2026-07-08T00:30:00Z,temperature,28.3
2026-07-08T01:30:00Z,temperature,29.5
2026-07-08T02:30:00Z,temperature,30.3
2026-07-08T03:30:00Z,temperature,30.8
2026-07-08T04:30:00Z,temperature,31.4
2026-07-08T05:30:00Z,temperature,32.5
2026-07-08T06:30:00Z,temperature,32.6
2026-07-08T07:30:00Z,temperature,31.9
2026-07-08T08:30:00Z,temperature,31.5
2026-07-08T09:30:00Z,temperature,32.4
2026-07-08T10:30:00Z,temperature,31.2
2026-07-08T11:30:00Z,temperature,30.4
2026-07-08T12:30:00Z,temperature,28.4
2026-07-08T13:30:00Z,temperature,27.6
2026-07-08T14:30:00Z,temperature,27.8
2026-07-08T15:30:00Z,temperature,28.3
2026-07-08T16:30:00Z,temperature,28.1
2026-07-08T17:30:00Z,temperature,28.2
2026-07-08T18:30:00Z,temperature,28.6
2026-07-08T19:30:00Z,temperature,28.4
2026-07-08T20:30:00Z,temperature,28.3
2026-07-08T21:30:00Z,temperature,28.2
2026-07-08T22:30:00Z,temperature,28.1
2026-07-08T23:30:00Z,temperature,27.9
2026-07-09T00:30:00Z,temperature,28.1
2026-07-09T01:30:00Z,temperature,28.6
2026-07-09T02:30:00Z,temperature,29.0
2026-07-09T03:30:00Z,temperature,30.3
2026-07-09T04:30:00Z,temperature,30.9
2026-07-09T05:30:00Z,temperature,32.8
2026-07-09T06:30:00Z,temperature,33.0
2026-07-09T07:30:00Z,temperature,33.4
2026-07-09T08:30:00Z,temperature,34.6
2026-07-09T09:30:00Z,temperature,34.0
2026-07-09T10:30:00Z,temperature,32.8
2026-07-09T11:30:00Z,temperature,32.3
2026-07-09T12:30:00Z,temperature,31.6
2026-07-09T13:30:00Z,temperature,30.9
2026-07-09T14:30:00Z,temperature,29.9
2026-07-09T15:30:00Z,temperature,29.2
2026-07-09T16:30:00Z,temperature,28.9
2026-07-09T17:30:00Z,temperature,29.0
2026-07-09T18:30:00Z,temperature,28.9
2026-07-09T19:30:00Z,temperature,28.7
2026-07-09T20:30:00Z,temperature,28.4
2026-07-09T21:30:00Z,temperature,28.1
2026-07-09T22:30:00Z,temperature,28.2
2026-07-09T23:30:00Z,temperature,28.1
2026-07-10T00:30:00Z,temperature,28.6
2026-07-10T01:30:00Z,temperature,29.8
2026-07-10T02:30:00Z,temperature,30.6
2026-07-10T03:30:00Z,temperature,31.5
2026-07-10T04:30:00Z,temperature,32.4
2026-07-10T05:30:00Z,temperature,33.5
2026-07-10T06:30:00Z,temperature,34.8
2026-07-10T07:30:00Z,temperature,35.8
2026-07-10T08:30:00Z,temperature,36.0
2026-07-10T09:30:00Z,temperature,35.5
2026-07-10T10:30:00Z,temperature,35.2
2026-07-10T11:30:00Z,temperature,34.1
2026-07-10T12:30:00Z,temperature,33.2
2026-07-10T13:30:00Z,temperature,32.2
2026-07-10T14:30:00Z,temperature,31.8
2026-07-10T15:30:00Z,temperature,31.4
2026-07-10T16:30:00Z,temperature,30.8
2026-07-10T17:30:00Z,temperature,30.5
2026-07-10T18:30:00Z,temperature,30.3
2026-07-10T19:30:00Z,temperature,30.2
2026-07-10T20:30:00Z,temperature,29.8
2026-07-10T21:30:00Z,temperature,29.5
2026-07-10T22:30:00Z,temperature,29.2
2026-07-10T23:30:00Z,temperature,29.2
2026-07-11T00:30:00Z,temperature,29.4
2026-07-11T01:30:00Z,temperature,29.9
2026-07-11T02:30:00Z,temperature,31.0
2026-07-11T03:30:00Z,temperature,32.5
2026-07-11T04:30:00Z,temperature,33.5
2026-07-11T05:30:00Z,temperature,33.8
2026-07-11T06:30:00Z,temperature,34.9
2026-07-11T07:30:00Z,temperature,35.3
2026-07-11T08:30:00Z,temperature,35.7
2026-07-11T09:30:00Z,temperature,35.0
2026-07-11T10:30:00Z,temperature,35.3
2026-07-11T11:30:00Z,temperature,34.5
2026-07-11T12:30:00Z,temperature,34.3
2026-07-11T13:30:00Z,temperature,33.6
2026-07-11T14:30:00Z,temperature,32.7
2026-07-11T15:30:00Z,temperature,32.3
2026-07-11T16:30:00Z,temperature,31.6
2026-07-11T17:30:00Z,temperature,31.5
2026-07-11T18:30:00Z,temperature,31.1
2026-07-11T19:30:00Z,temperature,31.4
2026-07-11T20:30:00Z,temperature,30.7
2026-07-11T21:30:00Z,temperature,30.3
2026-07-11T22:30:00Z,temperature,30.1
2026-07-11T23:30:00Z,temperature,29.9
2026-07-12T00:30:00Z,temperature,30.2
2026-07-12T01:30:00Z,temperature,31.2
2026-07-12T02:30:00Z,temperature,32.9
2026-07-12T03:30:00Z,temperature,34.1
2026-07-12T04:30:00Z,temperature,35.1
2026-07-12T05:30:00Z,temperature,35.3
2026-07-12T06:30:00Z,temperature,36.0
2026-07-12T07:30:00Z,temperature,36.9
2026-07-12T08:30:00Z,temperature,36.9
2026-07-12T09:30:00Z,temperature,36.1
2026-07-12T10:30:00Z,temperature,36.0
2026-07-12T11:30:00Z,temperature,35.0
2026-07-12T12:30:00Z,temperature,34.2
2026-07-12T13:30:00Z,temperature,33.4
2026-07-12T14:30:00Z,temperature,33.1
2026-07-12T15:30:00Z,temperature,32.3
2026-07-12T16:30:00Z,temperature,31.8
2026-07-12T17:30:00Z,temperature,31.0
2026-07-12T18:30:00Z,temperature,31.1
2026-07-12T19:30:00Z,temperature,30.9
2026-07-12T20:30:00Z,temperature,31.0
2026-07-12T21:30:00Z,temperature,30.4
2026-07-12T22:30:00Z,temperature,29.5
2026-07-12T23:30:00Z,temperature,29.2
2026-07-13T00:30:00Z,temperature,30.0
2026-07-13T01:30:00Z,temperature,31.5
2026-07-13T02:30:00Z,temperature,33.1
2026-07-13T03:30:00Z,temperature,34.3
2026-07-13T04:30:00Z,temperature,35.0
2026-07-13T05:30:00Z,temperature,35.7
2026-07-13T06:30:00Z,temperature,36.4
2026-07-13T07:30:00Z,temperature,36.9
2026-07-13T08:30:00Z,temperature,37.4
2026-07-13T09:30:00Z,temperature,37.7
2026-07-13T10:30:00Z,temperature,37.2
2026-07-13T11:30:00Z,temperature,36.3
2026-07-13T12:30:00Z,temperature,35.0
2026-07-13T13:30:00Z,temperature,34.0
2026-07-13T14:30:00Z,temperature,33.5
2026-07-13T15:30:00Z,temperature,33.0
2026-07-13T16:30:00Z,temperature,32.6
2026-07-13T17:30:00Z,temperature,32.6
2026-07-13T18:30:00Z,temperature,32.3
2026-07-13T19:30:00Z,temperature,32.4
2026-07-13T20:30:00Z,temperature,32.3
2026-07-13T21:30:00Z,temperature,32.1
2026-07-13T22:30:00Z,temperature,31.7
2026-07-13T23:30:00Z,temperature,32.0
2026-07-14T00:30:00Z,temperature,32.2
2026-07-14T01:30:00Z,temperature,32.6
2026-07-14T02:30:00Z,temperature,34.2
2026-07-14T03:30:00Z,temperature,34.9
2026-07-14T04:30:00Z,temperature,35.6
2026-07-14T05:30:00Z,temperature,36.9
2026-07-14T06:30:00Z,temperature,36.6
2026-07-14T07:30:00Z,temperature,36.7
2026-07-14T08:30:00Z,temperature,36.7
2026-07-14T09:30:00Z,temperature,36.9
2026-07-14T10:30:00Z,temperature,36.9
2026-07-14T11:30:00Z,temperature,36.2
2026-07-14T12:30:00Z,temperature,35.7
2026-07-14T13:30:00Z,temperature,35.2
2026-07-14T14:30:00Z,temperature,34.5
2026-07-14T15:30:00Z,temperature,33.5
2026-07-14T16:30:00Z,temperature,32.2
2026-07-14T17:30:00Z,temperature,30.3
2026-07-14T18:30:00Z,temperature,30.2
2026-07-14T19:30:00Z,temperature,29.8
2026-07-14T20:30:00Z,temperature,29.8
2026-07-14T21:30:00Z,temperature,28.9
2026-07-14T22:30:00Z,temperature,28.4
2026-07-14T23:30:00Z,temperature,28.5
2026-07-15T00:30:00Z,temperature,28.9
2026-07-15T01:30:00Z,temperature,29.8
2026-07-15T02:30:00Z,temperature,31.6
2026-07-15T03:30:00Z,temperature,33.3
2026-07-15T04:30:00Z,temperature,34.3
2026-07-15T05:30:00Z,temperature,35.3
2026-07-15T06:30:00Z,temperature,36.1
2026-07-15T07:30:00Z,temperature,36.6
2026-07-15T08:30:00Z,temperature,35.8
2026-07-15T09:30:00Z,temperature,35.5
2026-07-15T10:30:00Z,temperature,36.2
2026-07-15T11:30:00Z,temperature,30.7
2026-07-15T12:30:00Z,temperature,29.8
2026-07-15T13:30:00Z,temperature,28.5
2026-07-15T14:30:00Z,temperature,28.0
2026-07-15T15:30:00Z,temperature,28.6
2026-07-15T16:30:00Z,temperature,29.5
2026-07-15T17:30:00Z,temperature,29.4
2026-07-15T19:30:00Z,temperature,27.7
2026-07-15T20:30:00Z,temperature,27.6
2026-07-15T21:30:00Z,temperature,27.7
2026-07-15T22:30:00Z,temperature,27.6
2026-07-15T23:30:00Z,temperature,28.0
2026-07-16T00:30:00Z,temperature,28.4
2026-07-16T01:30:00Z,temperature,28.9
2026-07-16T02:30:00Z,temperature,28.8
2026-07-16T03:30:00Z,temperature,29.6
2026-07-16T04:30:00Z,temperature,30.4
2026-07-16T05:30:00Z,temperature,31.1
2026-07-16T06:30:00Z,temperature,31.8
2026-07-16T07:30:00Z,temperature,32.1
2026-07-16T08:30:00Z,temperature,31.3
2026-07-16T09:30:00Z,temperature,31.1
2026-07-16T10:30:00Z,temperature,27.6
2026-07-16T11:30:00Z,temperature,25.7
2026-07-16T12:30:00Z,temperature,26.6
2026-07-16T13:30:00Z,temperature,26.4
2026-07-16T14:30:00Z,temperature,26.4
2026-07-16T15:30:00Z,temperature,26.3
2026-07-16T16:30:00Z,temperature,26.2
2026-07-16T17:30:00Z,temperature,26.5
2026-07-16T18:30:00Z,temperature,25.8
2026-07-16T19:30:00Z,temperature,25.8
2026-07-16T20:30:00Z,temperature,25.6
2026-07-16T21:30:00Z,temperature,25.3
2026-07-16T22:30:00Z,temperature,25.3
2026-07-16T23:30:00Z,temperature,25.1
2026-07-17T00:30:00Z,temperature,25.2
2026-07-17T01:30:00Z,temperature,25.4
2026-07-17T02:30:00Z,temperature,25.7
2026-07-17T03:30:00Z,temperature,25.9
2026-07-17T04:30:00Z,temperature,26.1
2026-07-17T05:30:00Z,temperature,26.5
2026-07-17T06:30:00Z,temperature,27.0
2026-07-17T07:30:00Z,temperature,27.3
2026-07-17T08:30:00Z,temperature,27.6
2026-07-17T09:30:00Z,temperature,27.9
2026-07-17T10:30:00Z,temperature,27.7
2026-07-17T11:30:00Z,temperature,28.0
2026-07-17T12:30:00Z,temperature,27.3
2026-07-17T13:30:00Z,temperature,26.9
2026-07-17T14:30:00Z,temperature,26.7
2026-07-17T15:30:00Z,temperature,26.7
2026-07-17T16:30:00Z,temperature,26.6
2026-07-17T17:30:00Z,temperature,26.4
2026-07-17T18:30:00Z,temperature,26.0
2026-07-17T19:30:00Z,temperature,25.9
2026-07-17T20:30:00Z,temperature,26.0
2026-07-17T21:30:00Z,temperature,26.0
2026-07-17T22:30:00Z,temperature,25.9
2026-07-17T23:30:00Z,temperature,25.8
2026-07-18T00:30:00Z,temperature,25.7
2026-07-18T01:30:00Z,temperature,25.8
2026-07-18T02:30:00Z,temperature,26.2
2026-07-18T03:30:00Z,temperature,25.9
2026-07-18T04:30:00Z,temperature,25.6
2026-07-18T05:30:00Z,temperature,25.5
2026-07-18T06:30:00Z,temperature,25.6
2026-07-18T07:30:00Z,temperature,26.4
2026-07-18T08:30:00Z,temperature,27.6
2026-07-18T09:30:00Z,temperature,27.8
2026-07-18T10:30:00Z,temperature,27.7
2026-07-18T11:30:00Z,temperature,27.3
2026-07-18T12:30:00Z,temperature,26.9
2026-07-18T13:30:00Z,temperature,26.8
2026-07-18T14:30:00Z,temperature,26.9
2026-07-18T15:30:00Z,temperature,26.8
2026-07-18T16:30:00Z,temperature,26.4
2026-07-18T17:30:00Z,temperature,26.1
2026-07-18T18:30:00Z,temperature,26.1
2026-07-18T19:30:00Z,temperature,26.1
2026-07-18T20:30:00Z,temperature,25.8
2026-07-18T21:30:00Z,temperature,25.7
2026-07-18T22:30:00Z,temperature,25.6
2026-07-18T23:30:00Z,temperature,25.8
2026-07-19T00:30:00Z,temperature,26.2
2026-07-19T01:30:00Z,temperature,27.4
2026-07-19T02:30:00Z,temperature,28.5
2026-07-19T03:30:00Z,temperature,29.4
2026-07-19T04:30:00Z,temperature,30.1
2026-07-19T05:30:00Z,temperature,30.2
2026-07-19T06:30:00Z,temperature,29.6
2026-07-19T07:30:00Z,temperature,26.7
2026-07-19T08:30:00Z,temperature,26.5
2026-07-19T09:30:00Z,temperature,26.3
2026-07-19T10:30:00Z,temperature,26.9
2026-07-19T11:30:00Z,temperature,27.1
2026-07-19T12:30:00Z,temperature,26.8
2026-07-19T13:30:00Z,temperature,26.9
2026-07-19T14:30:00Z,temperature,27.3
2026-07-19T15:30:00Z,temperature,27.0
2026-07-19T16:30:00Z,temperature,26.5
2026-07-19T17:30:00Z,temperature,26.3
2026-07-19T18:30:00Z,temperature,26.3
2026-07-19T19:30:00Z,temperature,26.3
2026-07-19T20:30:00Z,temperature,26.2
2026-07-19T21:30:00Z,temperature,26.2
2026-07-19T22:30:00Z,temperature,26.3
2026-07-19T23:30:00Z,temperature,26.3
2026-07-20T00:30:00Z,temperature,26.6
2026-07-20T01:30:00Z,temperature,27.2
2026-07-20T02:30:00Z,temperature,28.7
2026-07-20T03:30:00Z,temperature,29.1
2026-07-20T04:30:00Z,temperature,29.5
2026-07-20T05:30:00Z,temperature,30.3
2026-07-20T06:30:00Z,temperature,31.2
2026-07-20T07:30:00Z,temperature,31.2
2026-07-20T08:30:00Z,temperature,30.0
2026-07-20T09:30:00Z,temperature,29.8
2026-07-20T10:30:00Z,temperature,29.7
2026-07-20T11:30:00Z,temperature,29.7
2026-07-20T12:30:00Z,temperature,29.3
2026-07-20T13:30:00Z,temperature,28.6
2026-07-20T14:30:00Z,temperature,28.0
2026-07-20T15:30:00Z,temperature,27.4
2026-07-20T16:30:00Z,temperature,26.9
2026-07-20T17:30:00Z,temperature,26.6
2026-07-20T19:30:00Z,temperature,26.6
2026-07-20T20:30:00Z,temperature,26.4
2026-07-20T21:30:00Z,temperature,26.4
2026-07-20T22:30:00Z,temperature,26.4
2026-07-20T23:30:00Z,temperature,26.5
2026-07-21T00:30:00Z,temperature,26.2
2026-07-21T01:30:00Z,temperature,26.0
2026-07-21T02:30:00Z,temperature,26.4
2026-07-21T03:30:00Z,temperature,27.0
2026-07-21T04:30:00Z,temperature,27.7
2026-07-21T05:30:00Z,temperature,28.0
2026-07-21T06:30:00Z,temperature,28.5
2026-07-21T07:30:00Z,temperature,28.9
2026-07-21T08:30:00Z,temperature,27.1
2026-07-21T09:30:00Z,temperature,25.4
2026-07-21T10:30:00Z,temperature,25.6
2026-07-21T11:30:00Z,temperature,26.0
2026-07-21T12:30:00Z,temperature,25.9
2026-07-21T13:30:00Z,temperature,25.8
2026-07-21T14:30:00Z,temperature,25.8
2026-07-21T15:30:00Z,temperature,25.6
2026-07-21T16:30:00Z,temperature,25.2
2026-07-21T17:30:00Z,temperature,24.9
2026-07-21T21:30:00Z,temperature,24.7
2026-07-21T22:30:00Z,temperature,24.5
2026-07-21T23:30:00Z,temperature,24.3
2026-07-22T00:30:00Z,temperature,24.4
2026-07-22T01:30:00Z,temperature,24.8
2026-07-22T02:30:00Z,temperature,25.4
2026-07-22T03:30:00Z,temperature,25.9
2026-07-22T04:30:00Z,temperature,25.2
2026-07-22T05:30:00Z,temperature,25.0
2026-07-22T06:30:00Z,temperature,25.2
2026-07-22T07:30:00Z,temperature,25.5
2026-07-24T08:30:00Z,temperature,30.3
2026-07-24T09:30:00Z,temperature,31.0
2026-07-24T10:30:00Z,temperature,30.4
2026-07-24T11:30:00Z,temperature,30.1
2026-07-24T12:30:00Z,temperature,29.2
2026-07-24T13:30:00Z,temperature,28.2
2026-07-24T14:30:00Z,temperature,27.9
2026-07-24T15:30:00Z,temperature,27.9
2026-07-24T16:30:00Z,temperature,28.2
2026-07-24T17:30:00Z,temperature,28.1
2026-07-24T18:30:00Z,temperature,27.3
2026-07-24T19:30:00Z,temperature,27.3
2026-07-24T20:30:00Z,temperature,27.2
2026-07-24T21:30:00Z,temperature,27.0
2026-07-24T22:30:00Z,temperature,26.9
2026-07-24T23:30:00Z,temperature,26.5
2026-07-25T00:30:00Z,temperature,26.7
2026-07-25T01:30:00Z,temperature,27.8
2026-07-25T02:30:00Z,temperature,29.6
2026-07-25T03:30:00Z,temperature,30.8
2026-07-25T04:30:00Z,temperature,31.3
2026-07-25T05:30:00Z,temperature,32.2
2026-07-25T06:30:00Z,temperature,32.5
2026-07-25T07:30:00Z,temperature,32.3
2026-07-25T08:30:00Z,temperature,32.5
2026-07-25T09:30:00Z,temperature,32.6
2026-07-25T10:30:00Z,temperature,32.4
2026-07-25T11:30:00Z,temperature,31.8
2026-07-25T12:30:00Z,temperature,30.7
2026-07-25T13:30:00Z,temperature,30.2
2026-07-25T14:30:00Z,temperature,30.1
2026-07-25T15:30:00Z,temperature,29.9
2026-07-25T16:30:00Z,temperature,29.5
2026-07-25T17:30:00Z,temperature,29.3
2026-07-25T18:30:00Z,temperature,28.9
2026-07-25T19:30:00Z,temperature,28.6
2026-07-25T20:30:00Z,temperature,28.4
2026-07-25T21:30:00Z,temperature,28.2
2026-07-25T22:30:00Z,temperature,28.0
2026-07-25T23:30:00Z,temperature,27.8
2026-07-26T00:30:00Z,temperature,27.8
2026-07-26T01:30:00Z,temperature,27.9
2026-07-26T02:30:00Z,temperature,27.9
2026-07-26T03:30:00Z,temperature,27.8
2026-07-26T04:30:00Z,temperature,28.0
2026-07-26T05:30:00Z,temperature,28.1
2026-07-26T06:30:00Z,temperature,28.0
2026-07-26T07:30:00Z,temperature,29.0
2026-07-26T08:30:00Z,temperature,30.3
2026-07-26T09:30:00Z,temperature,30.9
2026-07-26T10:30:00Z,temperature,29.8
2026-07-26T11:30:00Z,temperature,28.8
2026-07-26T12:30:00Z,temperature,28.1
2026-07-26T13:30:00Z,temperature,27.3
2026-07-26T14:30:00Z,temperature,27.5
2026-07-26T15:30:00Z,temperature,27.8
2026-07-26T16:30:00Z,temperature,27.9
2026-07-26T17:30:00Z,temperature,27.8
2026-07-26T18:30:00Z,temperature,27.7
2026-07-26T19:30:00Z,temperature,27.7
2026-07-26T20:30:00Z,temperature,27.7
2026-07-26T21:30:00Z,temperature,27.6
2026-07-26T22:30:00Z,temperature,27.2
2026-07-26T23:30:00Z,temperature,27.1
2026-07-27T00:30:00Z,temperature,27.4
2026-07-27T01:30:00Z,temperature,27.8
2026-07-27T02:30:00Z,temperature,27.4
2026-07-27T03:30:00Z,temperature,28.1
2026-07-27T04:30:00Z,temperature,29.6
2026-07-27T05:30:00Z,temperature,30.8
2026-07-27T06:30:00Z,temperature,31.5
2026-07-27T07:30:00Z,temperature,31.3
2026-07-27T08:30:00Z,temperature,30.6
2026-07-27T09:30:00Z,temperature,29.0
2026-07-27T10:30:00Z,temperature,26.0
2026-07-27T11:30:00Z,temperature,26.3
2026-07-27T12:30:00Z,temperature,26.2
2026-07-27T13:30:00Z,temperature,26.5
2026-07-27T14:30:00Z,temperature,26.6
2026-07-27T15:30:00Z,temperature,25.3
2026-07-27T16:30:00Z,temperature,24.5
2026-07-27T17:30:00Z,temperature,24.5
2026-07-27T18:30:00Z,temperature,24.9
2026-07-27T19:30:00Z,temperature,25.0
2026-07-27T20:30:00Z,temperature,25.0
2026-07-27T21:30:00Z,temperature,25.1
2026-07-27T22:30:00Z,temperature,25.3
2026-07-27T23:30:00Z,temperature,25.5
2026-07-28T00:30:00Z,temperature,25.8
2026-07-28T01:30:00Z,temperature,26.2
2026-07-28T02:30:00Z,temperature,27.5
2026-07-28T03:30:00Z,temperature,29.0
2026-07-28T04:30:00Z,temperature,28.5
2026-07-28T05:30:00Z,temperature,28.3
2026-07-28T06:30:00Z,temperature,29.1
2026-07-28T07:30:00Z,temperature,29.9
2026-07-28T08:30:00Z,temperature,30.1
2026-07-28T09:30:00Z,temperature,31.4
2026-07-28T10:30:00Z,temperature,30.3
2026-07-28T11:30:00Z,temperature,29.4
2026-07-28T12:30:00Z,temperature,28.7
2026-07-28T13:30:00Z,temperature,26.6
2026-07-28T14:30:00Z,temperature,25.6
2026-07-28T15:30:00Z,temperature,25.7
2026-07-28T16:30:00Z,temperature,25.8
2026-07-28T17:30:00Z,temperature,25.6
2026-07-28T18:30:00Z,temperature,25.4
2026-07-28T19:30:00Z,temperature,25.4
2026-07-28T20:30:00Z,temperature,25.4
2026-07-28T21:30:00Z,temperature,25.4
2026-07-28T22:30:00Z,temperature,25.4
2026-07-28T23:30:00Z,temperature,25.5
2026-07-29T00:30:00Z,temperature,25.7
2026-07-29T01:30:00Z,temperature,26.3
2026-07-29T02:30:00Z,temperature,26.5
2026-07-29T03:30:00Z,temperature,27.1
2026-07-29T04:30:00Z,temperature,28.3
2026-07-29T05:30:00Z,temperature,28.8
2026-07-29T06:30:00Z,temperature,29.1
2026-07-29T07:30:00Z,temperature,26.6
2026-07-29T08:30:00Z,temperature,26.5
2026-07-29T09:30:00Z,temperature,26.8
2026-07-29T10:30:00Z,temperature,27.1
2026-07-29T11:30:00Z,temperature,27.1
2026-07-29T12:30:00Z,temperature,26.9
2026-07-29T13:30:00Z,temperature,26.9
2026-07-29T14:30:00Z,temperature,26.8
2026-07-29T15:30:00Z,temperature,26.7
2026-07-29T16:30:00Z,temperature,25.9
2026-07-29T17:30:00Z,temperature,25.1
2026-07-29T18:30:00Z,temperature,25.0
2026-07-29T19:30:00Z,temperature,24.9
2026-07-29T20:30:00Z,temperature,24.9
2026-07-29T21:30:00Z,temperature,24.9
2026-07-29T22:30:00Z,temperature,25.0
2026-07-29T23:30:00Z,temperature,25.0
2026-07-30T01:30:00Z,temperature,25.2
2026-07-30T02:30:00Z,temperature,25.5
2026-07-30T03:30:00Z,temperature,25.6
2026-07-30T04:30:00Z,temperature,25.9
2026-07-30T05:30:00Z,temperature,27.5
2026-07-30T06:30:00Z,temperature,28.0
2026-07-30T07:30:00Z,temperature,28.5
2026-07-30T08:30:00Z,temperature,28.6
2026-07-30T09:30:00Z,temperature,29.5
2026-07-30T10:30:00Z,temperature,29.1
2026-07-30T11:30:00Z,temperature,27.1
2026-07-30T12:30:00Z,temperature,26.4
2026-07-30T13:30:00Z,temperature,26.5
2026-07-30T14:30:00Z,temperature,26.6
2026-07-30T15:30:00Z,temperature,26.4
2026-07-30T16:30:00Z,temperature,26.5
2026-07-30T17:30:00Z,temperature,26.4
2026-07-30T18:30:00Z,temperature,26.2
2026-07-30T19:30:00Z,temperature,26.0
2026-07-30T20:30:00Z,temperature,25.7
2026-07-30T21:30:00Z,temperature,26.0
2026-07-30T22:30:00Z,temperature,25.9
2026-07-30T23:30:00Z,temperature,26.0
2026-07-31T00:30:00Z,temperature,26.6
2026-07-31T01:30:00Z,temperature,27.9
2026-07-31T02:30:00Z,temperature,29.9
2026-07-31T03:30:00Z,temperature,30.9
2026-07-31T04:30:00Z,temperature,30.8
2026-07-31T05:30:00Z,temperature,30.9
2026-07-31T06:30:00Z,temperature,31.8
2026-07-31T07:30:00Z,temperature,33.2
2026-07-31T08:30:00Z,temperature,33.5
2026-07-31T09:30:00Z,temperature,35.5
2026-07-31T10:30:00Z,temperature,32.4
2026-07-31T11:30:00Z,temperature,30.6
2026-07-31T12:30:00Z,temperature,30.6
2026-07-31T13:30:00Z,temperature,30.2
2026-07-31T14:30:00Z,temperature,29.9
2026-07-31T15:30:00Z,temperature,29.8
2026-07-31T16:30:00Z,temperature,29.4
2026-07-31T17:30:00Z,temperature,29.0
2026-07-31T18:30:00Z,temperature,28.6
2026-07-31T19:30:00Z,temperature,28.4
2026-07-31T20:30:00Z,temperature,28.1
2026-07-31T21:30:00Z,temperature,27.5
2026-07-31T22:30:00Z,temperature,27.6
2026-07-31T23:30:00Z,temperature,27.9
2026-08-01T00:30:00Z,temperature,29.1
2026-08-01T01:30:00Z,temperature,30.4
2026-08-01T02:30:00Z,temperature,31.5
2026-08-01T03:30:00Z,temperature,31.8
2026-08-01T04:30:00Z,temperature,33.7
2026-08-01T05:30:00Z,temperature,31.5
2026-08-01T06:30:00Z,temperature,35.5
2026-08-01T07:30:00Z,temperature,36.3
2026-08-01T08:30:00Z,temperature,35.6
2026-08-01T09:30:00Z,temperature,35.3
2026-08-01T10:30:00Z,temperature,35.5
2026-08-01T11:30:00Z,temperature,34.4
2026-08-01T12:30:00Z,temperature,33.4
2026-08-01T13:30:00Z,temperature,33.1
2026-08-01T14:30:00Z,temperature,32.4
2026-08-01T15:30:00Z,temperature,31.7
2026-08-01T16:30:00Z,temperature,31.1
2026-08-01T17:30:00Z,temperature,31.1
2026-08-01T18:30:00Z,temperature,30.9
2026-08-01T19:30:00Z,temperature,30.8
2026-08-01T20:30:00Z,temperature,30.4
2026-08-01T21:30:00Z,temperature,29.9
2026-08-01T22:30:00Z,temperature,30.0
2026-08-01T23:30:00Z,temperature,29.9
2026-08-02T00:30:00Z,temperature,30.1
2026-08-02T01:30:00Z,temperature,30.5
2026-08-02T02:30:00Z,temperature,31.5
2026-08-02T03:30:00Z,temperature,32.7
2026-08-02T04:30:00Z,temperature,33.8
2026-08-02T05:30:00Z,temperature,34.5
2026-08-02T06:30:00Z,temperature,34.5
2026-08-02T07:30:00Z,temperature,34.9
2026-08-02T08:30:00Z,temperature,35.6
2026-08-02T09:30:00Z,temperature,35.7
2026-08-02T10:30:00Z,temperature,35.3
2026-08-02T11:30:00Z,temperature,35.2
2026-08-02T12:30:00Z,temperature,33.8
2026-08-02T13:30:00Z,temperature,33.3
2026-08-02T14:30:00Z,temperature,31.7
2026-08-02T15:30:00Z,temperature,31.7
2026-08-02T16:30:00Z,temperature,31.9
2026-08-02T17:30:00Z,temperature,31.3
2026-08-02T18:30:00Z,temperature,30.9
2026-08-02T19:30:00Z,temperature,31.3
2026-08-02T20:30:00Z,temperature,30.6
2026-08-02T21:30:00Z,temperature,30.3
2026-08-02T22:30:00Z,temperature,30.4
2026-08-02T23:30:00Z,temperature,29.9
2026-08-03T00:30:00Z,temperature,30.7
2026-08-03T01:30:00Z,temperature,31.7
2026-08-03T02:30:00Z,temperature,33.0
2026-08-03T03:30:00Z,temperature,33.8
2026-08-03T04:30:00Z,temperature,34.8
2026-08-03T05:30:00Z,temperature,35.8
2026-08-03T06:30:00Z,temperature,35.6
2026-08-03T07:30:00Z,temperature,36.6
2026-08-03T08:30:00Z,temperature,36.0
2026-08-03T09:30:00Z,temperature,35.9
2026-08-03T10:30:00Z,temperature,35.4
2026-08-03T11:30:00Z,temperature,34.6
2026-08-03T12:30:00Z,temperature,32.1
2026-08-03T13:30:00Z,temperature,30.6
2026-08-03T14:30:00Z,temperature,30.5
2026-08-03T15:30:00Z,temperature,30.9
2026-08-03T16:30:00Z,temperature,30.2
2026-08-03T17:30:00Z,temperature,30.0
2026-08-03T18:30:00Z,temperature,30.3
2026-08-03T19:30:00Z,temperature,30.1
2026-08-03T20:30:00Z,temperature,30.3
2026-08-03T21:30:00Z,temperature,30.8
2026-08-03T22:30:00Z,temperature,30.5
2026-08-03T23:30:00Z,temperature,30.4
2026-08-04T00:30:00Z,temperature,31.0
2026-08-04T01:30:00Z,temperature,31.6
2026-08-04T02:30:00Z,temperature,32.3
2026-08-04T03:30:00Z,temperature,33.0
2026-08-04T04:30:00Z,temperature,33.8
2026-08-04T05:30:00Z,temperature,35.0
2026-08-04T06:30:00Z,temperature,35.6
2026-08-04T13:30:00Z,temperature,29.3
2026-08-04T14:30:00Z,temperature,29.4
2026-08-04T15:30:00Z,temperature,29.1
2026-08-04T16:30:00Z,temperature,29.6
2026-08-04T17:30:00Z,temperature,30.0
2026-08-04T18:30:00Z,temperature,30.2
2026-08-04T19:30:00Z,temperature,30.2
2026-08-04T20:30:00Z,temperature,28.8
2026-08-04T21:30:00Z,temperature,27.3
2026-08-04T22:30:00Z,temperature,28.0
2026-08-04T23:30:00Z,temperature,28.6
2026-08-05T00:30:00Z,temperature,28.8
2026-08-05T01:30:00Z,temperature,30.0
2026-08-05T02:30:00Z,temperature,30.2
2026-08-05T03:30:00Z,temperature,31.4
2026-08-05T04:30:00Z,temperature,33.4
2026-08-05T05:30:00Z,temperature,34.3
2026-08-05T06:30:00Z,temperature,34.9
2026-08-05T07:30:00Z,temperature,36.2
2026-08-05T08:30:00Z,temperature,36.0
2026-08-05T09:30:00Z,temperature,35.4
2026-08-05T10:30:00Z,temperature,34.7
2026-08-05T11:30:00Z,temperature,33.8
2026-08-05T12:30:00Z,temperature,32.8
2026-08-05T13:30:00Z,temperature,31.3
2026-08-05T14:30:00Z,temperature,31.3
2026-08-05T15:30:00Z,temperature,30.6
2026-08-05T16:30:00Z,temperature,30.0
2026-08-05T17:30:00Z,temperature,29.9
2026-08-05T18:30:00Z,temperature,30.1
2026-08-05T20:30:00Z,temperature,30.0
2026-08-05T21:30:00Z,temperature,29.6
2026-08-05T22:30:00Z,temperature,29.4
2026-08-05T23:30:00Z,temperature,28.7
2026-08-06T00:30:00Z,temperature,28.9
2026-08-06T01:30:00Z,temperature,29.4
2026-08-06T02:30:00Z,temperature,30.3
2026-08-06T03:30:00Z,temperature,32.1
2026-08-06T04:30:00Z,temperature,33.2
2026-08-06T05:30:00Z,temperature,33.6
2026-08-06T06:30:00Z,temperature,34.9
2026-08-06T07:30:00Z,temperature,35.4
2026-08-06T08:30:00Z,temperature,34.5
2026-08-06T09:30:00Z,temperature,35.0
2026-08-06T10:30:00Z,temperature,34.2
2026-08-06T11:30:00Z,temperature,34.5
2026-08-06T12:30:00Z,temperature,34.1
2026-08-06T13:30:00Z,temperature,33.8
2026-08-06T14:30:00Z,temperature,32.4
2026-08-06T15:30:00Z,temperature,32.1
2026-08-06T16:30:00Z,temperature,31.8
2026-08-06T17:30:00Z,temperature,31.7
2026-08-06T19:30:00Z,temperature,31.0
2026-08-06T20:30:00Z,temperature,30.9
2026-08-06T21:30:00Z,temperature,30.9
2026-08-06T22:30:00Z,temperature,31.3
2026-08-06T23:30:00Z,temperature,29.9
2026-08-07T01:30:00Z,temperature,30.4
2026-08-07T02:30:00Z,temperature,30.5
2026-08-07T03:30:00Z,temperature,31.5
2026-08-07T04:30:00Z,temperature,31.9
2026-08-07T05:30:00Z,temperature,31.7
2026-08-07T06:30:00Z,temperature,31.7
2026-08-07T07:30:00Z,temperature,31.9
2026-08-07T08:30:00Z,temperature,31.9
2026-08-07T09:30:00Z,temperature,31.3
2026-08-07T10:30:00Z,temperature,30.5
2026-08-07T11:30:00Z,temperature,30.5
2026-08-07T12:30:00Z,temperature,30.0
2026-08-07T13:30:00Z,temperature,29.1
2026-08-07T14:30:00Z,temperature,29.1
2026-08-07T15:30:00Z,temperature,29.1
2026-08-07T16:30:00Z,temperature,29.0
2026-08-07T17:30:00Z,temperature,28.8
2026-08-07T18:30:00Z,temperature,28.4
2026-08-07T19:30:00Z,temperature,28.3
2026-08-07T20:30:00Z,temperature,28.3
2026-08-07T21:30:00Z,temperature,28.2
2026-08-07T22:30:00Z,temperature,28.3
2026-08-07T23:30:00Z,temperature,28.3
2026-08-08T00:30:00Z,temperature,28.4
2026-08-08T01:30:00Z,temperature,28.7
2026-08-08T02:30:00Z,temperature,29.1
2026-08-08T03:30:00Z,temperature,29.7
2026-08-08T04:30:00Z,temperature,30.0
2026-08-08T05:30:00Z,temperature,30.6
2026-08-08T06:30:00Z,temperature,31.4
2026-08-08T07:30:00Z,temperature,31.8
2026-08-08T08:30:00Z,temperature,32.0
2026-08-08T09:30:00Z,temperature,32.3
2026-08-08T10:30:00Z,temperature,32.3
2026-08-08T11:30:00Z,temperature,31.8
2026-08-08T12:30:00Z,temperature,28.2
2026-08-08T13:30:00Z,temperature,26.9
2026-08-08T14:30:00Z,temperature,27.4
2026-08-08T15:30:00Z,temperature,27.6
2026-08-08T16:30:00Z,temperature,27.7
2026-08-08T17:30:00Z,temperature,27.7
2026-08-08T19:30:00Z,temperature,27.5
2026-08-08T20:30:00Z,temperature,27.6
2026-08-08T21:30:00Z,temperature,27.6
2026-08-08T22:30:00Z,temperature,27.6
2026-08-08T23:30:00Z,temperature,27.6
2026-08-09T00:30:00Z,temperature,27.7
2026-08-09T01:30:00Z,temperature,27.9
2026-08-09T02:30:00Z,temperature,28.2
2026-08-09T03:30:00Z,temperature,29.4
2026-08-09T04:30:00Z,temperature,30.0
2026-08-09T05:30:00Z,temperature,32.1
2026-08-09T06:30:00Z,temperature,31.7
2026-08-09T07:30:00Z,temperature,32.2
2026-08-09T08:30:00Z,temperature,32.4
2026-08-09T09:30:00Z,temperature,32.1
2026-08-09T10:30:00Z,temperature,31.5
2026-08-09T11:30:00Z,temperature,30.7
2026-08-09T12:30:00Z,temperature,30.5
2026-08-09T13:30:00Z,temperature,29.8
2026-08-09T14:30:00Z,temperature,29.7
2026-08-09T15:30:00Z,temperature,29.1
2026-08-09T16:30:00Z,temperature,29.0
2026-08-09T17:30:00Z,temperature,29.0
2026-08-09T18:30:00Z,temperature,28.7
2026-08-09T19:30:00Z,temperature,28.5
2026-08-09T20:30:00Z,temperature,28.2
2026-08-09T21:30:00Z,temperature,28.1
2026-08-09T22:30:00Z,temperature,28.0
2026-08-09T23:30:00Z,temperature,28.0
2026-08-10T00:30:00Z,temperature,28.6
2026-08-10T01:30:00Z,temperature,29.8
2026-08-10T02:30:00Z,temperature,31.4
2026-08-10T03:30:00Z,temperature,32.5
2026-08-10T04:30:00Z,temperature,33.6
2026-08-10T05:30:00Z,temperature,34.6
2026-08-10T06:30:00Z,temperature,35.3
2026-08-10T07:30:00Z,temperature,35.0
2026-08-10T08:30:00Z,temperature,35.3
2026-08-10T09:30:00Z,temperature,34.8
2026-08-10T10:30:00Z,temperature,31.5
2026-08-10T11:30:00Z,temperature,30.8
2026-08-10T12:30:00Z,temperature,30.6
2026-08-10T13:30:00Z,temperature,30.9
2026-08-10T14:30:00Z,temperature,30.1
2026-08-10T15:30:00Z,temperature,29.9
2026-08-10T16:30:00Z,temperature,29.2
2026-08-10T17:30:00Z,temperature,28.9
2026-08-10T18:30:00Z,temperature,28.5
2026-08-10T19:30:00Z,temperature,28.6
2026-08-10T20:30:00Z,temperature,28.5
2026-08-10T21:30:00Z,temperature,28.6
2026-08-10T22:30:00Z,temperature,28.4
2026-08-10T23:30:00Z,temperature,28.3
2026-08-11T00:30:00Z,temperature,28.4
2026-08-11T01:30:00Z,temperature,30.9
2026-08-11T02:30:00Z,temperature,31.0
2026-08-11T03:30:00Z,temperature,32.2
2026-08-11T04:30:00Z,temperature,32.8
2026-08-11T05:30:00Z,temperature,33.4
2026-08-11T06:30:00Z,temperature,34.1
2026-08-11T07:30:00Z,temperature,34.1
2026-08-11T08:30:00Z,temperature,34.7
2026-08-11T09:30:00Z,temperature,33.5
2026-08-11T10:30:00Z,temperature,33.8
2026-08-11T11:30:00Z,temperature,33.4
2026-08-11T12:30:00Z,temperature,31.9
2026-08-11T13:30:00Z,temperature,31.1
2026-08-11T14:30:00Z,temperature,30.1
2026-08-11T15:30:00Z,temperature,29.9
2026-08-11T16:30:00Z,temperature,30.0
2026-08-11T17:30:00Z,temperature,29.4
2026-08-11T19:30:00Z,temperature,29.3
2026-08-11T20:30:00Z,temperature,29.6
2026-08-11T21:30:00Z,temperature,29.0
2026-08-11T22:30:00Z,temperature,28.7
2026-08-11T23:30:00Z,temperature,28.9
2026-08-12T00:30:00Z,temperature,29.2
2026-08-12T01:30:00Z,temperature,29.7
2026-08-12T02:30:00Z,temperature,31.2
2026-08-12T03:30:00Z,temperature,32.6
2026-08-12T04:30:00Z,temperature,34.1
2026-08-12T05:30:00Z,temperature,34.3
2026-08-12T06:30:00Z,temperature,34.6
2026-08-12T07:30:00Z,temperature,34.0
2026-08-12T08:30:00Z,temperature,34.7
2026-08-12T09:30:00Z,temperature,34.6
2026-08-12T10:30:00Z,temperature,33.6
2026-08-12T11:30:00Z,temperature,33.4
2026-08-12T12:30:00Z,temperature,31.9
2026-08-12T13:30:00Z,temperature,31.4
2026-08-12T14:30:00Z,temperature,30.9
2026-08-12T15:30:00Z,temperature,30.5
2026-08-12T16:30:00Z,temperature,29.7
2026-08-12T17:30:00Z,temperature,29.7
2026-08-12T18:30:00Z,temperature,29.2
2026-08-12T19:30:00Z,temperature,28.8
2026-08-12T20:30:00Z,temperature,28.6
2026-08-12T21:30:00Z,temperature,28.5
2026-08-12T23:30:00Z,temperature,28.4
2026-08-13T00:30:00Z,temperature,28.7
2026-08-13T02:30:00Z,temperature,29.3
2026-08-13T03:30:00Z,temperature,29.4
2026-08-13T04:30:00Z,temperature,30.1
2026-08-13T05:30:00Z,temperature,31.6
2026-08-13T06:30:00Z,temperature,31.9
2026-08-13T07:30:00Z,temperature,32.5
2026-08-14T05:30:00Z,temperature,29.5
2026-08-14T06:30:00Z,temperature,29.3
2026-08-14T07:30:00Z,temperature,29.0
2026-08-14T08:30:00Z,temperature,29.8
2026-08-14T09:30:00Z,temperature,30.2
2026-08-14T10:30:00Z,temperature,30.2
2026-08-14T11:30:00Z,temperature,30.5
2026-08-14T12:30:00Z,temperature,30.5
2026-08-14T13:30:00Z,temperature,30.9
2026-08-14T14:30:00Z,temperature,30.2
2026-08-14T15:30:00Z,temperature,29.9
2026-08-14T16:30:00Z,temperature,30.0
2026-08-14T17:30:00Z,temperature,29.9
2026-08-14T18:30:00Z,temperature,29.9
2026-08-14T19:30:00Z,temperature,29.7
2026-08-14T20:30:00Z,temperature,29.7
2026-08-14T22:30:00Z,temperature,29.3
2026-08-14T23:30:00Z,temperature,29.3
2026-08-15T00:30:00Z,temperature,29.7
2026-08-15T01:30:00Z,temperature,31.2
2026-08-15T02:30:00Z,temperature,31.3
2026-08-15T03:30:00Z,temperature,31.9
2026-08-15T04:30:00Z,temperature,32.5
2026-08-15T05:30:00Z,temperature,33.1
2026-08-15T06:30:00Z,temperature,32.3
2026-08-15T07:30:00Z,temperature,32.4
2026-08-15T08:30:00Z,temperature,31.4
2026-06-30T23:30:00Z,humidity,86.3
2026-07-01T00:30:00Z,humidity,82.7
2026-07-01T01:30:00Z,humidity,82.6
2026-07-01T02:30:00Z,humidity,80.9
2026-07-01T03:30:00Z,humidity,80.2
2026-07-01T04:30:00Z,humidity,70.9
2026-07-01T05:30:00Z,humidity,65.8
2026-07-01T06:30:00Z,humidity,64.5
2026-07-01T07:30:00Z,humidity,62.9
2026-07-01T08:30:00Z,humidity,63.3
2026-07-01T09:30:00Z,humidity,65.4
2026-07-01T10:30:00Z,humidity,61.3
2026-07-01T11:30:00Z,humidity,60.3
2026-07-01T12:30:00Z,humidity,64.4
2026-07-01T13:30:00Z,humidity,68.2
2026-07-01T14:30:00Z,humidity,70.2
2026-07-01T15:30:00Z,humidity,71.6
2026-07-01T16:30:00Z,humidity,74.7
2026-07-01T17:30:00Z,humidity,79.5
2026-07-01T18:30:00Z,humidity,80.9
2026-07-01T19:30:00Z,humidity,80.9
2026-07-01T20:30:00Z,humidity,81.4
2026-07-01T21:30:00Z,humidity,81.5
2026-07-01T22:30:00Z,humidity,84.2
2026-07-01T23:30:00Z,humidity,85.1
2026-07-02T00:30:00Z,humidity,84.2
2026-07-02T01:30:00Z,humidity,81.9
2026-07-02T02:30:00Z,humidity,76.6
2026-07-02T03:30:00Z,humidity,66.8
2026-07-02T04:30:00Z,humidity,63.3
2026-07-02T05:30:00Z,humidity,64.8
2026-07-02T06:30:00Z,humidity,59.3
2026-07-02T07:30:00Z,humidity,56.2
2026-07-02T08:30:00Z,humidity,53.2
2026-07-02T09:30:00Z,humidity,58.0
2026-07-02T10:30:00Z,humidity,94.0
2026-07-02T11:30:00Z,humidity,96.1
2026-07-02T12:30:00Z,humidity,96.1
2026-07-02T13:30:00Z,humidity,96.1
2026-07-02T14:30:00Z,humidity,96.1
2026-07-02T15:30:00Z,humidity,96.1
2026-07-02T16:30:00Z,humidity,96.1
2026-07-02T17:30:00Z,humidity,96.1
2026-07-02T18:30:00Z,humidity,96.2
2026-07-02T19:30:00Z,humidity,96.3
2026-07-02T20:30:00Z,humidity,96.9
2026-07-02T21:30:00Z,humidity,97.3
2026-07-02T22:30:00Z,humidity,97.6
2026-07-02T23:30:00Z,humidity,98.4
2026-07-03T00:30:00Z,humidity,98.4
2026-07-03T01:30:00Z,humidity,98.4
2026-07-03T02:30:00Z,humidity,94.7
2026-07-03T03:30:00Z,humidity,88.7
2026-07-03T04:30:00Z,humidity,87.8
2026-07-03T05:30:00Z,humidity,86.2
2026-07-03T06:30:00Z,humidity,86.3
2026-07-03T07:30:00Z,humidity,83.4
2026-07-03T08:30:00Z,humidity,84.0
2026-07-03T09:30:00Z,humidity,84.2
2026-07-03T10:30:00Z,humidity,88.8
2026-07-03T11:30:00Z,humidity,88.2
2026-07-03T12:30:00Z,humidity,87.8
2026-07-03T13:30:00Z,humidity,89.1
2026-07-03T14:30:00Z,humidity,89.9
2026-07-03T15:30:00Z,humidity,92.4
2026-07-03T16:30:00Z,humidity,91.6
2026-07-03T17:30:00Z,humidity,92.9
2026-07-03T18:30:00Z,humidity,93.0
2026-07-03T19:30:00Z,humidity,93.7
2026-07-03T20:30:00Z,humidity,94.7
2026-07-03T21:30:00Z,humidity,95.1
2026-07-03T22:30:00Z,humidity,95.1
2026-07-03T23:30:00Z,humidity,95.1
2026-07-04T00:30:00Z,humidity,94.2
2026-07-04T01:30:00Z,humidity,92.1
2026-07-04T02:30:00Z,humidity,86.9
2026-07-04T03:30:00Z,humidity,81.6
2026-07-04T04:30:00Z,humidity,75.1
2026-07-04T05:30:00Z,humidity,66.7
2026-07-04T06:30:00Z,humidity,64.4
2026-07-04T07:30:00Z,humidity,58.8
2026-07-04T08:30:00Z,humidity,58.7
2026-07-04T09:30:00Z,humidity,65.3
2026-07-04T10:30:00Z,humidity,94.8
2026-07-04T11:30:00Z,humidity,95.5
2026-07-04T12:30:00Z,humidity,95.5
2026-07-04T13:30:00Z,humidity,93.8
2026-07-04T14:30:00Z,humidity,95.1
2026-07-04T15:30:00Z,humidity,94.7
2026-07-04T16:30:00Z,humidity,92.7
2026-07-04T17:30:00Z,humidity,92.1
2026-07-04T18:30:00Z,humidity,95.5
2026-07-04T19:30:00Z,humidity,95.5
2026-07-04T20:30:00Z,humidity,95.5
2026-07-04T21:30:00Z,humidity,95.5
2026-07-04T22:30:00Z,humidity,95.6
2026-07-04T23:30:00Z,humidity,95.6
2026-07-05T00:30:00Z,humidity,95.6
2026-07-05T01:30:00Z,humidity,95.6
2026-07-05T02:30:00Z,humidity,95.6
2026-07-05T03:30:00Z,humidity,95.6
2026-07-05T04:30:00Z,humidity,95.6
2026-07-05T05:30:00Z,humidity,95.5
2026-07-05T06:30:00Z,humidity,95.5
2026-07-05T07:30:00Z,humidity,95.5
2026-07-05T08:30:00Z,humidity,95.5
2026-07-05T09:30:00Z,humidity,95.5
2026-07-05T10:30:00Z,humidity,95.5
2026-07-05T11:30:00Z,humidity,95.5
2026-07-05T12:30:00Z,humidity,95.6
2026-07-05T13:30:00Z,humidity,95.5
2026-07-05T14:30:00Z,humidity,95.5
2026-07-05T15:30:00Z,humidity,95.5
2026-07-05T16:30:00Z,humidity,95.5
2026-07-05T17:30:00Z,humidity,95.6
2026-07-05T18:30:00Z,humidity,95.6
2026-07-05T19:30:00Z,humidity,95.6
2026-07-05T20:30:00Z,humidity,95.6
2026-07-05T21:30:00Z,humidity,95.6
2026-07-05T22:30:00Z,humidity,95.6
2026-07-05T23:30:00Z,humidity,95.7
2026-07-06T00:30:00Z,humidity,95.7
2026-07-06T01:30:00Z,humidity,95.7
2026-07-06T02:30:00Z,humidity,95.7
2026-07-06T03:30:00Z,humidity,95.7
2026-07-06T04:30:00Z,humidity,95.7
2026-07-06T05:30:00Z,humidity,95.7
2026-07-06T06:30:00Z,humidity,95.7
2026-07-06T07:30:00Z,humidity,95.4
2026-07-06T08:30:00Z,humidity,95.1
2026-07-06T09:30:00Z,humidity,95.1
2026-07-06T10:30:00Z,humidity,95.5
2026-07-06T11:30:00Z,humidity,95.0
2026-07-06T12:30:00Z,humidity,95.4
2026-07-06T13:30:00Z,humidity,95.6
2026-07-06T14:30:00Z,humidity,95.6
2026-07-06T15:30:00Z,humidity,95.6
2026-07-06T16:30:00Z,humidity,95.6
2026-07-06T17:30:00Z,humidity,95.6
2026-07-06T19:30:00Z,humidity,95.6
2026-07-06T20:30:00Z,humidity,94.8
2026-07-06T21:30:00Z,humidity,94.9
2026-07-06T22:30:00Z,humidity,95.2
2026-07-06T23:30:00Z,humidity,94.3
2026-07-07T00:30:00Z,humidity,91.3
2026-07-07T01:30:00Z,humidity,87.3
2026-07-07T02:30:00Z,humidity,80.8
2026-07-07T03:30:00Z,humidity,69.9
2026-07-07T04:30:00Z,humidity,68.6
2026-07-07T05:30:00Z,humidity,68.0
2026-07-07T06:30:00Z,humidity,71.7
2026-07-07T07:30:00Z,humidity,68.7
2026-07-07T08:30:00Z,humidity,72.3
2026-07-07T09:30:00Z,humidity,85.2
2026-07-07T10:30:00Z,humidity,84.4
2026-07-07T11:30:00Z,humidity,82.4
2026-07-07T12:30:00Z,humidity,82.8
2026-07-07T13:30:00Z,humidity,83.8
2026-07-07T14:30:00Z,humidity,85.3
2026-07-07T15:30:00Z,humidity,86.8
2026-07-07T16:30:00Z,humidity,87.3
2026-07-07T17:30:00Z,humidity,86.9
2026-07-07T18:30:00Z,humidity,86.2
2026-07-07T19:30:00Z,humidity,85.4
2026-07-07T20:30:00Z,humidity,86.3
2026-07-07T21:30:00Z,humidity,86.7
2026-07-07T22:30:00Z,humidity,89.5
2026-07-07T23:30:00Z,humidity,90.4
2026-07-08T00:30:00Z,humidity,87.1
2026-07-08T01:30:00Z,humidity,81.1
2026-07-08T02:30:00Z,humidity,76.3
2026-07-08T03:30:00Z,humidity,70.6
2026-07-08T04:30:00Z,humidity,67.8
2026-07-08T05:30:00Z,humidity,64.8
2026-07-08T06:30:00Z,humidity,64.5
2026-07-08T07:30:00Z,humidity,67.7
2026-07-08T08:30:00Z,humidity,71.0
2026-07-08T09:30:00Z,humidity,66.7
2026-07-08T10:30:00Z,humidity,76.5
2026-07-08T11:30:00Z,humidity,80.9
2026-07-08T12:30:00Z,humidity,93.2
2026-07-08T13:30:00Z,humidity,95.2
2026-07-08T14:30:00Z,humidity,95.3
2026-07-08T15:30:00Z,humidity,94.4
2026-07-08T16:30:00Z,humidity,94.6
2026-07-08T17:30:00Z,humidity,94.3
2026-07-08T18:30:00Z,humidity,89.6
2026-07-08T19:30:00Z,humidity,91.5
2026-07-08T20:30:00Z,humidity,93.5
2026-07-08T21:30:00Z,humidity,93.5
2026-07-08T22:30:00Z,humidity,92.3
2026-07-08T23:30:00Z,humidity,92.2
2026-07-09T00:30:00Z,humidity,91.2
2026-07-09T01:30:00Z,humidity,88.9
2026-07-09T02:30:00Z,humidity,88.4
2026-07-09T03:30:00Z,humidity,83.7
2026-07-09T04:30:00Z,humidity,81.8
2026-07-09T05:30:00Z,humidity,69.2
2026-07-09T06:30:00Z,humidity,65.7
2026-07-09T07:30:00Z,humidity,63.4
2026-07-09T08:30:00Z,humidity,59.6
2026-07-09T09:30:00Z,humidity,61.7
2026-07-09T10:30:00Z,humidity,69.7
2026-07-09T11:30:00Z,humidity,72.3
2026-07-09T12:30:00Z,humidity,75.7
2026-07-09T13:30:00Z,humidity,78.6
2026-07-09T14:30:00Z,humidity,83.5
2026-07-09T15:30:00Z,humidity,84.3
2026-07-09T16:30:00Z,humidity,88.2
2026-07-09T17:30:00Z,humidity,87.4
2026-07-09T18:30:00Z,humidity,88.5
2026-07-09T19:30:00Z,humidity,89.8
2026-07-09T20:30:00Z,humidity,91.2
2026-07-09T21:30:00Z,humidity,92.4
2026-07-09T22:30:00Z,humidity,91.9
2026-07-09T23:30:00Z,humidity,92.1
2026-07-10T00:30:00Z,humidity,90.7
2026-07-10T01:30:00Z,humidity,85.9
2026-07-10T02:30:00Z,humidity,82.1
2026-07-10T03:30:00Z,humidity,76.6
2026-07-10T04:30:00Z,humidity,70.2
2026-07-10T05:30:00Z,humidity,64.2
2026-07-10T06:30:00Z,humidity,59.8
2026-07-10T07:30:00Z,humidity,55.3
2026-07-10T08:30:00Z,humidity,51.9
2026-07-10T09:30:00Z,humidity,55.5
2026-07-10T10:30:00Z,humidity,56.4
2026-07-10T11:30:00Z,humidity,57.2
2026-07-10T12:30:00Z,humidity,60.3
2026-07-10T13:30:00Z,humidity,67.4
2026-07-10T14:30:00Z,humidity,70.6
2026-07-10T15:30:00Z,humidity,71.5
2026-07-10T16:30:00Z,humidity,75.0
2026-07-10T17:30:00Z,humidity,78.0
2026-07-10T18:30:00Z,humidity,79.7
2026-07-10T19:30:00Z,humidity,80.2
2026-07-10T20:30:00Z,humidity,81.9
2026-07-10T21:30:00Z,humidity,84.9
2026-07-10T22:30:00Z,humidity,87.1
2026-07-10T23:30:00Z,humidity,86.9
2026-07-11T00:30:00Z,humidity,84.8
2026-07-11T01:30:00Z,humidity,80.6
2026-07-11T02:30:00Z,humidity,71.9
2026-07-11T03:30:00Z,humidity,63.8
2026-07-11T04:30:00Z,humidity,59.7
2026-07-11T05:30:00Z,humidity,57.5
2026-07-11T06:30:00Z,humidity,55.9
2026-07-11T07:30:00Z,humidity,56.9
2026-07-11T08:30:00Z,humidity,54.0
2026-07-11T09:30:00Z,humidity,55.7
2026-07-11T10:30:00Z,humidity,53.4
2026-07-11T11:30:00Z,humidity,55.3
2026-07-11T12:30:00Z,humidity,59.6
2026-07-11T13:30:00Z,humidity,62.9
2026-07-11T14:30:00Z,humidity,63.9
2026-07-11T15:30:00Z,humidity,62.7
2026-07-11T16:30:00Z,humidity,63.5
2026-07-11T17:30:00Z,humidity,64.7
2026-07-11T18:30:00Z,humidity,67.6
2026-07-11T19:30:00Z,humidity,71.0
2026-07-11T20:30:00Z,humidity,72.4
2026-07-11T21:30:00Z,humidity,73.5
2026-07-11T22:30:00Z,humidity,74.7
2026-07-11T23:30:00Z,humidity,76.1
2026-07-12T00:30:00Z,humidity,72.7
2026-07-12T01:30:00Z,humidity,69.3
2026-07-12T02:30:00Z,humidity,62.4
2026-07-12T03:30:00Z,humidity,59.1
2026-07-12T04:30:00Z,humidity,56.3
2026-07-12T05:30:00Z,humidity,55.5
2026-07-12T06:30:00Z,humidity,53.1
2026-07-12T07:30:00Z,humidity,48.5
2026-07-12T08:30:00Z,humidity,47.5
2026-07-12T09:30:00Z,humidity,49.3
2026-07-12T10:30:00Z,humidity,49.6
2026-07-12T11:30:00Z,humidity,52.9
2026-07-12T12:30:00Z,humidity,53.9
2026-07-12T13:30:00Z,humidity,56.8
2026-07-12T14:30:00Z,humidity,55.2
2026-07-12T15:30:00Z,humidity,59.1
2026-07-12T16:30:00Z,humidity,61.3
2026-07-12T17:30:00Z,humidity,66.7
2026-07-12T18:30:00Z,humidity,65.0
2026-07-12T19:30:00Z,humidity,66.3
2026-07-12T20:30:00Z,humidity,65.8
2026-07-12T21:30:00Z,humidity,70.2
2026-07-12T22:30:00Z,humidity,76.8
2026-07-12T23:30:00Z,humidity,79.7
2026-07-13T00:30:00Z,humidity,75.9
2026-07-13T01:30:00Z,humidity,66.5
2026-07-13T02:30:00Z,humidity,62.2
2026-07-13T03:30:00Z,humidity,57.7
2026-07-13T04:30:00Z,humidity,55.1
2026-07-13T05:30:00Z,humidity,53.1
2026-07-13T06:30:00Z,humidity,50.4
2026-07-13T07:30:00Z,humidity,49.3
2026-07-13T08:30:00Z,humidity,48.2
2026-07-13T09:30:00Z,humidity,48.4
2026-07-13T10:30:00Z,humidity,50.5
2026-07-13T11:30:00Z,humidity,52.4
2026-07-13T12:30:00Z,humidity,54.7
2026-07-13T13:30:00Z,humidity,59.4
2026-07-13T14:30:00Z,humidity,60.2
2026-07-13T15:30:00Z,humidity,62.2
2026-07-13T16:30:00Z,humidity,64.2
2026-07-13T17:30:00Z,humidity,64.3
2026-07-13T18:30:00Z,humidity,66.4
2026-07-13T19:30:00Z,humidity,65.7
2026-07-13T20:30:00Z,humidity,61.6
2026-07-13T21:30:00Z,humidity,62.7
2026-07-13T22:30:00Z,humidity,66.2
2026-07-13T23:30:00Z,humidity,66.7
2026-07-14T00:30:00Z,humidity,67.2
2026-07-14T01:30:00Z,humidity,64.3
2026-07-14T02:30:00Z,humidity,59.5
2026-07-14T03:30:00Z,humidity,58.4
2026-07-14T04:30:00Z,humidity,57.2
2026-07-14T05:30:00Z,humidity,54.1
2026-07-14T06:30:00Z,humidity,52.8
2026-07-14T07:30:00Z,humidity,51.3
2026-07-14T08:30:00Z,humidity,50.8
2026-07-14T09:30:00Z,humidity,52.2
2026-07-14T10:30:00Z,humidity,55.4
2026-07-14T11:30:00Z,humidity,54.4
2026-07-14T12:30:00Z,humidity,57.6
2026-07-14T13:30:00Z,humidity,63.0
2026-07-14T14:30:00Z,humidity,65.8
2026-07-14T15:30:00Z,humidity,64.4
2026-07-14T16:30:00Z,humidity,67.2
2026-07-14T17:30:00Z,humidity,76.0
2026-07-14T18:30:00Z,humidity,80.6
2026-07-14T19:30:00Z,humidity,81.9
2026-07-14T20:30:00Z,humidity,84.1
2026-07-14T21:30:00Z,humidity,93.1
2026-07-14T22:30:00Z,humidity,96.2
2026-07-14T23:30:00Z,humidity,96.2
2026-07-15T00:30:00Z,humidity,96.1
2026-07-15T01:30:00Z,humidity,95.3
2026-07-15T02:30:00Z,humidity,84.9
2026-07-15T03:30:00Z,humidity,64.3
2026-07-15T04:30:00Z,humidity,54.3
2026-07-15T05:30:00Z,humidity,51.2
2026-07-15T06:30:00Z,humidity,50.2
2026-07-15T07:30:00Z,humidity,50.8
2026-07-15T08:30:00Z,humidity,49.4
2026-07-15T09:30:00Z,humidity,52.2
2026-07-15T10:30:00Z,humidity,54.2
2026-07-15T11:30:00Z,humidity,84.9
2026-07-15T12:30:00Z,humidity,95.6
2026-07-15T13:30:00Z,humidity,92.1
2026-07-15T14:30:00Z,humidity,91.8
2026-07-15T15:30:00Z,humidity,90.3
2026-07-15T16:30:00Z,humidity,83.0
2026-07-15T17:30:00Z,humidity,85.3
2026-07-15T19:30:00Z,humidity,84.8
2026-07-15T20:30:00Z,humidity,84.7
2026-07-15T21:30:00Z,humidity,86.9
2026-07-15T22:30:00Z,humidity,88.8
2026-07-15T23:30:00Z,humidity,86.5
2026-07-16T00:30:00Z,humidity,83.5
2026-07-16T01:30:00Z,humidity,80.9
2026-07-16T02:30:00Z,humidity,84.9
2026-07-16T03:30:00Z,humidity,83.2
2026-07-16T04:30:00Z,humidity,80.0
2026-07-16T05:30:00Z,humidity,70.9
2026-07-16T06:30:00Z,humidity,69.4
2026-07-16T07:30:00Z,humidity,69.4
2026-07-16T08:30:00Z,humidity,74.3
2026-07-16T09:30:00Z,humidity,67.5
2026-07-16T10:30:00Z,humidity,80.4
2026-07-16T11:30:00Z,humidity,94.3
2026-07-16T12:30:00Z,humidity,94.3
2026-07-16T13:30:00Z,humidity,94.3
2026-07-16T14:30:00Z,humidity,94.3
2026-07-16T15:30:00Z,humidity,94.3
2026-07-16T16:30:00Z,humidity,94.2
2026-07-16T17:30:00Z,humidity,93.2
2026-07-16T18:30:00Z,humidity,94.3
2026-07-16T19:30:00Z,humidity,94.3
2026-07-16T20:30:00Z,humidity,94.3
2026-07-16T21:30:00Z,humidity,94.3
2026-07-16T22:30:00Z,humidity,94.3
2026-07-16T23:30:00Z,humidity,94.4
2026-07-17T00:30:00Z,humidity,94.4
2026-07-17T01:30:00Z,humidity,94.4
2026-07-17T02:30:00Z,humidity,94.4
2026-07-17T03:30:00Z,humidity,94.4
2026-07-17T04:30:00Z,humidity,94.4
2026-07-17T05:30:00Z,humidity,94.4
2026-07-17T06:30:00Z,humidity,94.3
2026-07-17T07:30:00Z,humidity,94.3
2026-07-17T08:30:00Z,humidity,93.7
2026-07-17T09:30:00Z,humidity,89.5
2026-07-17T10:30:00Z,humidity,86.1
2026-07-17T11:30:00Z,humidity,88.3
2026-07-17T12:30:00Z,humidity,91.6
2026-07-17T13:30:00Z,humidity,91.9
2026-07-17T14:30:00Z,humidity,93.0
2026-07-17T15:30:00Z,humidity,97.2
2026-07-17T16:30:00Z,humidity,97.9
2026-07-17T17:30:00Z,humidity,98.2
2026-07-17T18:30:00Z,humidity,97.2
2026-07-17T19:30:00Z,humidity,97.8
2026-07-17T20:30:00Z,humidity,97.9
2026-07-17T21:30:00Z,humidity,96.4
2026-07-17T22:30:00Z,humidity,95.3
2026-07-17T23:30:00Z,humidity,93.9
2026-07-18T00:30:00Z,humidity,93.0
2026-07-18T01:30:00Z,humidity,92.9
2026-07-18T02:30:00Z,humidity,93.6
2026-07-18T03:30:00Z,humidity,96.5
2026-07-18T04:30:00Z,humidity,98.3
2026-07-18T05:30:00Z,humidity,98.4
2026-07-18T06:30:00Z,humidity,98.4
2026-07-18T07:30:00Z,humidity,98.4
2026-07-18T08:30:00Z,humidity,98.1
2026-07-18T09:30:00Z,humidity,96.9
2026-07-18T10:30:00Z,humidity,96.7
2026-07-18T11:30:00Z,humidity,97.7
2026-07-18T12:30:00Z,humidity,98.4
2026-07-18T13:30:00Z,humidity,98.4
2026-07-18T14:30:00Z,humidity,98.4
2026-07-18T15:30:00Z,humidity,98.4
2026-07-18T16:30:00Z,humidity,98.4
2026-07-18T17:30:00Z,humidity,98.4
2026-07-18T18:30:00Z,humidity,98.4
2026-07-18T19:30:00Z,humidity,98.4
2026-07-18T20:30:00Z,humidity,98.4
2026-07-18T21:30:00Z,humidity,98.4
2026-07-18T22:30:00Z,humidity,98.4
2026-07-18T23:30:00Z,humidity,98.4
2026-07-19T00:30:00Z,humidity,98.4
2026-07-19T01:30:00Z,humidity,96.9
2026-07-19T02:30:00Z,humidity,93.9
2026-07-19T03:30:00Z,humidity,90.5
2026-07-19T04:30:00Z,humidity,88.8
2026-07-19T05:30:00Z,humidity,89.6
2026-07-19T06:30:00Z,humidity,93.3
2026-07-19T07:30:00Z,humidity,98.4
2026-07-19T08:30:00Z,humidity,98.4
2026-07-19T09:30:00Z,humidity,98.5
2026-07-19T10:30:00Z,humidity,98.5
2026-07-19T11:30:00Z,humidity,98.5
2026-07-19T12:30:00Z,humidity,98.5
2026-07-19T13:30:00Z,humidity,98.4
2026-07-19T14:30:00Z,humidity,98.4
2026-07-19T15:30:00Z,humidity,98.4
2026-07-19T16:30:00Z,humidity,98.4
2026-07-19T17:30:00Z,humidity,98.4
2026-07-19T18:30:00Z,humidity,98.4
2026-07-19T19:30:00Z,humidity,98.4
2026-07-19T20:30:00Z,humidity,98.4
2026-07-19T21:30:00Z,humidity,98.4
2026-07-19T22:30:00Z,humidity,98.4
2026-07-19T23:30:00Z,humidity,98.4
2026-07-20T00:30:00Z,humidity,98.4
2026-07-20T01:30:00Z,humidity,98.4
2026-07-20T02:30:00Z,humidity,95.8
2026-07-20T03:30:00Z,humidity,93.3
2026-07-20T04:30:00Z,humidity,91.3
2026-07-20T05:30:00Z,humidity,88.2
2026-07-20T06:30:00Z,humidity,81.5
2026-07-20T07:30:00Z,humidity,77.3
2026-07-20T08:30:00Z,humidity,84.7
2026-07-20T09:30:00Z,humidity,86.6
2026-07-20T10:30:00Z,humidity,85.1
2026-07-20T11:30:00Z,humidity,86.0
2026-07-20T12:30:00Z,humidity,88.0
2026-07-20T13:30:00Z,humidity,93.8
2026-07-20T14:30:00Z,humidity,97.5
2026-07-20T15:30:00Z,humidity,98.0
2026-07-20T16:30:00Z,humidity,98.4
2026-07-20T17:30:00Z,humidity,98.4
2026-07-20T19:30:00Z,humidity,98.4
2026-07-20T20:30:00Z,humidity,98.4
2026-07-20T21:30:00Z,humidity,98.4
2026-07-20T22:30:00Z,humidity,98.4
2026-07-20T23:30:00Z,humidity,98.4
2026-07-21T00:30:00Z,humidity,98.4
2026-07-21T01:30:00Z,humidity,98.4
2026-07-21T02:30:00Z,humidity,98.4
2026-07-21T03:30:00Z,humidity,98.4
2026-07-21T04:30:00Z,humidity,98.3
2026-07-21T05:30:00Z,humidity,96.5
2026-07-21T06:30:00Z,humidity,95.4
2026-07-21T07:30:00Z,humidity,92.9
2026-07-21T08:30:00Z,humidity,96.7
2026-07-21T09:30:00Z,humidity,98.4
2026-07-21T10:30:00Z,humidity,98.5
2026-07-21T11:30:00Z,humidity,98.5
2026-07-21T12:30:00Z,humidity,98.4
2026-07-21T13:30:00Z,humidity,98.4
2026-07-21T14:30:00Z,humidity,98.4
2026-07-21T15:30:00Z,humidity,98.4
2026-07-21T16:30:00Z,humidity,98.4
2026-07-21T17:30:00Z,humidity,98.4
2026-07-21T21:30:00Z,humidity,98.5
2026-07-21T22:30:00Z,humidity,98.5
2026-07-21T23:30:00Z,humidity,98.5
2026-07-22T00:30:00Z,humidity,98.5
2026-07-22T01:30:00Z,humidity,98.4
2026-07-22T02:30:00Z,humidity,98.4
2026-07-22T03:30:00Z,humidity,98.4
2026-07-22T04:30:00Z,humidity,98.4
2026-07-22T05:30:00Z,humidity,98.4
2026-07-22T06:30:00Z,humidity,98.4
2026-07-22T07:30:00Z,humidity,98.4
2026-07-24T08:30:00Z,humidity,73.0
2026-07-24T09:30:00Z,humidity,70.9
2026-07-24T10:30:00Z,humidity,72.2
2026-07-24T11:30:00Z,humidity,74.7
2026-07-24T12:30:00Z,humidity,83.3
2026-07-24T13:30:00Z,humidity,92.5
2026-07-24T14:30:00Z,humidity,95.6
2026-07-24T15:30:00Z,humidity,96.5
2026-07-24T16:30:00Z,humidity,93.6
2026-07-24T17:30:00Z,humidity,92.5
2026-07-24T18:30:00Z,humidity,96.2
2026-07-24T19:30:00Z,humidity,95.8
2026-07-24T20:30:00Z,humidity,96.2
2026-07-24T21:30:00Z,humidity,95.7
2026-07-24T22:30:00Z,humidity,94.0
2026-07-24T23:30:00Z,humidity,96.8
2026-07-25T00:30:00Z,humidity,97.4
2026-07-25T01:30:00Z,humidity,92.5
2026-07-25T02:30:00Z,humidity,84.1
2026-07-25T03:30:00Z,humidity,73.3
2026-07-25T04:30:00Z,humidity,67.5
2026-07-25T05:30:00Z,humidity,66.4
2026-07-25T06:30:00Z,humidity,64.7
2026-07-25T07:30:00Z,humidity,64.6
2026-07-25T08:30:00Z,humidity,64.0
2026-07-25T09:30:00Z,humidity,64.3
2026-07-25T10:30:00Z,humidity,65.2
2026-07-25T11:30:00Z,humidity,66.2
2026-07-25T12:30:00Z,humidity,69.8
2026-07-25T13:30:00Z,humidity,75.8
2026-07-25T14:30:00Z,humidity,76.5
2026-07-25T15:30:00Z,humidity,78.1
2026-07-25T16:30:00Z,humidity,84.9
2026-07-25T17:30:00Z,humidity,87.3
2026-07-25T18:30:00Z,humidity,90.5
2026-07-25T19:30:00Z,humidity,92.7
2026-07-25T20:30:00Z,humidity,94.6
2026-07-25T21:30:00Z,humidity,95.9
2026-07-25T22:30:00Z,humidity,96.5
2026-07-25T23:30:00Z,humidity,95.9
2026-07-26T00:30:00Z,humidity,94.7
2026-07-26T01:30:00Z,humidity,93.4
2026-07-26T02:30:00Z,humidity,94.0
2026-07-26T03:30:00Z,humidity,95.8
2026-07-26T04:30:00Z,humidity,96.1
2026-07-26T05:30:00Z,humidity,97.5
2026-07-26T06:30:00Z,humidity,98.2
2026-07-26T07:30:00Z,humidity,95.8
2026-07-26T08:30:00Z,humidity,90.8
2026-07-26T09:30:00Z,humidity,86.6
2026-07-26T10:30:00Z,humidity,89.4
2026-07-26T11:30:00Z,humidity,92.3
2026-07-26T12:30:00Z,humidity,94.6
2026-07-26T13:30:00Z,humidity,98.4
2026-07-26T14:30:00Z,humidity,98.5
2026-07-26T15:30:00Z,humidity,98.3
2026-07-26T16:30:00Z,humidity,97.3
2026-07-26T17:30:00Z,humidity,97.1
2026-07-26T18:30:00Z,humidity,97.4
2026-07-26T19:30:00Z,humidity,96.9
2026-07-26T20:30:00Z,humidity,96.5
2026-07-26T21:30:00Z,humidity,97.0
2026-07-26T22:30:00Z,humidity,98.4
2026-07-26T23:30:00Z,humidity,98.5
2026-07-27T00:30:00Z,humidity,98.4
2026-07-27T01:30:00Z,humidity,98.4
2026-07-27T02:30:00Z,humidity,96.7
2026-07-27T03:30:00Z,humidity,92.8
2026-07-27T04:30:00Z,humidity,87.9
2026-07-27T05:30:00Z,humidity,84.2
2026-07-27T06:30:00Z,humidity,84.7
2026-07-27T07:30:00Z,humidity,86.5
2026-07-27T08:30:00Z,humidity,90.9
2026-07-27T09:30:00Z,humidity,96.2
2026-07-27T10:30:00Z,humidity,98.5
2026-07-27T11:30:00Z,humidity,98.5
2026-07-27T12:30:00Z,humidity,98.5
2026-07-27T13:30:00Z,humidity,98.6
2026-07-27T14:30:00Z,humidity,98.6
2026-07-27T15:30:00Z,humidity,98.6
2026-07-27T16:30:00Z,humidity,98.6
2026-07-27T17:30:00Z,humidity,98.6
2026-07-27T18:30:00Z,humidity,98.6
2026-07-27T19:30:00Z,humidity,98.6
2026-07-27T20:30:00Z,humidity,98.6
2026-07-27T21:30:00Z,humidity,98.6
2026-07-27T22:30:00Z,humidity,98.6
2026-07-27T23:30:00Z,humidity,98.6
2026-07-28T00:30:00Z,humidity,98.6
2026-07-28T01:30:00Z,humidity,98.6
2026-07-28T02:30:00Z,humidity,98.6
2026-07-28T03:30:00Z,humidity,97.2
2026-07-28T04:30:00Z,humidity,97.5
2026-07-28T05:30:00Z,humidity,98.5
2026-07-28T06:30:00Z,humidity,98.5
2026-07-28T07:30:00Z,humidity,98.2
2026-07-28T08:30:00Z,humidity,95.0
2026-07-28T09:30:00Z,humidity,91.4
2026-07-28T10:30:00Z,humidity,91.0
2026-07-28T11:30:00Z,humidity,93.6
2026-07-28T12:30:00Z,humidity,96.2
2026-07-28T13:30:00Z,humidity,96.6
2026-07-28T14:30:00Z,humidity,98.2
2026-07-28T15:30:00Z,humidity,98.2
2026-07-28T16:30:00Z,humidity,98.2
2026-07-28T17:30:00Z,humidity,98.6
2026-07-28T18:30:00Z,humidity,98.6
2026-07-28T19:30:00Z,humidity,98.6
2026-07-28T20:30:00Z,humidity,98.6
2026-07-28T21:30:00Z,humidity,98.6
2026-07-28T22:30:00Z,humidity,98.6
2026-07-28T23:30:00Z,humidity,98.6
2026-07-29T00:30:00Z,humidity,98.6
2026-07-29T01:30:00Z,humidity,98.6
2026-07-29T02:30:00Z,humidity,98.7
2026-07-29T03:30:00Z,humidity,98.6
2026-07-29T04:30:00Z,humidity,98.5
2026-07-29T05:30:00Z,humidity,96.8
2026-07-29T06:30:00Z,humidity,91.5
2026-07-29T07:30:00Z,humidity,98.5
2026-07-29T08:30:00Z,humidity,98.5
2026-07-29T09:30:00Z,humidity,98.6
2026-07-29T10:30:00Z,humidity,98.5
2026-07-29T11:30:00Z,humidity,98.5
2026-07-29T12:30:00Z,humidity,98.5
2026-07-29T13:30:00Z,humidity,98.5
2026-07-29T14:30:00Z,humidity,98.5
2026-07-29T15:30:00Z,humidity,98.5
2026-07-29T16:30:00Z,humidity,98.5
2026-07-29T17:30:00Z,humidity,98.5
2026-07-29T18:30:00Z,humidity,98.6
2026-07-29T19:30:00Z,humidity,98.6
2026-07-29T20:30:00Z,humidity,98.6
2026-07-29T21:30:00Z,humidity,98.6
2026-07-29T22:30:00Z,humidity,98.6
2026-07-29T23:30:00Z,humidity,98.6
2026-07-30T01:30:00Z,humidity,98.5
2026-07-30T02:30:00Z,humidity,98.5
2026-07-30T03:30:00Z,humidity,98.5
2026-07-30T04:30:00Z,humidity,98.6
2026-07-30T05:30:00Z,humidity,98.5
2026-07-30T06:30:00Z,humidity,98.5
2026-07-30T07:30:00Z,humidity,98.4
2026-07-30T08:30:00Z,humidity,97.6
2026-07-30T09:30:00Z,humidity,91.4
2026-07-30T10:30:00Z,humidity,88.4
2026-07-30T11:30:00Z,humidity,97.4
2026-07-30T12:30:00Z,humidity,98.5
2026-07-30T13:30:00Z,humidity,98.5
2026-07-30T14:30:00Z,humidity,98.5
2026-07-30T15:30:00Z,humidity,98.5
2026-07-30T16:30:00Z,humidity,98.5
2026-07-30T17:30:00Z,humidity,98.5
2026-07-30T18:30:00Z,humidity,98.5
2026-07-30T19:30:00Z,humidity,98.5
2026-07-30T20:30:00Z,humidity,98.5
2026-07-30T21:30:00Z,humidity,98.5
2026-07-30T22:30:00Z,humidity,98.5
2026-07-30T23:30:00Z,humidity,98.5
2026-07-31T00:30:00Z,humidity,98.5
2026-07-31T01:30:00Z,humidity,95.6
2026-07-31T02:30:00Z,humidity,84.3
2026-07-31T03:30:00Z,humidity,75.8
2026-07-31T04:30:00Z,humidity,76.6
2026-07-31T05:30:00Z,humidity,75.9
2026-07-31T06:30:00Z,humidity,72.6
2026-07-31T07:30:00Z,humidity,67.2
2026-07-31T08:30:00Z,humidity,66.2
2026-07-31T09:30:00Z,humidity,65.7
2026-07-31T10:30:00Z,humidity,82.7
2026-07-31T11:30:00Z,humidity,98.4
2026-07-31T12:30:00Z,humidity,96.7
2026-07-31T13:30:00Z,humidity,98.1
2026-07-31T14:30:00Z,humidity,98.5
2026-07-31T15:30:00Z,humidity,98.5
2026-07-31T16:30:00Z,humidity,98.5
2026-07-31T17:30:00Z,humidity,98.5
2026-07-31T18:30:00Z,humidity,98.5
2026-07-31T19:30:00Z,humidity,98.4
2026-07-31T20:30:00Z,humidity,98.5
2026-07-31T21:30:00Z,humidity,98.5
2026-07-31T22:30:00Z,humidity,98.5
2026-07-31T23:30:00Z,humidity,98.5
2026-08-01T00:30:00Z,humidity,98.5
2026-08-01T01:30:00Z,humidity,95.2
2026-08-01T02:30:00Z,humidity,90.5
2026-08-01T03:30:00Z,humidity,88.5
2026-08-01T04:30:00Z,humidity,78.2
2026-08-01T05:30:00Z,humidity,96.0
2026-08-01T06:30:00Z,humidity,75.1
2026-08-01T07:30:00Z,humidity,65.4
2026-08-01T08:30:00Z,humidity,65.7
2026-08-01T09:30:00Z,humidity,64.8
2026-08-01T10:30:00Z,humidity,66.4
2026-08-01T11:30:00Z,humidity,68.4
2026-08-01T12:30:00Z,humidity,72.3
2026-08-01T13:30:00Z,humidity,79.1
2026-08-01T14:30:00Z,humidity,87.5
2026-08-01T15:30:00Z,humidity,89.9
2026-08-01T16:30:00Z,humidity,95.0
2026-08-01T17:30:00Z,humidity,96.0
2026-08-01T18:30:00Z,humidity,97.4
2026-08-01T19:30:00Z,humidity,97.8
2026-08-01T20:30:00Z,humidity,98.4
2026-08-01T21:30:00Z,humidity,98.5
2026-08-01T22:30:00Z,humidity,98.4
2026-08-01T23:30:00Z,humidity,98.4
2026-08-02T00:30:00Z,humidity,97.9
2026-08-02T01:30:00Z,humidity,95.4
2026-08-02T02:30:00Z,humidity,91.3
2026-08-02T03:30:00Z,humidity,80.6
2026-08-02T04:30:00Z,humidity,70.3
2026-08-02T05:30:00Z,humidity,68.4
2026-08-02T06:30:00Z,humidity,68.9
2026-08-02T07:30:00Z,humidity,68.0
2026-08-02T08:30:00Z,humidity,67.0
2026-08-02T09:30:00Z,humidity,65.1
2026-08-02T10:30:00Z,humidity,65.7
2026-08-02T11:30:00Z,humidity,68.0
2026-08-02T12:30:00Z,humidity,70.8
2026-08-02T13:30:00Z,humidity,75.8
2026-08-02T14:30:00Z,humidity,84.8
2026-08-02T15:30:00Z,humidity,89.7
2026-08-02T16:30:00Z,humidity,91.9
2026-08-02T17:30:00Z,humidity,95.0
2026-08-02T18:30:00Z,humidity,97.5
2026-08-02T19:30:00Z,humidity,97.5
2026-08-02T20:30:00Z,humidity,97.7
2026-08-02T21:30:00Z,humidity,98.4
2026-08-02T22:30:00Z,humidity,98.5
2026-08-02T23:30:00Z,humidity,98.5
2026-08-03T00:30:00Z,humidity,98.1
2026-08-03T01:30:00Z,humidity,95.8
2026-08-03T02:30:00Z,humidity,90.4
2026-08-03T03:30:00Z,humidity,84.5
2026-08-03T04:30:00Z,humidity,72.4
2026-08-03T05:30:00Z,humidity,68.8
2026-08-03T06:30:00Z,humidity,67.7
2026-08-03T07:30:00Z,humidity,64.3
2026-08-03T08:30:00Z,humidity,67.6
2026-08-03T09:30:00Z,humidity,68.0
2026-08-03T10:30:00Z,humidity,69.3
2026-08-03T11:30:00Z,humidity,73.1
2026-08-03T12:30:00Z,humidity,90.2
2026-08-03T13:30:00Z,humidity,98.5
2026-08-03T14:30:00Z,humidity,98.5
2026-08-03T15:30:00Z,humidity,98.5
2026-08-03T16:30:00Z,humidity,98.5
2026-08-03T17:30:00Z,humidity,98.5
2026-08-03T18:30:00Z,humidity,98.5
2026-08-03T19:30:00Z,humidity,98.5
2026-08-03T20:30:00Z,humidity,98.5
2026-08-03T21:30:00Z,humidity,98.5
2026-08-03T22:30:00Z,humidity,98.5
2026-08-03T23:30:00Z,humidity,98.5
2026-08-04T00:30:00Z,humidity,98.5
2026-08-04T01:30:00Z,humidity,98.5
2026-08-04T02:30:00Z,humidity,97.3
2026-08-04T03:30:00Z,humidity,94.8
2026-08-04T04:30:00Z,humidity,91.1
2026-08-04T05:30:00Z,humidity,75.8
2026-08-04T06:30:00Z,humidity,71.4
2026-08-04T13:30:00Z,humidity,98.5
2026-08-04T14:30:00Z,humidity,98.5
2026-08-04T15:30:00Z,humidity,98.5
2026-08-04T16:30:00Z,humidity,98.5
2026-08-04T17:30:00Z,humidity,98.5
2026-08-04T18:30:00Z,humidity,98.5
2026-08-04T19:30:00Z,humidity,98.5
2026-08-04T20:30:00Z,humidity,98.4
2026-08-04T21:30:00Z,humidity,98.5
2026-08-04T22:30:00Z,humidity,98.5
2026-08-04T23:30:00Z,humidity,98.5
2026-08-05T00:30:00Z,humidity,98.5
2026-08-05T01:30:00Z,humidity,98.5
2026-08-05T02:30:00Z,humidity,98.5
2026-08-05T03:30:00Z,humidity,97.7
2026-08-05T04:30:00Z,humidity,86.6
2026-08-05T05:30:00Z,humidity,73.7
2026-08-05T06:30:00Z,humidity,71.6
2026-08-05T07:30:00Z,humidity,67.0
2026-08-05T08:30:00Z,humidity,67.5
2026-08-05T09:30:00Z,humidity,66.8
2026-08-05T10:30:00Z,humidity,68.6
2026-08-05T11:30:00Z,humidity,74.4
2026-08-05T12:30:00Z,humidity,86.7
2026-08-05T13:30:00Z,humidity,98.0
2026-08-05T14:30:00Z,humidity,98.5
2026-08-05T15:30:00Z,humidity,98.6
2026-08-05T16:30:00Z,humidity,98.6
2026-08-05T17:30:00Z,humidity,98.6
2026-08-05T18:30:00Z,humidity,98.6
2026-08-05T20:30:00Z,humidity,98.6
2026-08-05T21:30:00Z,humidity,98.6
2026-08-05T22:30:00Z,humidity,98.5
2026-08-05T23:30:00Z,humidity,98.5
2026-08-06T00:30:00Z,humidity,98.5
2026-08-06T01:30:00Z,humidity,98.5
2026-08-06T02:30:00Z,humidity,95.9
2026-08-06T03:30:00Z,humidity,86.4
2026-08-06T04:30:00Z,humidity,75.6
2026-08-06T05:30:00Z,humidity,70.8
2026-08-06T06:30:00Z,humidity,67.3
2026-08-06T07:30:00Z,humidity,65.5
2026-08-06T08:30:00Z,humidity,72.0
2026-08-06T09:30:00Z,humidity,72.6
2026-08-06T10:30:00Z,humidity,80.3
2026-08-06T11:30:00Z,humidity,79.5
2026-08-06T12:30:00Z,humidity,69.5
2026-08-06T13:30:00Z,humidity,72.8
2026-08-06T14:30:00Z,humidity,88.1
2026-08-06T15:30:00Z,humidity,90.8
2026-08-06T16:30:00Z,humidity,95.0
2026-08-06T17:30:00Z,humidity,95.9
2026-08-06T19:30:00Z,humidity,97.9
2026-08-06T20:30:00Z,humidity,98.3
2026-08-06T21:30:00Z,humidity,98.2
2026-08-06T22:30:00Z,humidity,96.8
2026-08-06T23:30:00Z,humidity,98.5
2026-08-07T01:30:00Z,humidity,98.5
2026-08-07T02:30:00Z,humidity,98.5
2026-08-07T03:30:00Z,humidity,93.9
2026-08-07T04:30:00Z,humidity,92.0
2026-08-07T05:30:00Z,humidity,89.8
2026-08-07T06:30:00Z,humidity,92.2
2026-08-07T07:30:00Z,humidity,91.7
2026-08-07T08:30:00Z,humidity,88.9
2026-08-07T09:30:00Z,humidity,97.5
2026-08-07T10:30:00Z,humidity,98.5
2026-08-07T11:30:00Z,humidity,98.5
2026-08-07T12:30:00Z,humidity,96.8
2026-08-07T13:30:00Z,humidity,98.5
2026-08-07T14:30:00Z,humidity,98.5
2026-08-07T15:30:00Z,humidity,98.5
2026-08-07T16:30:00Z,humidity,98.5
2026-08-07T17:30:00Z,humidity,98.5
2026-08-07T18:30:00Z,humidity,98.5
2026-08-07T19:30:00Z,humidity,98.6
2026-08-07T20:30:00Z,humidity,98.6
2026-08-07T21:30:00Z,humidity,98.6
2026-08-07T22:30:00Z,humidity,98.6
2026-08-07T23:30:00Z,humidity,98.6
2026-08-08T00:30:00Z,humidity,98.5
2026-08-08T01:30:00Z,humidity,98.5
2026-08-08T02:30:00Z,humidity,98.5
2026-08-08T03:30:00Z,humidity,97.9
2026-08-08T04:30:00Z,humidity,97.4
2026-08-08T05:30:00Z,humidity,96.3
2026-08-08T06:30:00Z,humidity,92.3
2026-08-08T07:30:00Z,humidity,93.3
2026-08-08T08:30:00Z,humidity,94.7
2026-08-08T09:30:00Z,humidity,94.2
2026-08-08T10:30:00Z,humidity,94.1
2026-08-08T11:30:00Z,humidity,95.3
2026-08-08T12:30:00Z,humidity,97.6
2026-08-08T13:30:00Z,humidity,98.6
2026-08-08T14:30:00Z,humidity,98.6
2026-08-08T15:30:00Z,humidity,98.6
2026-08-08T16:30:00Z,humidity,98.6
2026-08-08T17:30:00Z,humidity,98.6
2026-08-08T19:30:00Z,humidity,98.6
2026-08-08T20:30:00Z,humidity,98.6
2026-08-08T21:30:00Z,humidity,98.6
2026-08-08T22:30:00Z,humidity,98.6
2026-08-08T23:30:00Z,humidity,98.6
2026-08-09T00:30:00Z,humidity,98.6
2026-08-09T01:30:00Z,humidity,98.6
2026-08-09T02:30:00Z,humidity,98.6
2026-08-09T03:30:00Z,humidity,98.5
2026-08-09T04:30:00Z,humidity,98.5
2026-08-09T05:30:00Z,humidity,95.0
2026-08-09T06:30:00Z,humidity,92.5
2026-08-09T07:30:00Z,humidity,86.8
2026-08-09T08:30:00Z,humidity,87.4
2026-08-09T09:30:00Z,humidity,86.0
2026-08-09T10:30:00Z,humidity,88.7
2026-08-09T11:30:00Z,humidity,93.1
2026-08-09T12:30:00Z,humidity,94.6
2026-08-09T13:30:00Z,humidity,97.2
2026-08-09T14:30:00Z,humidity,98.3
2026-08-09T15:30:00Z,humidity,98.5
2026-08-09T16:30:00Z,humidity,98.5
2026-08-09T17:30:00Z,humidity,98.5
2026-08-09T18:30:00Z,humidity,98.5
2026-08-09T19:30:00Z,humidity,98.5
2026-08-09T20:30:00Z,humidity,98.5
2026-08-09T21:30:00Z,humidity,98.5
2026-08-09T22:30:00Z,humidity,98.5
2026-08-09T23:30:00Z,humidity,98.5
2026-08-10T00:30:00Z,humidity,98.5
2026-08-10T01:30:00Z,humidity,97.6
2026-08-10T02:30:00Z,humidity,91.8
2026-08-10T03:30:00Z,humidity,85.3
2026-08-10T04:30:00Z,humidity,71.9
2026-08-10T05:30:00Z,humidity,69.8
2026-08-10T06:30:00Z,humidity,69.4
2026-08-10T07:30:00Z,humidity,71.1
2026-08-10T08:30:00Z,humidity,67.5
2026-08-10T09:30:00Z,humidity,66.9
2026-08-10T10:30:00Z,humidity,91.0
2026-08-10T11:30:00Z,humidity,98.5
2026-08-10T12:30:00Z,humidity,98.4
2026-08-10T13:30:00Z,humidity,95.1
2026-08-10T14:30:00Z,humidity,98.2
2026-08-10T15:30:00Z,humidity,98.5
2026-08-10T16:30:00Z,humidity,98.5
2026-08-10T17:30:00Z,humidity,98.5
2026-08-10T18:30:00Z,humidity,98.5
2026-08-10T19:30:00Z,humidity,97.7
2026-08-10T20:30:00Z,humidity,98.3
2026-08-10T21:30:00Z,humidity,98.5
2026-08-10T22:30:00Z,humidity,98.4
2026-08-10T23:30:00Z,humidity,98.5
2026-08-11T00:30:00Z,humidity,98.5
2026-08-11T01:30:00Z,humidity,91.4
2026-08-11T02:30:00Z,humidity,87.2
2026-08-11T03:30:00Z,humidity,74.3
2026-08-11T04:30:00Z,humidity,71.5
2026-08-11T05:30:00Z,humidity,71.2
2026-08-11T06:30:00Z,humidity,72.4
2026-08-11T07:30:00Z,humidity,70.5
2026-08-11T08:30:00Z,humidity,70.2
2026-08-11T09:30:00Z,humidity,68.7
2026-08-11T10:30:00Z,humidity,68.2
2026-08-11T11:30:00Z,humidity,70.5
2026-08-11T12:30:00Z,humidity,81.4
2026-08-11T13:30:00Z,humidity,92.7
2026-08-11T14:30:00Z,humidity,97.8
2026-08-11T15:30:00Z,humidity,98.5
2026-08-11T16:30:00Z,humidity,98.4
2026-08-11T17:30:00Z,humidity,94.3
2026-08-11T19:30:00Z,humidity,98.4
2026-08-11T20:30:00Z,humidity,98.5
2026-08-11T21:30:00Z,humidity,98.5
2026-08-11T22:30:00Z,humidity,98.5
2026-08-11T23:30:00Z,humidity,98.5
2026-08-12T00:30:00Z,humidity,98.5
2026-08-12T01:30:00Z,humidity,98.4
2026-08-12T02:30:00Z,humidity,96.6
2026-08-12T03:30:00Z,humidity,84.0
2026-08-12T04:30:00Z,humidity,73.1
2026-08-12T05:30:00Z,humidity,70.0
2026-08-12T06:30:00Z,humidity,68.4
2026-08-12T07:30:00Z,humidity,71.2
2026-08-12T08:30:00Z,humidity,68.3
2026-08-12T09:30:00Z,humidity,67.1
2026-08-12T10:30:00Z,humidity,70.5
2026-08-12T11:30:00Z,humidity,71.9
2026-08-12T12:30:00Z,humidity,75.6
2026-08-12T13:30:00Z,humidity,80.6
2026-08-12T14:30:00Z,humidity,91.0
2026-08-12T15:30:00Z,humidity,90.5
2026-08-12T16:30:00Z,humidity,94.4
2026-08-12T17:30:00Z,humidity,95.1
2026-08-12T18:30:00Z,humidity,97.5
2026-08-12T19:30:00Z,humidity,98.0
2026-08-12T20:30:00Z,humidity,98.4
2026-08-12T21:30:00Z,humidity,98.4
2026-08-12T23:30:00Z,humidity,98.5
2026-08-13T00:30:00Z,humidity,98.4
2026-08-13T02:30:00Z,humidity,96.2
2026-08-13T03:30:00Z,humidity,94.9
2026-08-13T04:30:00Z,humidity,92.0
2026-08-13T05:30:00Z,humidity,79.9
2026-08-13T06:30:00Z,humidity,73.5
2026-08-13T07:30:00Z,humidity,75.6
2026-08-14T05:30:00Z,humidity,98.5
2026-08-14T06:30:00Z,humidity,98.5
2026-08-14T07:30:00Z,humidity,98.5
2026-08-14T08:30:00Z,humidity,98.5
2026-08-14T09:30:00Z,humidity,98.4
2026-08-14T10:30:00Z,humidity,98.2
2026-08-14T11:30:00Z,humidity,98.0
2026-08-14T12:30:00Z,humidity,98.0
2026-08-14T13:30:00Z,humidity,98.5
2026-08-14T14:30:00Z,humidity,98.5
2026-08-14T15:30:00Z,humidity,98.5
2026-08-14T16:30:00Z,humidity,98.5
2026-08-14T17:30:00Z,humidity,98.5
2026-08-14T18:30:00Z,humidity,98.5
2026-08-14T19:30:00Z,humidity,98.5
2026-08-14T20:30:00Z,humidity,98.5
2026-08-14T22:30:00Z,humidity,98.5
2026-08-14T23:30:00Z,humidity,98.5
2026-08-15T00:30:00Z,humidity,98.3
2026-08-15T01:30:00Z,humidity,94.1
2026-08-15T02:30:00Z,humidity,94.5
2026-08-15T03:30:00Z,humidity,92.4
2026-08-15T04:30:00Z,humidity,89.3
2026-08-15T05:30:00Z,humidity,84.6
2026-08-15T06:30:00Z,humidity,88.1
2026-08-15T07:30:00Z,humidity,89.0
2026-08-15T08:30:00Z,humidity,93.0
2026-06-30T23:30:00Z,so2,5.81
2026-07-01T00:30:00Z,so2,5.35
2026-07-01T01:30:00Z,so2,4.94
2026-07-01T02:30:00Z,so2,5.14
2026-07-01T03:30:00Z,so2,5.56
2026-07-01T04:30:00Z,so2,6.88
2026-07-01T05:30:00Z,so2,6.63
2026-07-01T06:30:00Z,so2,4.64
2026-07-01T07:30:00Z,so2,4.09
2026-07-01T08:30:00Z,so2,7.42
2026-07-01T09:30:00Z,so2,6.21
2026-07-01T10:30:00Z,so2,4.7
2026-07-01T11:30:00Z,so2,3.95
2026-07-01T12:30:00Z,so2,3.31
2026-07-01T13:30:00Z,so2,3.77
2026-07-01T14:30:00Z,so2,4.2
2026-07-01T15:30:00Z,so2,4.75
2026-07-01T16:30:00Z,so2,6.21
2026-07-01T17:30:00Z,so2,4.83
2026-07-01T18:30:00Z,so2,5.07
2026-07-01T19:30:00Z,so2,5.01
2026-07-01T20:30:00Z,so2,2.72
2026-07-01T21:30:00Z,so2,2.85
2026-07-01T22:30:00Z,so2,2.77
2026-07-01T23:30:00Z,so2,2.89
2026-07-02T00:30:00Z,so2,2.92
2026-07-02T01:30:00Z,so2,3.03
2026-07-02T02:30:00Z,so2,2.95
2026-07-02T03:30:00Z,so2,2.47
2026-07-02T04:30:00Z,so2,4.47
2026-07-02T05:30:00Z,so2,5.14
2026-07-02T06:30:00Z,so2,5.47
2026-07-02T07:30:00Z,so2,5.01
2026-07-02T08:30:00Z,so2,4.81
2026-07-02T09:30:00Z,so2,3.59
2026-07-02T10:30:00Z,so2,3.96
2026-07-02T11:30:00Z,so2,4.9
2026-07-02T12:30:00Z,so2,3.31
2026-07-02T13:30:00Z,so2,3.35
2026-07-02T14:30:00Z,so2,3.12
2026-07-02T15:30:00Z,so2,3.42
2026-07-02T16:30:00Z,so2,3.99
2026-07-02T17:30:00Z,so2,4.24
2026-07-02T18:30:00Z,so2,3.96
2026-07-02T19:30:00Z,so2,3.73
2026-07-02T20:30:00Z,so2,3.0
2026-07-02T21:30:00Z,so2,3.26
2026-07-02T22:30:00Z,so2,3.62
2026-07-02T23:30:00Z,so2,4.26
2026-07-03T00:30:00Z,so2,3.6
2026-07-03T01:30:00Z,so2,3.41
2026-07-03T02:30:00Z,so2,3.8
2026-07-03T03:30:00Z,so2,3.86
2026-07-03T04:30:00Z,so2,3.81
2026-07-03T05:30:00Z,so2,2.34
2026-07-03T06:30:00Z,so2,1.04
2026-07-03T07:30:00Z,so2,0.528
2026-07-03T08:30:00Z,so2,1.35
2026-07-03T09:30:00Z,so2,1.78
2026-07-03T10:30:00Z,so2,1.81
2026-07-03T11:30:00Z,so2,2.9
2026-07-03T12:30:00Z,so2,3.07
2026-07-03T13:30:00Z,so2,2.69
2026-07-03T14:30:00Z,so2,3.08
2026-07-03T15:30:00Z,so2,3.58
2026-07-03T16:30:00Z,so2,3.29
2026-07-03T17:30:00Z,so2,3.43
2026-07-03T18:30:00Z,so2,4.32
2026-07-03T19:30:00Z,so2,4.72
2026-07-03T20:30:00Z,so2,4.54
2026-07-03T21:30:00Z,so2,4.81
2026-07-03T22:30:00Z,so2,4.45
2026-07-03T23:30:00Z,so2,4.98
2026-07-04T00:30:00Z,so2,5.28
2026-07-04T01:30:00Z,so2,5.71
2026-07-04T02:30:00Z,so2,5.36
2026-07-04T03:30:00Z,so2,6.21
2026-07-04T04:30:00Z,so2,6.96
2026-07-04T05:30:00Z,so2,7.76
2026-07-04T06:30:00Z,so2,7.79
2026-07-04T07:30:00Z,so2,8.37
2026-07-04T08:30:00Z,so2,9.0
2026-07-04T09:30:00Z,so2,7.18
2026-07-04T10:30:00Z,so2,5.12
2026-07-04T11:30:00Z,so2,4.8
2026-07-04T12:30:00Z,so2,4.79
2026-07-04T13:30:00Z,so2,4.84
2026-07-04T14:30:00Z,so2,4.63
2026-07-04T15:30:00Z,so2,4.33
2026-07-04T16:30:00Z,so2,4.76
2026-07-04T17:30:00Z,so2,4.77
2026-07-04T18:30:00Z,so2,4.92
2026-07-04T19:30:00Z,so2,3.97
2026-07-04T20:30:00Z,so2,5.18
2026-07-04T21:30:00Z,so2,5.21
2026-07-04T22:30:00Z,so2,5.49
2026-07-04T23:30:00Z,so2,5.51
2026-07-05T00:30:00Z,so2,5.31
2026-07-05T01:30:00Z,so2,4.91
2026-07-05T02:30:00Z,so2,5.47
2026-07-05T03:30:00Z,so2,5.49
2026-07-05T04:30:00Z,so2,6.66
2026-07-05T05:30:00Z,so2,6.37
2026-07-05T06:30:00Z,so2,5.96
2026-07-05T07:30:00Z,so2,6.21
2026-07-05T08:30:00Z,so2,6.48
2026-07-05T09:30:00Z,so2,6.91
2026-07-05T10:30:00Z,so2,6.41
2026-07-05T11:30:00Z,so2,6.32
2026-07-05T12:30:00Z,so2,5.77
2026-07-05T13:30:00Z,so2,5.78
2026-07-05T14:30:00Z,so2,5.76
2026-07-05T15:30:00Z,so2,5.99
2026-07-05T16:30:00Z,so2,5.71
2026-07-05T17:30:00Z,so2,5.31
2026-07-05T18:30:00Z,so2,5.97
2026-07-05T19:30:00Z,so2,6.34
2026-07-05T20:30:00Z,so2,4.79
2026-07-05T21:30:00Z,so2,4.86
2026-07-05T22:30:00Z,so2,4.85
2026-07-05T23:30:00Z,so2,5.18
2026-07-06T00:30:00Z,so2,5.29
2026-07-06T01:30:00Z,so2,5.08
2026-07-06T02:30:00Z,so2,4.77
2026-07-06T03:30:00Z,so2,4.62
2026-07-06T04:30:00Z,so2,4.17
2026-07-06T05:30:00Z,so2,4.79
2026-07-06T06:30:00Z,so2,5.17
2026-07-06T07:30:00Z,so2,4.11
2026-07-06T08:30:00Z,so2,2.1
2026-07-06T09:30:00Z,so2,1.52
2026-07-06T10:30:00Z,so2,2.51
2026-07-06T11:30:00Z,so2,3.13
2026-07-06T12:30:00Z,so2,3.04
2026-07-06T13:30:00Z,so2,3.22
2026-07-06T14:30:00Z,so2,3.87
2026-07-06T15:30:00Z,so2,4.25
2026-07-06T16:30:00Z,so2,4.65
2026-07-06T17:30:00Z,so2,4.79
2026-07-06T19:30:00Z,so2,4.19
2026-07-06T20:30:00Z,so2,5.04
2026-07-06T21:30:00Z,so2,6.32
2026-07-06T22:30:00Z,so2,6.03
2026-07-06T23:30:00Z,so2,5.8
2026-07-07T00:30:00Z,so2,5.51
2026-07-07T01:30:00Z,so2,5.69
2026-07-07T02:30:00Z,so2,5.91
2026-07-07T03:30:00Z,so2,5.99
2026-07-07T04:30:00Z,so2,2.16
2026-07-07T05:30:00Z,so2,1.59
2026-07-07T06:30:00Z,so2,1.37
2026-07-07T07:30:00Z,so2,2.22
2026-07-07T08:30:00Z,so2,2.35
2026-07-07T09:30:00Z,so2,2.59
2026-07-07T10:30:00Z,so2,1.29
2026-07-07T11:30:00Z,so2,1.78
2026-07-07T12:30:00Z,so2,5.57
2026-07-07T13:30:00Z,so2,5.96
2026-07-07T14:30:00Z,so2,6.04
2026-07-07T15:30:00Z,so2,5.05
2026-07-07T16:30:00Z,so2,5.24
2026-07-07T17:30:00Z,so2,5.47
2026-07-07T18:30:00Z,so2,5.88
2026-07-07T19:30:00Z,so2,5.99
2026-07-07T20:30:00Z,so2,5.27
2026-07-07T21:30:00Z,so2,5.28
2026-07-07T22:30:00Z,so2,5.33
2026-07-07T23:30:00Z,so2,5.77
2026-07-08T00:30:00Z,so2,5.91
2026-07-08T01:30:00Z,so2,5.63
2026-07-08T02:30:00Z,so2,5.19
2026-07-08T03:30:00Z,so2,4.87
2026-07-08T04:30:00Z,so2,5.19
2026-07-08T05:30:00Z,so2,4.78
2026-07-08T06:30:00Z,so2,3.41
2026-07-08T07:30:00Z,so2,2.36
2026-07-08T08:30:00Z,so2,1.88
2026-07-08T09:30:00Z,so2,2.33
2026-07-08T10:30:00Z,so2,2.37
2026-07-08T11:30:00Z,so2,2.63
2026-07-08T12:30:00Z,so2,1.19
2026-07-08T13:30:00Z,so2,1.37
2026-07-08T14:30:00Z,so2,2.28
2026-07-08T15:30:00Z,so2,3.49
2026-07-08T16:30:00Z,so2,3.91
2026-07-08T17:30:00Z,so2,3.85
2026-07-08T18:30:00Z,so2,3.76
2026-07-08T19:30:00Z,so2,4.19
2026-07-08T20:30:00Z,so2,4.47
2026-07-08T21:30:00Z,so2,4.94
2026-07-08T22:30:00Z,so2,4.67
2026-07-08T23:30:00Z,so2,4.15
2026-07-09T00:30:00Z,so2,4.69
2026-07-09T01:30:00Z,so2,4.64
2026-07-09T02:30:00Z,so2,5.19
2026-07-09T03:30:00Z,so2,5.01
2026-07-09T04:30:00Z,so2,2.9
2026-07-09T05:30:00Z,so2,2.53
2026-07-09T06:30:00Z,so2,2.61
2026-07-09T07:30:00Z,so2,2.96
2026-07-09T08:30:00Z,so2,2.77
2026-07-09T09:30:00Z,so2,2.61
2026-07-09T10:30:00Z,so2,1.44
2026-07-09T11:30:00Z,so2,2.3
2026-07-09T12:30:00Z,so2,3.26
2026-07-09T13:30:00Z,so2,4.03
2026-07-09T14:30:00Z,so2,4.05
2026-07-09T15:30:00Z,so2,3.42
2026-07-09T16:30:00Z,so2,3.74
2026-07-09T17:30:00Z,so2,4.24
2026-07-09T18:30:00Z,so2,4.8
2026-07-09T19:30:00Z,so2,4.4
2026-07-09T20:30:00Z,so2,5.34
2026-07-09T21:30:00Z,so2,5.41
2026-07-09T22:30:00Z,so2,6.23
2026-07-09T23:30:00Z,so2,6.38
2026-07-10T00:30:00Z,so2,6.29
2026-07-10T01:30:00Z,so2,5.61
2026-07-10T02:30:00Z,so2,5.53
2026-07-10T03:30:00Z,so2,5.79
2026-07-10T04:30:00Z,so2,5.14
2026-07-10T05:30:00Z,so2,3.77
2026-07-10T06:30:00Z,so2,2.75
2026-07-10T07:30:00Z,so2,6.09
2026-07-10T08:30:00Z,so2,4.28
2026-07-10T09:30:00Z,so2,5.92
2026-07-10T10:30:00Z,so2,5.32
2026-07-10T11:30:00Z,so2,2.87
2026-07-10T12:30:00Z,so2,3.19
2026-07-10T13:30:00Z,so2,3.92
2026-07-10T14:30:00Z,so2,3.97
2026-07-10T15:30:00Z,so2,4.52
2026-07-10T16:30:00Z,so2,4.5
2026-07-10T17:30:00Z,so2,3.89
2026-07-10T18:30:00Z,so2,3.87
2026-07-10T19:30:00Z,so2,4.59
2026-07-10T20:30:00Z,so2,2.85
2026-07-10T21:30:00Z,so2,3.35
2026-07-10T22:30:00Z,so2,2.76
2026-07-10T23:30:00Z,so2,2.78
2026-07-11T00:30:00Z,so2,3.13
2026-07-11T01:30:00Z,so2,3.74
2026-07-11T02:30:00Z,so2,3.8
2026-07-11T03:30:00Z,so2,3.7
2026-07-11T04:30:00Z,so2,4.06
2026-07-11T05:30:00Z,so2,4.12
2026-07-11T06:30:00Z,so2,3.3
2026-07-11T07:30:00Z,so2,3.54
2026-07-11T08:30:00Z,so2,3.49
2026-07-11T09:30:00Z,so2,3.2
2026-07-11T10:30:00Z,so2,3.23
2026-07-11T11:30:00Z,so2,3.21
2026-07-11T12:30:00Z,so2,3.65
2026-07-11T13:30:00Z,so2,3.76
2026-07-11T14:30:00Z,so2,3.36
2026-07-11T15:30:00Z,so2,3.81
2026-07-11T16:30:00Z,so2,4.41
2026-07-11T17:30:00Z,so2,4.47
2026-07-11T18:30:00Z,so2,4.42
2026-07-11T19:30:00Z,so2,4.1
2026-07-11T20:30:00Z,so2,2.51
2026-07-11T21:30:00Z,so2,3.1
2026-07-11T22:30:00Z,so2,3.66
2026-07-11T23:30:00Z,so2,4.07
2026-07-12T00:30:00Z,so2,3.69
2026-07-12T01:30:00Z,so2,3.64
2026-07-12T02:30:00Z,so2,3.71
2026-07-12T03:30:00Z,so2,3.29
2026-07-12T04:30:00Z,so2,4.79
2026-07-12T05:30:00Z,so2,5.75
2026-07-12T06:30:00Z,so2,4.88
2026-07-12T07:30:00Z,so2,4.37
2026-07-12T08:30:00Z,so2,4.19
2026-07-12T09:30:00Z,so2,4.89
2026-07-12T10:30:00Z,so2,5.17
2026-07-12T11:30:00Z,so2,5.96
2026-07-12T12:30:00Z,so2,5.25
2026-07-12T13:30:00Z,so2,5.79
2026-07-12T14:30:00Z,so2,6.32
2026-07-12T15:30:00Z,so2,6.65
2026-07-12T16:30:00Z,so2,7.41
2026-07-12T17:30:00Z,so2,8.48
2026-07-12T18:30:00Z,so2,8.62
2026-07-12T19:30:00Z,so2,7.01
2026-07-12T20:30:00Z,so2,3.96
2026-07-12T21:30:00Z,so2,4.0
2026-07-12T22:30:00Z,so2,3.38
2026-07-12T23:30:00Z,so2,3.08
2026-07-13T00:30:00Z,so2,3.51
2026-07-13T01:30:00Z,so2,3.82
2026-07-13T02:30:00Z,so2,3.82
2026-07-13T03:30:00Z,so2,3.33
2026-07-13T04:30:00Z,so2,3.54
2026-07-13T05:30:00Z,so2,2.21
2026-07-13T06:30:00Z,so2,1.82
2026-07-13T07:30:00Z,so2,1.62
2026-07-13T08:30:00Z,so2,1.3
2026-07-13T09:30:00Z,so2,1.19
2026-07-13T10:30:00Z,so2,6.44
2026-07-13T11:30:00Z,so2,4.8
2026-07-13T12:30:00Z,so2,2.6
2026-07-13T13:30:00Z,so2,2.36
2026-07-13T14:30:00Z,so2,3.61
2026-07-13T15:30:00Z,so2,4.8
2026-07-13T16:30:00Z,so2,3.71
2026-07-13T17:30:00Z,so2,3.99
2026-07-13T18:30:00Z,so2,4.7
2026-07-13T19:30:00Z,so2,6.58
2026-07-13T20:30:00Z,so2,5.01
2026-07-13T21:30:00Z,so2,4.2
2026-07-13T22:30:00Z,so2,3.49
2026-07-13T23:30:00Z,so2,3.34
2026-07-14T00:30:00Z,so2,3.53
2026-07-14T01:30:00Z,so2,3.72
2026-07-14T02:30:00Z,so2,3.85
2026-07-14T03:30:00Z,so2,3.73
2026-07-14T04:30:00Z,so2,2.29
2026-07-14T05:30:00Z,so2,2.58
2026-07-14T06:30:00Z,so2,2.13
2026-07-14T07:30:00Z,so2,2.01
2026-07-14T08:30:00Z,so2,1.99
2026-07-14T09:30:00Z,so2,1.88
2026-07-14T10:30:00Z,so2,2.67
2026-07-14T11:30:00Z,so2,2.16
2026-07-14T12:30:00Z,so2,2.82
2026-07-14T13:30:00Z,so2,4.39
2026-07-14T14:30:00Z,so2,4.49
2026-07-14T15:30:00Z,so2,4.49
2026-07-14T16:30:00Z,so2,4.95
2026-07-14T17:30:00Z,so2,4.34
2026-07-14T18:30:00Z,so2,4.07
2026-07-14T19:30:00Z,so2,4.17
2026-07-14T20:30:00Z,so2,4.64
2026-07-14T21:30:00Z,so2,4.55
2026-07-14T22:30:00Z,so2,4.31
2026-07-14T23:30:00Z,so2,4.78
2026-07-15T00:30:00Z,so2,5.13
2026-07-15T01:30:00Z,so2,5.34
2026-07-15T02:30:00Z,so2,5.12
2026-07-15T03:30:00Z,so2,4.6
2026-07-15T04:30:00Z,so2,4.2
2026-07-15T05:30:00Z,so2,2.67
2026-07-15T06:30:00Z,so2,2.19
2026-07-15T07:30:00Z,so2,1.4
2026-07-15T08:30:00Z,so2,1.37
2026-07-15T09:30:00Z,so2,1.18
2026-07-15T10:30:00Z,so2,3.83
2026-07-15T11:30:00Z,so2,1.61
2026-07-15T12:30:00Z,so2,1.61
2026-07-15T13:30:00Z,so2,2.67
2026-07-15T14:30:00Z,so2,3.46
2026-07-15T15:30:00Z,so2,1.18
2026-07-15T16:30:00Z,so2,3.15
2026-07-15T19:30:00Z,so2,1.97
2026-07-15T20:30:00Z,so2,3.24
2026-07-15T21:30:00Z,so2,1.8
2026-07-15T22:30:00Z,so2,2.41
2026-07-15T23:30:00Z,so2,4.06
2026-07-16T00:30:00Z,so2,3.9
2026-07-16T01:30:00Z,so2,2.17
2026-07-16T02:30:00Z,so2,3.92
2026-07-16T03:30:00Z,so2,3.46
2026-07-16T04:30:00Z,so2,3.74
2026-07-16T06:30:00Z,so2,1.34
2026-07-16T09:30:00Z,so2,1.16
2026-07-16T10:30:00Z,so2,0.323
2026-07-16T11:30:00Z,so2,0.445
2026-07-16T12:30:00Z,so2,2.45
2026-07-16T13:30:00Z,so2,3.74
2026-07-16T14:30:00Z,so2,3.97
2026-07-16T15:30:00Z,so2,4.11
2026-07-16T16:30:00Z,so2,3.85
2026-07-16T17:30:00Z,so2,4.26
2026-07-16T18:30:00Z,so2,4.55
2026-07-16T19:30:00Z,so2,4.24
2026-07-16T20:30:00Z,so2,4.15
2026-07-16T21:30:00Z,so2,4.35
2026-07-16T22:30:00Z,so2,4.49
2026-07-16T23:30:00Z,so2,4.57
2026-07-17T00:30:00Z,so2,4.51
2026-07-17T01:30:00Z,so2,4.58
2026-07-17T02:30:00Z,so2,4.52
2026-07-17T03:30:00Z,so2,4.08
2026-07-17T04:30:00Z,so2,4.74
2026-07-17T05:30:00Z,so2,4.35
2026-07-17T06:30:00Z,so2,2.92
2026-07-17T07:30:00Z,so2,1.81
2026-07-17T08:30:00Z,so2,0.865
2026-07-17T09:30:00Z,so2,2.29
2026-07-17T10:30:00Z,so2,2.42
2026-07-17T11:30:00Z,so2,0.735
2026-07-17T12:30:00Z,so2,0.685
2026-07-17T13:30:00Z,so2,1.18
2026-07-17T14:30:00Z,so2,1.48
2026-07-17T15:30:00Z,so2,2.13
2026-07-17T16:30:00Z,so2,2.6
2026-07-17T17:30:00Z,so2,2.68
2026-07-17T18:30:00Z,so2,2.81
2026-07-17T19:30:00Z,so2,2.9
2026-07-17T20:30:00Z,so2,1.42
2026-07-17T21:30:00Z,so2,1.86
2026-07-17T22:30:00Z,so2,1.73
2026-07-17T23:30:00Z,so2,2.26
2026-07-18T00:30:00Z,so2,2.28
2026-07-18T01:30:00Z,so2,2.61
2026-07-18T02:30:00Z,so2,2.55
2026-07-18T03:30:00Z,so2,2.28
2026-07-18T04:30:00Z,so2,6.12
2026-07-18T05:30:00Z,so2,6.62
2026-07-18T06:30:00Z,so2,6.47
2026-07-18T07:30:00Z,so2,6.52
2026-07-18T08:30:00Z,so2,6.45
2026-07-18T09:30:00Z,so2,6.57
2026-07-18T10:30:00Z,so2,6.32
2026-07-18T11:30:00Z,so2,6.3
2026-07-18T12:30:00Z,so2,4.84
2026-07-18T13:30:00Z,so2,5.18
2026-07-18T14:30:00Z,so2,5.23
2026-07-18T15:30:00Z,so2,5.38
2026-07-18T16:30:00Z,so2,5.19
2026-07-18T17:30:00Z,so2,4.81
2026-07-18T18:30:00Z,so2,5.49
2026-07-18T19:30:00Z,so2,5.46
2026-07-18T20:30:00Z,so2,4.21
2026-07-18T21:30:00Z,so2,4.57
2026-07-18T22:30:00Z,so2,4.67
2026-07-18T23:30:00Z,so2,4.86
2026-07-19T00:30:00Z,so2,4.74
2026-07-19T01:30:00Z,so2,4.53
2026-07-19T02:30:00Z,so2,4.34
2026-07-19T03:30:00Z,so2,4.76
2026-07-19T04:30:00Z,so2,5.13
2026-07-19T05:30:00Z,so2,5.43
2026-07-19T06:30:00Z,so2,5.41
2026-07-19T07:30:00Z,so2,5.45
2026-07-19T08:30:00Z,so2,5.35
2026-07-19T09:30:00Z,so2,5.59
2026-07-19T10:30:00Z,so2,5.27
2026-07-19T11:30:00Z,so2,5.3
2026-07-19T12:30:00Z,so2,5.86
2026-07-19T13:30:00Z,so2,5.78
2026-07-19T14:30:00Z,so2,6.06
2026-07-19T15:30:00Z,so2,6.2
2026-07-19T16:30:00Z,so2,6.37
2026-07-19T17:30:00Z,so2,6.22
2026-07-19T18:30:00Z,so2,6.08
2026-07-19T19:30:00Z,so2,6.26
2026-07-19T20:30:00Z,so2,2.7
2026-07-19T21:30:00Z,so2,3.09
2026-07-19T22:30:00Z,so2,3.1
2026-07-19T23:30:00Z,so2,3.12
2026-07-20T00:30:00Z,so2,2.88
2026-07-20T01:30:00Z,so2,2.9
2026-07-20T02:30:00Z,so2,2.97
2026-07-20T03:30:00Z,so2,2.56
2026-07-20T04:30:00Z,so2,3.84
2026-07-20T05:30:00Z,so2,4.87
2026-07-20T06:30:00Z,so2,4.76
2026-07-20T07:30:00Z,so2,4.4
2026-07-20T08:30:00Z,so2,4.26
2026-07-20T09:30:00Z,so2,4.96
2026-07-20T10:30:00Z,so2,4.2
2026-07-20T11:30:00Z,so2,4.81
2026-07-20T12:30:00Z,so2,4.71
2026-07-20T13:30:00Z,so2,5.04
2026-07-20T14:30:00Z,so2,5.01
2026-07-20T15:30:00Z,so2,4.79
2026-07-20T16:30:00Z,so2,5.01
2026-07-20T17:30:00Z,so2,4.86
2026-07-20T19:30:00Z,so2,5.05
2026-07-20T20:30:00Z,so2,5.77
2026-07-20T21:30:00Z,so2,5.97
2026-07-20T22:30:00Z,so2,6.42
2026-07-20T23:30:00Z,so2,6.55
2026-07-21T00:30:00Z,so2,6.58
2026-07-21T01:30:00Z,so2,6.7
2026-07-21T02:30:00Z,so2,6.23
2026-07-21T03:30:00Z,so2,6.17
2026-07-21T04:30:00Z,so2,4.13
2026-07-21T05:30:00Z,so2,4.35
2026-07-21T06:30:00Z,so2,4.23
2026-07-21T07:30:00Z,so2,4.26
2026-07-21T08:30:00Z,so2,3.99
2026-07-21T09:30:00Z,so2,4.33
2026-07-21T10:30:00Z,so2,4.32
2026-07-21T11:30:00Z,so2,4.44
2026-07-21T12:30:00Z,so2,3.1
2026-07-21T13:30:00Z,so2,3.27
2026-07-21T14:30:00Z,so2,3.82
2026-07-21T15:30:00Z,so2,3.79
2026-07-21T16:30:00Z,so2,4.2
2026-07-21T17:30:00Z,so2,3.88
2026-07-21T21:30:00Z,so2,4.31
2026-07-21T22:30:00Z,so2,5.03
2026-07-21T23:30:00Z,so2,4.87
2026-07-22T00:30:00Z,so2,4.63
2026-07-22T01:30:00Z,so2,4.84
2026-07-22T02:30:00Z,so2,4.75
2026-07-22T03:30:00Z,so2,4.78
2026-07-22T04:30:00Z,so2,6.13
2026-07-22T05:30:00Z,so2,6.63
2026-07-22T06:30:00Z,so2,5.3
2026-07-22T07:30:00Z,so2,4.05
2026-07-24T08:30:00Z,so2,2.39
2026-07-24T09:30:00Z,so2,2.89
2026-07-24T10:30:00Z,so2,3.02
2026-07-24T11:30:00Z,so2,3.77
2026-07-24T12:30:00Z,so2,2.4
2026-07-24T13:30:00Z,so2,3.16
2026-07-24T14:30:00Z,so2,3.83
2026-07-24T15:30:00Z,so2,4.48
2026-07-24T16:30:00Z,so2,4.65
2026-07-24T17:30:00Z,so2,4.96
2026-07-24T18:30:00Z,so2,4.66
2026-07-24T19:30:00Z,so2,5.11
2026-07-24T20:30:00Z,so2,4.75
2026-07-24T21:30:00Z,so2,5.01
2026-07-24T22:30:00Z,so2,5.01
2026-07-24T23:30:00Z,so2,5.35
2026-07-25T00:30:00Z,so2,5.46
2026-07-25T01:30:00Z,so2,5.07
2026-07-25T02:30:00Z,so2,5.29
2026-07-25T03:30:00Z,so2,4.99
2026-07-25T04:30:00Z,so2,5.41
2026-07-25T05:30:00Z,so2,5.34
2026-07-25T06:30:00Z,so2,5.12
2026-07-25T07:30:00Z,so2,5.02
2026-07-25T08:30:00Z,so2,4.87
2026-07-25T09:30:00Z,so2,5.0
2026-07-25T10:30:00Z,so2,5.91
2026-07-25T11:30:00Z,so2,6.41
2026-07-25T12:30:00Z,so2,3.43
2026-07-25T13:30:00Z,so2,3.36
2026-07-25T14:30:00Z,so2,3.39
2026-07-25T15:30:00Z,so2,3.13
2026-07-25T16:30:00Z,so2,3.29
2026-07-25T17:30:00Z,so2,3.88
2026-07-25T18:30:00Z,so2,3.84
2026-07-25T19:30:00Z,so2,3.99
2026-07-25T20:30:00Z,so2,4.45
2026-07-25T21:30:00Z,so2,5.54
2026-07-25T22:30:00Z,so2,5.67
2026-07-25T23:30:00Z,so2,5.56
2026-07-26T00:30:00Z,so2,5.41
2026-07-26T01:30:00Z,so2,4.91
2026-07-26T02:30:00Z,so2,5.49
2026-07-26T03:30:00Z,so2,5.73
2026-07-26T04:30:00Z,so2,4.65
2026-07-26T05:30:00Z,so2,4.78
2026-07-26T06:30:00Z,so2,4.36
2026-07-26T07:30:00Z,so2,4.71
2026-07-26T08:30:00Z,so2,4.88
2026-07-26T09:30:00Z,so2,5.01
2026-07-26T10:30:00Z,so2,4.21
2026-07-26T11:30:00Z,so2,4.53
2026-07-26T12:30:00Z,so2,4.82
2026-07-26T13:30:00Z,so2,5.02
2026-07-26T14:30:00Z,so2,5.4
2026-07-26T15:30:00Z,so2,5.25
2026-07-26T16:30:00Z,so2,5.19
2026-07-26T17:30:00Z,so2,4.61
2026-07-26T18:30:00Z,so2,5.23
2026-07-26T19:30:00Z,so2,5.38
2026-07-26T20:30:00Z,so2,4.63
2026-07-26T21:30:00Z,so2,5.14
2026-07-26T22:30:00Z,so2,4.91
2026-07-26T23:30:00Z,so2,5.42
2026-07-27T00:30:00Z,so2,5.47
2026-07-27T01:30:00Z,so2,5.34
2026-07-27T02:30:00Z,so2,5.37
2026-07-27T03:30:00Z,so2,5.16
2026-07-27T04:30:00Z,so2,5.87
2026-07-27T05:30:00Z,so2,5.09
2026-07-27T06:30:00Z,so2,3.62
2026-07-27T07:30:00Z,so2,3.95
2026-07-27T08:30:00Z,so2,4.55
2026-07-27T09:30:00Z,so2,4.61
2026-07-27T10:30:00Z,so2,5.16
2026-07-27T11:30:00Z,so2,4.26
2026-07-27T12:30:00Z,so2,0.95
2026-07-27T20:30:00Z,so2,4.76
2026-07-27T21:30:00Z,so2,4.99
2026-07-27T22:30:00Z,so2,4.96
2026-07-27T23:30:00Z,so2,5.31
2026-07-28T00:30:00Z,so2,5.16
2026-07-28T01:30:00Z,so2,4.77
2026-07-28T02:30:00Z,so2,4.53
2026-07-28T03:30:00Z,so2,4.45
2026-07-28T04:30:00Z,so2,4.61
2026-07-28T05:30:00Z,so2,5.0
2026-07-28T06:30:00Z,so2,5.01
2026-07-28T07:30:00Z,so2,5.13
2026-07-28T08:30:00Z,so2,5.55
2026-07-28T09:30:00Z,so2,4.74
2026-07-28T10:30:00Z,so2,5.03
2026-07-28T11:30:00Z,so2,5.03
2026-07-28T12:30:00Z,so2,5.29
2026-07-28T13:30:00Z,so2,5.74
2026-07-28T14:30:00Z,so2,5.71
2026-07-28T15:30:00Z,so2,5.71
2026-07-28T16:30:00Z,so2,6.23
2026-07-28T17:30:00Z,so2,5.93
2026-07-28T18:30:00Z,so2,6.31
2026-07-28T19:30:00Z,so2,6.01
2026-07-28T20:30:00Z,so2,4.87
2026-07-28T21:30:00Z,so2,4.92
2026-07-28T22:30:00Z,so2,4.88
2026-07-28T23:30:00Z,so2,4.48
2026-07-29T00:30:00Z,so2,4.43
2026-07-29T01:30:00Z,so2,4.8
2026-07-29T02:30:00Z,so2,4.64
2026-07-29T03:30:00Z,so2,4.69
2026-07-29T04:30:00Z,so2,4.52
2026-07-29T05:30:00Z,so2,4.06
2026-07-29T06:30:00Z,so2,6.62
2026-07-29T07:30:00Z,so2,3.3
2026-07-29T08:30:00Z,so2,2.98
2026-07-29T09:30:00Z,so2,2.18
2026-07-29T10:30:00Z,so2,1.65
2026-07-29T11:30:00Z,so2,1.71
2026-07-29T12:30:00Z,so2,3.31
2026-07-29T13:30:00Z,so2,4.55
2026-07-29T14:30:00Z,so2,4.97
2026-07-29T15:30:00Z,so2,5.06
2026-07-29T16:30:00Z,so2,5.36
2026-07-29T17:30:00Z,so2,5.19
2026-07-29T18:30:00Z,so2,5.81
2026-07-29T19:30:00Z,so2,5.45
2026-07-29T20:30:00Z,so2,4.93
2026-07-29T21:30:00Z,so2,5.34
2026-07-29T22:30:00Z,so2,5.35
2026-07-29T23:30:00Z,so2,5.86
2026-07-30T01:30:00Z,so2,5.53
2026-07-30T02:30:00Z,so2,6.12
2026-07-30T03:30:00Z,so2,6.1
2026-07-30T04:30:00Z,so2,5.57
2026-07-30T05:30:00Z,so2,5.89
2026-07-30T06:30:00Z,so2,5.54
2026-07-30T07:30:00Z,so2,5.52
2026-07-30T08:30:00Z,so2,5.12
2026-07-30T09:30:00Z,so2,5.11
2026-07-30T10:30:00Z,so2,5.36
2026-07-30T11:30:00Z,so2,5.62
2026-07-30T12:30:00Z,so2,3.88
2026-07-30T13:30:00Z,so2,3.75
2026-07-30T14:30:00Z,so2,3.65
2026-07-30T15:30:00Z,so2,4.35
2026-07-30T16:30:00Z,so2,4.58
2026-07-30T17:30:00Z,so2,4.66
2026-07-30T18:30:00Z,so2,4.26
2026-07-30T19:30:00Z,so2,4.09
2026-07-30T20:30:00Z,so2,4.91
2026-07-30T21:30:00Z,so2,5.59
2026-07-30T22:30:00Z,so2,5.91
2026-07-30T23:30:00Z,so2,5.77
2026-07-31T00:30:00Z,so2,5.24
2026-07-31T01:30:00Z,so2,5.11
2026-07-31T02:30:00Z,so2,5.51
2026-07-31T03:30:00Z,so2,5.04
2026-07-31T04:30:00Z,so2,4.56
2026-07-31T05:30:00Z,so2,3.66
2026-07-31T06:30:00Z,so2,1.74
2026-07-31T07:30:00Z,so2,1.22
2026-07-31T08:30:00Z,so2,0.783
2026-07-31T09:30:00Z,so2,0.603
2026-07-31T10:30:00Z,so2,0.903
2026-07-31T11:30:00Z,so2,1.75
2026-07-31T12:30:00Z,so2,3.55
2026-07-31T13:30:00Z,so2,4.92
2026-07-31T14:30:00Z,so2,4.82
2026-07-31T15:30:00Z,so2,4.84
2026-07-31T16:30:00Z,so2,5.02
2026-07-31T17:30:00Z,so2,5.23
2026-07-31T18:30:00Z,so2,5.89
2026-07-31T19:30:00Z,so2,6.11
2026-07-31T20:30:00Z,so2,4.68
2026-07-31T21:30:00Z,so2,5.03
2026-07-31T22:30:00Z,so2,5.7
2026-07-31T23:30:00Z,so2,5.71
2026-08-01T00:30:00Z,so2,5.86
2026-08-01T01:30:00Z,so2,5.73
2026-08-01T02:30:00Z,so2,5.36
2026-08-01T03:30:00Z,so2,5.51
2026-08-01T04:30:00Z,so2,3.26
2026-08-01T05:30:00Z,so2,2.92
2026-08-01T06:30:00Z,so2,2.93
2026-08-01T07:30:00Z,so2,2.76
2026-08-01T08:30:00Z,so2,2.64
2026-08-01T09:30:00Z,so2,2.43
2026-08-01T10:30:00Z,so2,2.33
2026-08-01T11:30:00Z,so2,2.3
2026-08-01T12:30:00Z,so2,3.48
2026-08-01T13:30:00Z,so2,3.54
2026-08-01T14:30:00Z,so2,3.93
2026-08-01T15:30:00Z,so2,5.19
2026-08-01T16:30:00Z,so2,5.31
2026-08-01T17:30:00Z,so2,5.21
2026-08-01T18:30:00Z,so2,4.2
2026-08-01T19:30:00Z,so2,4.51
2026-08-01T20:30:00Z,so2,5.51
2026-08-01T21:30:00Z,so2,5.75
2026-08-01T22:30:00Z,so2,5.71
2026-08-01T23:30:00Z,so2,5.18
2026-08-02T00:30:00Z,so2,5.15
2026-08-02T01:30:00Z,so2,5.77
2026-08-02T02:30:00Z,so2,5.67
2026-08-02T03:30:00Z,so2,6.0
2026-08-02T04:30:00Z,so2,3.79
2026-08-02T05:30:00Z,so2,3.78
2026-08-02T06:30:00Z,so2,3.57
2026-08-02T07:30:00Z,so2,3.21
2026-08-02T08:30:00Z,so2,3.05
2026-08-02T09:30:00Z,so2,2.91
2026-08-02T10:30:00Z,so2,2.32
2026-08-02T11:30:00Z,so2,2.77
2026-08-02T12:30:00Z,so2,5.5
2026-08-02T13:30:00Z,so2,5.73
2026-08-02T14:30:00Z,so2,5.22
2026-08-02T15:30:00Z,so2,5.52
2026-08-02T16:30:00Z,so2,5.89
2026-08-02T17:30:00Z,so2,6.62
2026-08-02T18:30:00Z,so2,5.8
2026-08-02T19:30:00Z,so2,6.36
2026-08-02T20:30:00Z,so2,4.08
2026-08-02T21:30:00Z,so2,4.72
2026-08-02T22:30:00Z,so2,5.52
2026-08-02T23:30:00Z,so2,5.61
2026-08-03T00:30:00Z,so2,5.58
2026-08-03T01:30:00Z,so2,5.27
2026-08-03T02:30:00Z,so2,5.28
2026-08-03T03:30:00Z,so2,5.96
2026-08-03T04:30:00Z,so2,5.15
2026-08-03T05:30:00Z,so2,5.0
2026-08-03T06:30:00Z,so2,5.15
2026-08-03T07:30:00Z,so2,4.99
2026-08-03T08:30:00Z,so2,4.64
2026-08-03T09:30:00Z,so2,4.57
2026-08-03T10:30:00Z,so2,4.38
2026-08-03T11:30:00Z,so2,4.14
2026-08-03T12:30:00Z,so2,4.47
2026-08-03T13:30:00Z,so2,4.45
2026-08-03T14:30:00Z,so2,5.16
2026-08-03T15:30:00Z,so2,4.67
2026-08-03T16:30:00Z,so2,4.5
2026-08-03T17:30:00Z,so2,4.06
2026-08-03T18:30:00Z,so2,4.67
2026-08-03T19:30:00Z,so2,5.0
2026-08-03T20:30:00Z,so2,4.86
2026-08-03T21:30:00Z,so2,5.21
2026-08-03T22:30:00Z,so2,4.52
2026-08-03T23:30:00Z,so2,4.69
2026-08-04T00:30:00Z,so2,5.07
2026-08-04T01:30:00Z,so2,5.76
2026-08-04T02:30:00Z,so2,5.41
2026-08-04T03:30:00Z,so2,5.21
2026-08-04T04:30:00Z,so2,3.89
2026-08-04T05:30:00Z,so2,4.64
2026-08-04T06:30:00Z,so2,4.56
2026-08-04T13:30:00Z,so2,3.97
2026-08-04T14:30:00Z,so2,3.88
2026-08-04T15:30:00Z,so2,3.67
2026-08-04T16:30:00Z,so2,4.84
2026-08-04T17:30:00Z,so2,5.02
2026-08-04T18:30:00Z,so2,4.61
2026-08-04T19:30:00Z,so2,4.36
2026-08-04T20:30:00Z,so2,5.0
2026-08-04T21:30:00Z,so2,5.6
2026-08-04T22:30:00Z,so2,5.82
2026-08-04T23:30:00Z,so2,5.98
2026-08-05T00:30:00Z,so2,5.34
2026-08-05T01:30:00Z,so2,5.42
2026-08-05T02:30:00Z,so2,5.88
2026-08-05T03:30:00Z,so2,5.56
2026-08-05T04:30:00Z,so2,3.38
2026-08-05T05:30:00Z,so2,3.49
2026-08-05T06:30:00Z,so2,3.45
2026-08-05T07:30:00Z,so2,2.58
2026-08-05T08:30:00Z,so2,3.68
2026-08-05T09:30:00Z,so2,2.2
2026-08-05T10:30:00Z,so2,2.84
2026-08-05T11:30:00Z,so2,4.98
2026-08-05T12:30:00Z,so2,2.84
2026-08-05T13:30:00Z,so2,2.79
2026-08-05T14:30:00Z,so2,2.72
2026-08-05T15:30:00Z,so2,3.38
2026-08-05T16:30:00Z,so2,2.84
2026-08-05T17:30:00Z,so2,3.1
2026-08-05T18:30:00Z,so2,4.57
2026-08-05T20:30:00Z,so2,3.06
2026-08-05T21:30:00Z,so2,2.74
2026-08-05T22:30:00Z,so2,2.78
2026-08-05T23:30:00Z,so2,3.4
2026-08-06T00:30:00Z,so2,3.66
2026-08-06T01:30:00Z,so2,3.54
2026-08-06T02:30:00Z,so2,3.5
2026-08-06T03:30:00Z,so2,3.48
2026-08-06T04:30:00Z,so2,5.71
2026-08-06T05:30:00Z,so2,5.78
2026-08-06T06:30:00Z,so2,5.55
2026-08-06T07:30:00Z,so2,5.4
2026-08-06T08:30:00Z,so2,5.25
2026-08-06T09:30:00Z,so2,5.02
2026-08-06T10:30:00Z,so2,5.93
2026-08-06T11:30:00Z,so2,5.57
2026-08-06T12:30:00Z,so2,2.96
2026-08-06T13:30:00Z,so2,3.29
2026-08-06T14:30:00Z,so2,4.04
2026-08-06T15:30:00Z,so2,4.25
2026-08-06T16:30:00Z,so2,4.46
2026-08-06T17:30:00Z,so2,4.44
2026-08-06T19:30:00Z,so2,3.24
2026-08-06T20:30:00Z,so2,3.74
2026-08-06T21:30:00Z,so2,4.69
2026-08-06T22:30:00Z,so2,4.53
2026-08-06T23:30:00Z,so2,4.45
2026-08-07T01:30:00Z,so2,4.56
2026-08-07T02:30:00Z,so2,4.52
2026-08-07T03:30:00Z,so2,4.76
2026-08-07T04:30:00Z,so2,6.47
2026-08-07T05:30:00Z,so2,5.69
2026-08-07T06:30:00Z,so2,3.81
2026-08-07T07:30:00Z,so2,3.0
2026-08-07T08:30:00Z,so2,2.88
2026-08-07T09:30:00Z,so2,2.66
2026-08-07T10:30:00Z,so2,3.25
2026-08-07T11:30:00Z,so2,3.92
2026-08-07T12:30:00Z,so2,3.41
2026-08-07T13:30:00Z,so2,4.15
2026-08-07T14:30:00Z,so2,4.16
2026-08-07T15:30:00Z,so2,4.47
2026-08-07T16:30:00Z,so2,4.78
2026-08-07T17:30:00Z,so2,4.7
2026-08-07T18:30:00Z,so2,5.46
2026-08-07T19:30:00Z,so2,4.89
2026-08-07T20:30:00Z,so2,4.24
2026-08-07T21:30:00Z,so2,4.59
2026-08-07T22:30:00Z,so2,4.35
2026-08-07T23:30:00Z,so2,4.65
2026-08-08T00:30:00Z,so2,4.86
2026-08-08T01:30:00Z,so2,4.91
2026-08-08T02:30:00Z,so2,4.14
2026-08-08T03:30:00Z,so2,4.05
2026-08-08T04:30:00Z,so2,3.68
2026-08-08T05:30:00Z,so2,4.13
2026-08-08T06:30:00Z,so2,3.76
2026-08-08T07:30:00Z,so2,3.37
2026-08-08T08:30:00Z,so2,3.35
2026-08-08T09:30:00Z,so2,3.93
2026-08-08T10:30:00Z,so2,3.82
2026-08-08T11:30:00Z,so2,3.71
2026-08-08T12:30:00Z,so2,4.17
2026-08-08T13:30:00Z,so2,4.85
2026-08-08T14:30:00Z,so2,4.85
2026-08-08T15:30:00Z,so2,4.84
2026-08-08T16:30:00Z,so2,4.76
2026-08-08T17:30:00Z,so2,4.7
2026-08-08T19:30:00Z,so2,4.96
2026-08-08T20:30:00Z,so2,6.94
2026-08-08T21:30:00Z,so2,7.24
2026-08-08T22:30:00Z,so2,7.23
2026-08-08T23:30:00Z,so2,6.95
2026-08-09T00:30:00Z,so2,7.08
2026-08-09T01:30:00Z,so2,7.18
2026-08-09T02:30:00Z,so2,6.98
2026-08-09T03:30:00Z,so2,6.97
2026-08-09T04:30:00Z,so2,6.08
2026-08-09T05:30:00Z,so2,7.06
2026-08-09T06:30:00Z,so2,6.65
2026-08-09T07:30:00Z,so2,5.91
2026-08-09T08:30:00Z,so2,6.0
2026-08-09T09:30:00Z,so2,5.93
2026-08-09T10:30:00Z,so2,5.82
2026-08-09T11:30:00Z,so2,6.09
2026-08-09T12:30:00Z,so2,4.62
2026-08-09T13:30:00Z,so2,4.5
2026-08-09T14:30:00Z,so2,4.8
2026-08-09T15:30:00Z,so2,4.74
2026-08-09T16:30:00Z,so2,5.13
2026-08-09T17:30:00Z,so2,5.09
2026-08-09T18:30:00Z,so2,4.66
2026-08-09T19:30:00Z,so2,4.8
2026-08-09T20:30:00Z,so2,5.43
2026-08-09T21:30:00Z,so2,6.1
2026-08-09T22:30:00Z,so2,6.28
2026-08-09T23:30:00Z,so2,6.59
2026-08-10T00:30:00Z,so2,6.35
2026-08-10T01:30:00Z,so2,5.92
2026-08-10T02:30:00Z,so2,6.03
2026-08-10T03:30:00Z,so2,6.03
2026-08-10T04:30:00Z,so2,5.49
2026-08-10T05:30:00Z,so2,5.8
2026-08-10T06:30:00Z,so2,5.78
2026-08-10T07:30:00Z,so2,5.12
2026-08-10T08:30:00Z,so2,5.05
2026-08-10T09:30:00Z,so2,4.99
2026-08-10T10:30:00Z,so2,4.81
2026-08-10T11:30:00Z,so2,4.54
2026-08-10T12:30:00Z,so2,5.53
2026-08-10T13:30:00Z,so2,6.48
2026-08-10T14:30:00Z,so2,6.82
2026-08-10T15:30:00Z,so2,6.7
2026-08-10T16:30:00Z,so2,6.44
2026-08-10T17:30:00Z,so2,6.31
2026-08-10T18:30:00Z,so2,6.96
2026-08-10T19:30:00Z,so2,7.3
2026-08-10T20:30:00Z,so2,4.77
2026-08-10T21:30:00Z,so2,5.02
2026-08-10T22:30:00Z,so2,5.15
2026-08-10T23:30:00Z,so2,5.41
2026-08-11T00:30:00Z,so2,5.28
2026-08-11T01:30:00Z,so2,5.19
2026-08-11T02:30:00Z,so2,5.31
2026-08-11T03:30:00Z,so2,5.12
2026-08-11T04:30:00Z,so2,4.66
2026-08-11T05:30:00Z,so2,2.2
2026-08-11T09:30:00Z,so2,1.05
2026-08-11T10:30:00Z,so2,0.833
2026-08-11T11:30:00Z,so2,0.217
2026-08-11T12:30:00Z,so2,2.68
2026-08-11T13:30:00Z,so2,3.39
2026-08-11T14:30:00Z,so2,3.89
2026-08-11T15:30:00Z,so2,4.51
2026-08-11T16:30:00Z,so2,4.37
2026-08-11T17:30:00Z,so2,4.86
2026-08-11T19:30:00Z,so2,5.79
2026-08-11T20:30:00Z,so2,3.4
2026-08-11T21:30:00Z,so2,3.37
2026-08-11T22:30:00Z,so2,3.63
2026-08-11T23:30:00Z,so2,3.85
2026-08-12T00:30:00Z,so2,3.97
2026-08-12T01:30:00Z,so2,3.87
2026-08-12T02:30:00Z,so2,3.79
2026-08-12T03:30:00Z,so2,3.68
2026-08-12T04:30:00Z,so2,5.19
2026-08-12T05:30:00Z,so2,5.32
2026-08-12T06:30:00Z,so2,5.34
2026-08-12T07:30:00Z,so2,5.43
2026-08-12T08:30:00Z,so2,5.03
2026-08-12T09:30:00Z,so2,4.75
2026-08-12T10:30:00Z,so2,5.09
2026-08-12T11:30:00Z,so2,5.05
2026-08-12T12:30:00Z,so2,5.05
2026-08-12T13:30:00Z,so2,4.39
2026-08-12T14:30:00Z,so2,4.5
2026-08-12T15:30:00Z,so2,5.51
2026-08-12T16:30:00Z,so2,5.27
2026-08-12T17:30:00Z,so2,5.61
2026-08-12T18:30:00Z,so2,5.43
2026-08-12T19:30:00Z,so2,5.25
2026-08-12T20:30:00Z,so2,5.1
2026-08-12T21:30:00Z,so2,5.87
2026-08-12T23:30:00Z,so2,5.08
2026-08-13T00:30:00Z,so2,5.33
2026-08-13T02:30:00Z,so2,5.89
2026-08-13T03:30:00Z,so2,5.58
2026-08-13T04:30:00Z,so2,4.87
2026-08-13T05:30:00Z,so2,5.11
2026-08-13T06:30:00Z,so2,4.58
2026-08-13T07:30:00Z,so2,5.04
2026-08-14T05:30:00Z,so2,3.83
2026-08-14T06:30:00Z,so2,0.988
2026-08-14T07:30:00Z,so2,1.52
2026-08-14T08:30:00Z,so2,1.83
2026-08-14T09:30:00Z,so2,1.92
2026-08-14T10:30:00Z,so2,2.25
2026-08-14T11:30:00Z,so2,3.06
2026-08-14T12:30:00Z,so2,1.91
2026-08-14T13:30:00Z,so2,2.62
2026-08-14T14:30:00Z,so2,2.68
2026-08-14T15:30:00Z,so2,3.26
2026-08-14T16:30:00Z,so2,3.23
2026-08-14T17:30:00Z,so2,3.53
2026-08-14T18:30:00Z,so2,3.59
2026-08-14T19:30:00Z,so2,3.49
2026-08-14T20:30:00Z,so2,3.6
2026-08-14T22:30:00Z,so2,3.62
2026-08-14T23:30:00Z,so2,4.26
2026-08-15T00:30:00Z,so2,4.51
2026-08-15T01:30:00Z,so2,4.45
2026-08-15T02:30:00Z,so2,4.37
2026-08-15T03:30:00Z,so2,3.99
2026-08-15T04:30:00Z,so2,4.58
2026-08-15T05:30:00Z,so2,4.56
2026-08-15T06:30:00Z,so2,4.93
2026-08-15T07:30:00Z,so2,4.61
2026-08-15T08:30:00Z,so2,4.39
2026-08-15T09:30:00Z,so2,4.09
2026-08-15T10:30:00Z,so2,3.96
2026-08-15T11:30:00Z,so2,4.48
2026-08-15T12:30:00Z,so2,4.14
2026-08-15T13:30:00Z,so2,4.1
2026-08-15T14:30:00Z,so2,4.21
2026-08-15T15:30:00Z,so2,4.68
2026-08-15T16:30:00Z,so2,5.26
2026-08-15T17:30:00Z,so2,4.76
2026-08-15T21:30:00Z,so2,4.78
2026-08-15T22:30:00Z,so2,4.84
2026-08-15T23:30:00Z,so2,4.86
2026-08-16T00:30:00Z,so2,4.58
2026-08-16T01:30:00Z,so2,4.49
2026-06-30T23:30:00Z,wind_speed,0.623
2026-07-01T00:30:00Z,wind_speed,0.93
2026-07-01T01:30:00Z,wind_speed,0.868
2026-07-01T02:30:00Z,wind_speed,0.853
2026-07-01T03:30:00Z,wind_speed,0.913
2026-07-01T04:30:00Z,wind_speed,0.9
2026-07-01T05:30:00Z,wind_speed,1.01
2026-07-01T06:30:00Z,wind_speed,0.988
2026-07-01T07:30:00Z,wind_speed,0.92
2026-07-01T08:30:00Z,wind_speed,0.95
2026-07-01T09:30:00Z,wind_speed,0.825
2026-07-01T10:30:00Z,wind_speed,0.76
2026-07-01T11:30:00Z,wind_speed,0.643
2026-07-01T12:30:00Z,wind_speed,0.55
2026-07-01T13:30:00Z,wind_speed,0.35
2026-07-01T14:30:00Z,wind_speed,0.405
2026-07-01T15:30:00Z,wind_speed,0.415
2026-07-01T16:30:00Z,wind_speed,0.365
2026-07-01T17:30:00Z,wind_speed,0.453
2026-07-01T18:30:00Z,wind_speed,0.505
2026-07-01T19:30:00Z,wind_speed,0.645
2026-07-01T20:30:00Z,wind_speed,0.548
2026-07-01T21:30:00Z,wind_speed,0.908
2026-07-01T22:30:00Z,wind_speed,0.538
2026-07-01T23:30:00Z,wind_speed,0.583
2026-07-02T00:30:00Z,wind_speed,0.623
2026-07-02T01:30:00Z,wind_speed,0.608
2026-07-02T02:30:00Z,wind_speed,0.933
2026-07-02T03:30:00Z,wind_speed,0.948
2026-07-02T04:30:00Z,wind_speed,0.983
2026-07-02T05:30:00Z,wind_speed,1.12
2026-07-02T06:30:00Z,wind_speed,1.24
2026-07-02T07:30:00Z,wind_speed,1.27
2026-07-02T08:30:00Z,wind_speed,1.42
2026-07-02T09:30:00Z,wind_speed,1.45
2026-07-02T10:30:00Z,wind_speed,0.86
2026-07-02T11:30:00Z,wind_speed,0.205
2026-07-02T12:30:00Z,wind_speed,0.198
2026-07-02T13:30:00Z,wind_speed,0.188
2026-07-02T14:30:00Z,wind_speed,0.293
2026-07-02T15:30:00Z,wind_speed,0.243
2026-07-02T16:30:00Z,wind_speed,0.383
2026-07-02T17:30:00Z,wind_speed,0.533
2026-07-02T18:30:00Z,wind_speed,0.485
2026-07-02T19:30:00Z,wind_speed,0.37
2026-07-02T20:30:00Z,wind_speed,0.378
2026-07-02T21:30:00Z,wind_speed,0.375
2026-07-02T22:30:00Z,wind_speed,0.578
2026-07-02T23:30:00Z,wind_speed,0.795
2026-07-03T00:30:00Z,wind_speed,0.703
2026-07-03T01:30:00Z,wind_speed,0.74
2026-07-03T02:30:00Z,wind_speed,0.89
2026-07-03T03:30:00Z,wind_speed,1.09
2026-07-03T04:30:00Z,wind_speed,0.873
2026-07-03T05:30:00Z,wind_speed,0.983
2026-07-03T06:30:00Z,wind_speed,1.06
2026-07-03T07:30:00Z,wind_speed,0.948
2026-07-03T08:30:00Z,wind_speed,0.788
2026-07-03T09:30:00Z,wind_speed,0.815
2026-07-03T10:30:00Z,wind_speed,0.608
2026-07-03T11:30:00Z,wind_speed,0.6
2026-07-03T12:30:00Z,wind_speed,0.69
2026-07-03T13:30:00Z,wind_speed,0.483
2026-07-03T14:30:00Z,wind_speed,0.48
2026-07-03T15:30:00Z,wind_speed,0.72
2026-07-03T16:30:00Z,wind_speed,0.603
2026-07-03T17:30:00Z,wind_speed,0.617
2026-07-03T18:30:00Z,wind_speed,0.485
2026-07-03T19:30:00Z,wind_speed,0.385
2026-07-03T20:30:00Z,wind_speed,0.435
2026-07-03T21:30:00Z,wind_speed,0.473
2026-07-03T22:30:00Z,wind_speed,0.44
2026-07-03T23:30:00Z,wind_speed,0.295
2026-07-04T00:30:00Z,wind_speed,0.318
2026-07-04T01:30:00Z,wind_speed,0.208
2026-07-04T02:30:00Z,wind_speed,0.348
2026-07-04T03:30:00Z,wind_speed,0.213
2026-07-04T04:30:00Z,wind_speed,0.425
2026-07-04T05:30:00Z,wind_speed,0.588
2026-07-04T06:30:00Z,wind_speed,0.225
2026-07-04T07:30:00Z,wind_speed,0.253
2026-07-04T08:30:00Z,wind_speed,0.273
2026-07-04T09:30:00Z,wind_speed,0.44
2026-07-04T10:30:00Z,wind_speed,0.648
2026-07-04T11:30:00Z,wind_speed,0.88
2026-07-04T12:30:00Z,wind_speed,0.77
2026-07-04T13:30:00Z,wind_speed,0.738
2026-07-04T14:30:00Z,wind_speed,0.9
2026-07-04T15:30:00Z,wind_speed,1.1
2026-07-04T16:30:00Z,wind_speed,1.07
2026-07-04T17:30:00Z,wind_speed,1.14
2026-07-04T18:30:00Z,wind_speed,1.33
2026-07-04T19:30:00Z,wind_speed,1.52
2026-07-04T20:30:00Z,wind_speed,0.67
2026-07-04T21:30:00Z,wind_speed,0.328
2026-07-04T22:30:00Z,wind_speed,0.62
2026-07-04T23:30:00Z,wind_speed,0.403
2026-07-05T00:30:00Z,wind_speed,0.568
2026-07-05T01:30:00Z,wind_speed,0.675
2026-07-05T02:30:00Z,wind_speed,0.993
2026-07-05T03:30:00Z,wind_speed,1.05
2026-07-05T04:30:00Z,wind_speed,1.01
2026-07-05T05:30:00Z,wind_speed,1.16
2026-07-05T06:30:00Z,wind_speed,1.06
2026-07-05T07:30:00Z,wind_speed,0.968
2026-07-05T08:30:00Z,wind_speed,1.07
2026-07-05T09:30:00Z,wind_speed,1.14
2026-07-05T10:30:00Z,wind_speed,0.725
2026-07-05T11:30:00Z,wind_speed,0.738
2026-07-05T12:30:00Z,wind_speed,0.93
2026-07-05T13:30:00Z,wind_speed,1.03
2026-07-05T14:30:00Z,wind_speed,0.943
2026-07-05T15:30:00Z,wind_speed,0.785
2026-07-05T16:30:00Z,wind_speed,0.875
2026-07-05T17:30:00Z,wind_speed,0.88
2026-07-05T18:30:00Z,wind_speed,0.96
2026-07-05T19:30:00Z,wind_speed,0.79
2026-07-05T20:30:00Z,wind_speed,0.735
2026-07-05T21:30:00Z,wind_speed,0.865
2026-07-05T22:30:00Z,wind_speed,0.91
2026-07-05T23:30:00Z,wind_speed,1.09
2026-07-06T00:30:00Z,wind_speed,1.08
2026-07-06T01:30:00Z,wind_speed,1.08
2026-07-06T02:30:00Z,wind_speed,1.11
2026-07-06T03:30:00Z,wind_speed,1.07
2026-07-06T04:30:00Z,wind_speed,1.15
2026-07-06T05:30:00Z,wind_speed,1.26
2026-07-06T06:30:00Z,wind_speed,1.25
2026-07-06T07:30:00Z,wind_speed,1.0
2026-07-06T08:30:00Z,wind_speed,0.99
2026-07-06T09:30:00Z,wind_speed,0.883
2026-07-06T10:30:00Z,wind_speed,0.813
2026-07-06T11:30:00Z,wind_speed,0.613
2026-07-06T12:30:00Z,wind_speed,0.5
2026-07-06T13:30:00Z,wind_speed,0.458
2026-07-06T14:30:00Z,wind_speed,0.363
2026-07-06T15:30:00Z,wind_speed,0.358
2026-07-06T16:30:00Z,wind_speed,0.378
2026-07-06T17:30:00Z,wind_speed,0.433
2026-07-06T19:30:00Z,wind_speed,0.355
2026-07-06T20:30:00Z,wind_speed,0.468
2026-07-06T21:30:00Z,wind_speed,0.22
2026-07-06T22:30:00Z,wind_speed,0.19
2026-07-06T23:30:00Z,wind_speed,0.283
2026-07-07T00:30:00Z,wind_speed,0.45
2026-07-07T01:30:00Z,wind_speed,0.613
2026-07-07T02:30:00Z,wind_speed,0.755
2026-07-07T03:30:00Z,wind_speed,1.1
2026-07-07T04:30:00Z,wind_speed,1.03
2026-07-07T05:30:00Z,wind_speed,1.16
2026-07-07T06:30:00Z,wind_speed,1.01
2026-07-07T07:30:00Z,wind_speed,0.933
2026-07-07T08:30:00Z,wind_speed,0.475
2026-07-07T09:30:00Z,wind_speed,0.198
2026-07-07T10:30:00Z,wind_speed,0.198
2026-07-07T11:30:00Z,wind_speed,0.283
2026-07-07T12:30:00Z,wind_speed,0.21
2026-07-07T13:30:00Z,wind_speed,0.283
2026-07-07T14:30:00Z,wind_speed,0.24
2026-07-07T15:30:00Z,wind_speed,0.19
2026-07-07T16:30:00Z,wind_speed,0.245
2026-07-07T17:30:00Z,wind_speed,0.323
2026-07-07T18:30:00Z,wind_speed,0.635
2026-07-07T19:30:00Z,wind_speed,0.723
2026-07-07T20:30:00Z,wind_speed,0.618
2026-07-07T21:30:00Z,wind_speed,0.518
2026-07-07T22:30:00Z,wind_speed,0.24
2026-07-07T23:30:00Z,wind_speed,0.193
2026-07-08T00:30:00Z,wind_speed,0.45
2026-07-08T01:30:00Z,wind_speed,0.875
2026-07-08T02:30:00Z,wind_speed,1.07
2026-07-08T03:30:00Z,wind_speed,0.92
2026-07-08T04:30:00Z,wind_speed,0.968
2026-07-08T05:30:00Z,wind_speed,0.915
2026-07-08T06:30:00Z,wind_speed,0.838
2026-07-08T07:30:00Z,wind_speed,0.568
2026-07-08T08:30:00Z,wind_speed,0.578
2026-07-08T09:30:00Z,wind_speed,0.553
2026-07-08T10:30:00Z,wind_speed,0.348
2026-07-08T11:30:00Z,wind_speed,0.343
2026-07-08T12:30:00Z,wind_speed,0.37
2026-07-08T13:30:00Z,wind_speed,0.22
2026-07-08T14:30:00Z,wind_speed,0.21
2026-07-08T15:30:00Z,wind_speed,0.265
2026-07-08T16:30:00Z,wind_speed,0.198
2026-07-08T17:30:00Z,wind_speed,0.293
2026-07-08T18:30:00Z,wind_speed,0.725
2026-07-08T19:30:00Z,wind_speed,0.6
2026-07-08T20:30:00Z,wind_speed,0.81
2026-07-08T21:30:00Z,wind_speed,0.583
2026-07-08T22:30:00Z,wind_speed,0.635
2026-07-08T23:30:00Z,wind_speed,0.598
2026-07-09T00:30:00Z,wind_speed,0.655
2026-07-09T01:30:00Z,wind_speed,0.848
2026-07-09T02:30:00Z,wind_speed,0.78
2026-07-09T03:30:00Z,wind_speed,0.895
2026-07-09T04:30:00Z,wind_speed,0.92
2026-07-09T05:30:00Z,wind_speed,1.14
2026-07-09T06:30:00Z,wind_speed,1.15
2026-07-09T07:30:00Z,wind_speed,1.08
2026-07-09T08:30:00Z,wind_speed,0.945
2026-07-09T09:30:00Z,wind_speed,0.858
2026-07-09T10:30:00Z,wind_speed,0.495
2026-07-09T11:30:00Z,wind_speed,0.5
2026-07-09T12:30:00Z,wind_speed,0.473
2026-07-09T13:30:00Z,wind_speed,0.755
2026-07-09T14:30:00Z,wind_speed,0.515
2026-07-09T15:30:00Z,wind_speed,0.55
2026-07-09T16:30:00Z,wind_speed,0.5
2026-07-09T17:30:00Z,wind_speed,0.417
2026-07-09T18:30:00Z,wind_speed,0.565
2026-07-09T19:30:00Z,wind_speed,0.463
2026-07-09T20:30:00Z,wind_speed,0.633
2026-07-09T21:30:00Z,wind_speed,0.468
2026-07-09T22:30:00Z,wind_speed,0.483
2026-07-09T23:30:00Z,wind_speed,0.45
2026-07-10T00:30:00Z,wind_speed,0.53
2026-07-10T01:30:00Z,wind_speed,0.735
2026-07-10T02:30:00Z,wind_speed,0.903
2026-07-10T03:30:00Z,wind_speed,0.92
2026-07-10T04:30:00Z,wind_speed,0.888
2026-07-10T05:30:00Z,wind_speed,0.853
2026-07-10T06:30:00Z,wind_speed,0.88
2026-07-10T07:30:00Z,wind_speed,0.963
2026-07-10T08:30:00Z,wind_speed,0.993
2026-07-10T09:30:00Z,wind_speed,0.915
2026-07-10T10:30:00Z,wind_speed,0.885
2026-07-10T11:30:00Z,wind_speed,0.868
2026-07-10T12:30:00Z,wind_speed,0.62
2026-07-10T13:30:00Z,wind_speed,0.265
2026-07-10T14:30:00Z,wind_speed,0.373
2026-07-10T15:30:00Z,wind_speed,0.433
2026-07-10T16:30:00Z,wind_speed,0.33
2026-07-10T17:30:00Z,wind_speed,0.483
2026-07-10T18:30:00Z,wind_speed,0.45
2026-07-10T19:30:00Z,wind_speed,0.435
2026-07-10T20:30:00Z,wind_speed,0.313
2026-07-10T21:30:00Z,wind_speed,0.238
2026-07-10T22:30:00Z,wind_speed,0.218
2026-07-10T23:30:00Z,wind_speed,0.315
2026-07-11T00:30:00Z,wind_speed,0.45
2026-07-11T01:30:00Z,wind_speed,0.578
2026-07-11T02:30:00Z,wind_speed,0.66
2026-07-11T03:30:00Z,wind_speed,1.05
2026-07-11T04:30:00Z,wind_speed,1.03
2026-07-11T05:30:00Z,wind_speed,1.21
2026-07-11T06:30:00Z,wind_speed,1.24
2026-07-11T07:30:00Z,wind_speed,0.918
2026-07-11T08:30:00Z,wind_speed,1.16
2026-07-11T09:30:00Z,wind_speed,1.04
2026-07-11T10:30:00Z,wind_speed,0.908
2026-07-11T11:30:00Z,wind_speed,0.69
2026-07-11T12:30:00Z,wind_speed,0.593
2026-07-11T13:30:00Z,wind_speed,0.408
2026-07-11T14:30:00Z,wind_speed,0.483
2026-07-11T15:30:00Z,wind_speed,0.465
2026-07-11T16:30:00Z,wind_speed,0.478
2026-07-11T17:30:00Z,wind_speed,0.393
2026-07-11T18:30:00Z,wind_speed,0.435
2026-07-11T19:30:00Z,wind_speed,0.268
2026-07-11T20:30:00Z,wind_speed,0.34
2026-07-11T21:30:00Z,wind_speed,0.315
2026-07-11T22:30:00Z,wind_speed,0.268
2026-07-11T23:30:00Z,wind_speed,0.505
2026-07-12T00:30:00Z,wind_speed,0.55
2026-07-12T01:30:00Z,wind_speed,0.64
2026-07-12T02:30:00Z,wind_speed,0.99
2026-07-12T03:30:00Z,wind_speed,1.13
2026-07-12T04:30:00Z,wind_speed,1.14
2026-07-12T05:30:00Z,wind_speed,1.08
2026-07-12T06:30:00Z,wind_speed,1.14
2026-07-12T07:30:00Z,wind_speed,1.39
2026-07-12T08:30:00Z,wind_speed,1.15
2026-07-12T09:30:00Z,wind_speed,1.03
2026-07-12T10:30:00Z,wind_speed,0.883
2026-07-12T11:30:00Z,wind_speed,0.765
2026-07-12T12:30:00Z,wind_speed,0.683
2026-07-12T13:30:00Z,wind_speed,0.58
2026-07-12T14:30:00Z,wind_speed,0.67
2026-07-12T15:30:00Z,wind_speed,0.485
2026-07-12T16:30:00Z,wind_speed,0.6
2026-07-12T17:30:00Z,wind_speed,0.28
2026-07-12T18:30:00Z,wind_speed,0.525
2026-07-12T19:30:00Z,wind_speed,0.43
2026-07-12T20:30:00Z,wind_speed,0.485
2026-07-12T21:30:00Z,wind_speed,0.348
2026-07-12T22:30:00Z,wind_speed,0.3
2026-07-12T23:30:00Z,wind_speed,0.27
2026-07-13T00:30:00Z,wind_speed,0.465
2026-07-13T01:30:00Z,wind_speed,0.778
2026-07-13T02:30:00Z,wind_speed,0.893
2026-07-13T03:30:00Z,wind_speed,1.02
2026-07-13T04:30:00Z,wind_speed,1.15
2026-07-13T05:30:00Z,wind_speed,0.945
2026-07-13T06:30:00Z,wind_speed,1.11
2026-07-13T07:30:00Z,wind_speed,0.845
2026-07-13T08:30:00Z,wind_speed,0.9
2026-07-13T09:30:00Z,wind_speed,0.858
2026-07-13T10:30:00Z,wind_speed,0.898
2026-07-13T11:30:00Z,wind_speed,0.758
2026-07-13T12:30:00Z,wind_speed,0.615
2026-07-13T13:30:00Z,wind_speed,0.518
2026-07-13T14:30:00Z,wind_speed,0.598
2026-07-13T15:30:00Z,wind_speed,0.428
2026-07-13T16:30:00Z,wind_speed,0.453
2026-07-13T17:30:00Z,wind_speed,0.497
2026-07-13T18:30:00Z,wind_speed,0.495
2026-07-13T19:30:00Z,wind_speed,0.413
2026-07-13T20:30:00Z,wind_speed,0.595
2026-07-13T21:30:00Z,wind_speed,0.413
2026-07-13T22:30:00Z,wind_speed,0.305
2026-07-13T23:30:00Z,wind_speed,0.305
2026-07-14T00:30:00Z,wind_speed,0.403
2026-07-14T01:30:00Z,wind_speed,0.583
2026-07-14T02:30:00Z,wind_speed,0.998
2026-07-14T03:30:00Z,wind_speed,1.09
2026-07-14T04:30:00Z,wind_speed,0.805
2026-07-14T05:30:00Z,wind_speed,0.97
2026-07-14T06:30:00Z,wind_speed,0.928
2026-07-14T07:30:00Z,wind_speed,0.688
2026-07-14T08:30:00Z,wind_speed,0.63
2026-07-14T09:30:00Z,wind_speed,0.54
2026-07-14T10:30:00Z,wind_speed,0.52
2026-07-14T11:30:00Z,wind_speed,0.91
2026-07-14T12:30:00Z,wind_speed,0.75
2026-07-14T13:30:00Z,wind_speed,0.455
2026-07-14T14:30:00Z,wind_speed,0.333
2026-07-14T15:30:00Z,wind_speed,0.418
2026-07-14T16:30:00Z,wind_speed,0.773
2026-07-14T17:30:00Z,wind_speed,0.373
2026-07-14T18:30:00Z,wind_speed,0.135
2026-07-14T19:30:00Z,wind_speed,0.145
2026-07-14T20:30:00Z,wind_speed,0.18
2026-07-14T21:30:00Z,wind_speed,0.165
2026-07-14T22:30:00Z,wind_speed,0.12
2026-07-14T23:30:00Z,wind_speed,0.183
2026-07-15T00:30:00Z,wind_speed,0.113
2026-07-15T01:30:00Z,wind_speed,0.2
2026-07-15T02:30:00Z,wind_speed,0.35
2026-07-15T03:30:00Z,wind_speed,0.508
2026-07-15T04:30:00Z,wind_speed,0.925
2026-07-15T05:30:00Z,wind_speed,0.988
2026-07-15T06:30:00Z,wind_speed,0.823
2026-07-15T07:30:00Z,wind_speed,0.66
2026-07-15T08:30:00Z,wind_speed,0.74
2026-07-15T09:30:00Z,wind_speed,0.55
2026-07-15T10:30:00Z,wind_speed,0.943
2026-07-15T11:30:00Z,wind_speed,0.505
2026-07-15T12:30:00Z,wind_speed,0.683
2026-07-15T13:30:00Z,wind_speed,0.765
2026-07-15T14:30:00Z,wind_speed,0.22
2026-07-15T15:30:00Z,wind_speed,0.235
2026-07-15T16:30:00Z,wind_speed,0.2
2026-07-15T17:30:00Z,wind_speed,0.24
2026-07-15T19:30:00Z,wind_speed,0.14
2026-07-15T20:30:00Z,wind_speed,0.27
2026-07-15T21:30:00Z,wind_speed,0.165
2026-07-15T22:30:00Z,wind_speed,0.22
2026-07-15T23:30:00Z,wind_speed,0.235
2026-07-16T00:30:00Z,wind_speed,0.38
2026-07-16T01:30:00Z,wind_speed,0.5
2026-07-16T02:30:00Z,wind_speed,0.285
2026-07-16T03:30:00Z,wind_speed,0.245
2026-07-16T04:30:00Z,wind_speed,0.17
2026-07-16T05:30:00Z,wind_speed,0.18
2026-07-16T06:30:00Z,wind_speed,0.25
2026-07-16T07:30:00Z,wind_speed,0.3
2026-07-16T08:30:00Z,wind_speed,0.3
2026-07-16T09:30:00Z,wind_speed,0.553
2026-07-16T10:30:00Z,wind_speed,0.823
2026-07-16T11:30:00Z,wind_speed,0.56
2026-07-16T12:30:00Z,wind_speed,0.545
2026-07-16T13:30:00Z,wind_speed,0.54
2026-07-16T14:30:00Z,wind_speed,0.688
2026-07-16T15:30:00Z,wind_speed,0.88
2026-07-16T16:30:00Z,wind_speed,0.75
2026-07-16T17:30:00Z,wind_speed,0.787
2026-07-16T18:30:00Z,wind_speed,0.27
2026-07-16T19:30:00Z,wind_speed,0.178
2026-07-16T20:30:00Z,wind_speed,0.51
2026-07-16T21:30:00Z,wind_speed,0.228
2026-07-16T22:30:00Z,wind_speed,0.338
2026-07-16T23:30:00Z,wind_speed,0.515
2026-07-17T00:30:00Z,wind_speed,0.56
2026-07-17T01:30:00Z,wind_speed,0.335
2026-07-17T02:30:00Z,wind_speed,0.42
2026-07-17T03:30:00Z,wind_speed,0.668
2026-07-17T04:30:00Z,wind_speed,0.545
2026-07-17T05:30:00Z,wind_speed,0.385
2026-07-17T06:30:00Z,wind_speed,0.573
2026-07-17T07:30:00Z,wind_speed,0.655
2026-07-17T08:30:00Z,wind_speed,0.748
2026-07-17T09:30:00Z,wind_speed,0.783
2026-07-17T10:30:00Z,wind_speed,0.775
2026-07-17T11:30:00Z,wind_speed,0.713
2026-07-17T12:30:00Z,wind_speed,0.69
2026-07-17T13:30:00Z,wind_speed,0.64
2026-07-17T14:30:00Z,wind_speed,0.508
2026-07-17T15:30:00Z,wind_speed,0.46
2026-07-17T16:30:00Z,wind_speed,0.435
2026-07-17T17:30:00Z,wind_speed,0.353
2026-07-17T18:30:00Z,wind_speed,0.54
2026-07-17T19:30:00Z,wind_speed,0.488
2026-07-17T20:30:00Z,wind_speed,0.613
2026-07-17T21:30:00Z,wind_speed,0.665
2026-07-17T22:30:00Z,wind_speed,0.48
2026-07-17T23:30:00Z,wind_speed,0.498
2026-07-18T00:30:00Z,wind_speed,0.518
2026-07-18T01:30:00Z,wind_speed,0.59
2026-07-18T02:30:00Z,wind_speed,0.513
2026-07-18T03:30:00Z,wind_speed,0.645
2026-07-18T04:30:00Z,wind_speed,0.553
2026-07-18T05:30:00Z,wind_speed,0.615
2026-07-18T06:30:00Z,wind_speed,0.503
2026-07-18T07:30:00Z,wind_speed,0.6
2026-07-18T08:30:00Z,wind_speed,0.713
2026-07-18T09:30:00Z,wind_speed,0.703
2026-07-18T10:30:00Z,wind_speed,0.518
2026-07-18T11:30:00Z,wind_speed,0.525
2026-07-18T12:30:00Z,wind_speed,0.485
2026-07-18T13:30:00Z,wind_speed,0.38
2026-07-18T14:30:00Z,wind_speed,0.388
2026-07-18T15:30:00Z,wind_speed,0.393
2026-07-18T16:30:00Z,wind_speed,0.398
2026-07-18T17:30:00Z,wind_speed,0.327
2026-07-18T18:30:00Z,wind_speed,0.475
2026-07-18T19:30:00Z,wind_speed,0.65
2026-07-18T20:30:00Z,wind_speed,0.563
2026-07-18T21:30:00Z,wind_speed,0.658
2026-07-18T22:30:00Z,wind_speed,0.563
2026-07-18T23:30:00Z,wind_speed,0.503
2026-07-19T00:30:00Z,wind_speed,0.7
2026-07-19T01:30:00Z,wind_speed,0.763
2026-07-19T02:30:00Z,wind_speed,0.67
2026-07-19T03:30:00Z,wind_speed,0.815
2026-07-19T04:30:00Z,wind_speed,0.603
2026-07-19T05:30:00Z,wind_speed,0.465
2026-07-19T06:30:00Z,wind_speed,0.268
2026-07-19T07:30:00Z,wind_speed,0.355
2026-07-19T08:30:00Z,wind_speed,0.385
2026-07-19T09:30:00Z,wind_speed,0.36
2026-07-19T10:30:00Z,wind_speed,0.273
2026-07-19T11:30:00Z,wind_speed,0.273
2026-07-19T12:30:00Z,wind_speed,0.16
2026-07-19T13:30:00Z,wind_speed,0.338
2026-07-19T14:30:00Z,wind_speed,0.203
2026-07-19T15:30:00Z,wind_speed,0.343
2026-07-19T16:30:00Z,wind_speed,0.143
2026-07-19T17:30:00Z,wind_speed,0.107
2026-07-19T18:30:00Z,wind_speed,0.15
2026-07-19T19:30:00Z,wind_speed,0.168
2026-07-19T20:30:00Z,wind_speed,0.135
2026-07-19T21:30:00Z,wind_speed,0.143
2026-07-19T22:30:00Z,wind_speed,0.27
2026-07-19T23:30:00Z,wind_speed,0.428
2026-07-20T00:30:00Z,wind_speed,0.463
2026-07-20T01:30:00Z,wind_speed,0.505
2026-07-20T02:30:00Z,wind_speed,0.873
2026-07-20T03:30:00Z,wind_speed,0.808
2026-07-20T04:30:00Z,wind_speed,0.785
2026-07-20T05:30:00Z,wind_speed,0.843
2026-07-20T06:30:00Z,wind_speed,0.928
2026-07-20T07:30:00Z,wind_speed,0.913
2026-07-20T08:30:00Z,wind_speed,0.733
2026-07-20T09:30:00Z,wind_speed,0.585
2026-07-20T10:30:00Z,wind_speed,0.505
2026-07-20T11:30:00Z,wind_speed,0.29
2026-07-20T12:30:00Z,wind_speed,0.238
2026-07-20T13:30:00Z,wind_speed,0.213
2026-07-20T14:30:00Z,wind_speed,0.228
2026-07-20T15:30:00Z,wind_speed,0.263
2026-07-20T16:30:00Z,wind_speed,0.435
2026-07-20T17:30:00Z,wind_speed,0.39
2026-07-20T19:30:00Z,wind_speed,0.485
2026-07-20T20:30:00Z,wind_speed,0.473
2026-07-20T21:30:00Z,wind_speed,0.47
2026-07-20T22:30:00Z,wind_speed,0.438
2026-07-20T23:30:00Z,wind_speed,0.425
2026-07-21T00:30:00Z,wind_speed,0.405
2026-07-21T01:30:00Z,wind_speed,0.438
2026-07-21T02:30:00Z,wind_speed,0.428
2026-07-21T03:30:00Z,wind_speed,0.593
2026-07-21T04:30:00Z,wind_speed,0.583
2026-07-21T05:30:00Z,wind_speed,0.64
2026-07-21T06:30:00Z,wind_speed,0.625
2026-07-21T07:30:00Z,wind_speed,0.615
2026-07-21T08:30:00Z,wind_speed,0.875
2026-07-21T09:30:00Z,wind_speed,0.675
2026-07-21T10:30:00Z,wind_speed,0.638
2026-07-21T11:30:00Z,wind_speed,0.505
2026-07-21T12:30:00Z,wind_speed,0.575
2026-07-21T13:30:00Z,wind_speed,0.66
2026-07-21T14:30:00Z,wind_speed,0.46
2026-07-21T15:30:00Z,wind_speed,0.658
2026-07-21T16:30:00Z,wind_speed,0.71
2026-07-21T17:30:00Z,wind_speed,0.667
2026-07-21T21:30:00Z,wind_speed,0.43
2026-07-21T22:30:00Z,wind_speed,0.765
2026-07-21T23:30:00Z,wind_speed,0.695
2026-07-22T00:30:00Z,wind_speed,0.74
2026-07-22T01:30:00Z,wind_speed,0.585
2026-07-22T02:30:00Z,wind_speed,0.67
2026-07-22T03:30:00Z,wind_speed,0.845
2026-07-22T04:30:00Z,wind_speed,0.74
2026-07-22T05:30:00Z,wind_speed,0.615
2026-07-22T06:30:00Z,wind_speed,0.753
2026-07-22T07:30:00Z,wind_speed,0.69
2026-07-24T08:30:00Z,wind_speed,0.795
2026-07-24T09:30:00Z,wind_speed,0.767
2026-07-24T10:30:00Z,wind_speed,0.755
2026-07-24T11:30:00Z,wind_speed,0.45
2026-07-24T12:30:00Z,wind_speed,0.26
2026-07-24T13:30:00Z,wind_speed,0.15
2026-07-24T14:30:00Z,wind_speed,0.138
2026-07-24T15:30:00Z,wind_speed,0.153
2026-07-24T16:30:00Z,wind_speed,0.268
2026-07-24T17:30:00Z,wind_speed,0.235
2026-07-24T18:30:00Z,wind_speed,0.255
2026-07-24T19:30:00Z,wind_speed,0.233
2026-07-24T20:30:00Z,wind_speed,0.16
2026-07-24T21:30:00Z,wind_speed,0.295
2026-07-24T22:30:00Z,wind_speed,0.288
2026-07-24T23:30:00Z,wind_speed,0.145
2026-07-25T00:30:00Z,wind_speed,0.253
2026-07-25T01:30:00Z,wind_speed,0.467
2026-07-25T02:30:00Z,wind_speed,0.623
2026-07-25T03:30:00Z,wind_speed,0.85
2026-07-25T04:30:00Z,wind_speed,1.01
2026-07-25T05:30:00Z,wind_speed,0.868
2026-07-25T06:30:00Z,wind_speed,0.875
2026-07-25T07:30:00Z,wind_speed,0.76
2026-07-25T08:30:00Z,wind_speed,0.748
2026-07-25T09:30:00Z,wind_speed,0.777
2026-07-25T10:30:00Z,wind_speed,0.623
2026-07-25T11:30:00Z,wind_speed,0.467
2026-07-25T12:30:00Z,wind_speed,0.395
2026-07-25T13:30:00Z,wind_speed,0.283
2026-07-25T14:30:00Z,wind_speed,0.54
2026-07-25T15:30:00Z,wind_speed,0.465
2026-07-25T16:30:00Z,wind_speed,0.42
2026-07-25T17:30:00Z,wind_speed,0.35
2026-07-25T18:30:00Z,wind_speed,0.41
2026-07-25T19:30:00Z,wind_speed,0.21
2026-07-25T20:30:00Z,wind_speed,0.4
2026-07-25T21:30:00Z,wind_speed,0.5
2026-07-25T22:30:00Z,wind_speed,0.55
2026-07-25T23:30:00Z,wind_speed,0.613
2026-07-26T00:30:00Z,wind_speed,0.715
2026-07-26T01:30:00Z,wind_speed,0.697
2026-07-26T02:30:00Z,wind_speed,0.5
2026-07-26T03:30:00Z,wind_speed,0.41
2026-07-26T04:30:00Z,wind_speed,0.358
2026-07-26T05:30:00Z,wind_speed,0.363
2026-07-26T06:30:00Z,wind_speed,0.493
2026-07-26T07:30:00Z,wind_speed,0.498
2026-07-26T08:30:00Z,wind_speed,0.588
2026-07-26T09:30:00Z,wind_speed,0.713
2026-07-26T10:30:00Z,wind_speed,0.848
2026-07-26T11:30:00Z,wind_speed,0.538
2026-07-26T12:30:00Z,wind_speed,0.23
2026-07-26T13:30:00Z,wind_speed,0.228
2026-07-26T14:30:00Z,wind_speed,0.348
2026-07-26T15:30:00Z,wind_speed,0.423
2026-07-26T16:30:00Z,wind_speed,0.488
2026-07-26T17:30:00Z,wind_speed,0.563
2026-07-26T18:30:00Z,wind_speed,0.475
2026-07-26T19:30:00Z,wind_speed,0.54
2026-07-26T20:30:00Z,wind_speed,0.653
2026-07-26T21:30:00Z,wind_speed,0.678
2026-07-26T22:30:00Z,wind_speed,0.46
2026-07-26T23:30:00Z,wind_speed,0.408
2026-07-27T00:30:00Z,wind_speed,0.338
2026-07-27T01:30:00Z,wind_speed,0.785
2026-07-27T02:30:00Z,wind_speed,0.658
2026-07-27T03:30:00Z,wind_speed,0.407
2026-07-27T04:30:00Z,wind_speed,0.505
2026-07-27T05:30:00Z,wind_speed,0.655
2026-07-27T06:30:00Z,wind_speed,0.713
2026-07-27T07:30:00Z,wind_speed,0.51
2026-07-27T08:30:00Z,wind_speed,0.375
2026-07-27T09:30:00Z,wind_speed,0.438
2026-07-27T10:30:00Z,wind_speed,0.95
2026-07-27T11:30:00Z,wind_speed,0.23
2026-07-27T12:30:00Z,wind_speed,0.238
2026-07-27T13:30:00Z,wind_speed,0.15
2026-07-27T14:30:00Z,wind_speed,0.143
2026-07-27T15:30:00Z,wind_speed,0.398
2026-07-27T16:30:00Z,wind_speed,0.498
2026-07-27T17:30:00Z,wind_speed,0.06
2026-07-27T18:30:00Z,wind_speed,0.125
2026-07-27T19:30:00Z,wind_speed,0.09
2026-07-27T20:30:00Z,wind_speed,0.145
2026-07-27T21:30:00Z,wind_speed,0.23
2026-07-27T22:30:00Z,wind_speed,0.223
2026-07-27T23:30:00Z,wind_speed,0.34
2026-07-28T00:30:00Z,wind_speed,1.1
2026-07-28T01:30:00Z,wind_speed,0.32
2026-07-28T02:30:00Z,wind_speed,0.653
2026-07-28T03:30:00Z,wind_speed,0.567
2026-07-28T04:30:00Z,wind_speed,0.393
2026-07-28T05:30:00Z,wind_speed,0.175
2026-07-28T06:30:00Z,wind_speed,0.238
2026-07-28T07:30:00Z,wind_speed,0.393
2026-07-28T08:30:00Z,wind_speed,0.268
2026-07-28T09:30:00Z,wind_speed,0.55
2026-07-28T10:30:00Z,wind_speed,0.75
2026-07-28T11:30:00Z,wind_speed,0.903
2026-07-28T12:30:00Z,wind_speed,0.898
2026-07-28T13:30:00Z,wind_speed,0.993
2026-07-28T14:30:00Z,wind_speed,0.768
2026-07-28T15:30:00Z,wind_speed,0.703
2026-07-28T16:30:00Z,wind_speed,0.83
2026-07-28T17:30:00Z,wind_speed,0.98
2026-07-28T18:30:00Z,wind_speed,0.895
2026-07-28T19:30:00Z,wind_speed,0.71
2026-07-28T20:30:00Z,wind_speed,0.778
2026-07-28T21:30:00Z,wind_speed,0.7
2026-07-28T22:30:00Z,wind_speed,0.568
2026-07-28T23:30:00Z,wind_speed,0.773
2026-07-29T00:30:00Z,wind_speed,0.863
2026-07-29T01:30:00Z,wind_speed,0.905
2026-07-29T02:30:00Z,wind_speed,0.713
2026-07-29T03:30:00Z,wind_speed,0.667
2026-07-29T04:30:00Z,wind_speed,0.703
2026-07-29T05:30:00Z,wind_speed,0.67
2026-07-29T06:30:00Z,wind_speed,0.755
2026-07-29T07:30:00Z,wind_speed,0.64
2026-07-29T08:30:00Z,wind_speed,1.55
2026-07-29T09:30:00Z,wind_speed,1.13
2026-07-29T10:30:00Z,wind_speed,1.08
2026-07-29T11:30:00Z,wind_speed,1.18
2026-07-29T12:30:00Z,wind_speed,0.795
2026-07-29T13:30:00Z,wind_speed,0.643
2026-07-29T14:30:00Z,wind_speed,1.17
2026-07-29T15:30:00Z,wind_speed,1.76
2026-07-29T16:30:00Z,wind_speed,1.57
2026-07-29T17:30:00Z,wind_speed,1.71
2026-07-29T18:30:00Z,wind_speed,1.53
2026-07-29T19:30:00Z,wind_speed,1.8
2026-07-29T20:30:00Z,wind_speed,1.46
2026-07-29T21:30:00Z,wind_speed,0.788
2026-07-29T22:30:00Z,wind_speed,0.745
2026-07-29T23:30:00Z,wind_speed,0.91
2026-07-30T01:30:00Z,wind_speed,0.56
2026-07-30T02:30:00Z,wind_speed,0.798
2026-07-30T03:30:00Z,wind_speed,0.335
2026-07-30T04:30:00Z,wind_speed,0.255
2026-07-30T05:30:00Z,wind_speed,0.32
2026-07-30T06:30:00Z,wind_speed,0.268
2026-07-30T07:30:00Z,wind_speed,0.327
2026-07-30T08:30:00Z,wind_speed,0.43
2026-07-30T09:30:00Z,wind_speed,0.383
2026-07-30T10:30:00Z,wind_speed,0.515
2026-07-30T11:30:00Z,wind_speed,0.263
2026-07-30T12:30:00Z,wind_speed,0.163
2026-07-30T13:30:00Z,wind_speed,0.245
2026-07-30T14:30:00Z,wind_speed,0.35
2026-07-30T15:30:00Z,wind_speed,0.317
2026-07-30T16:30:00Z,wind_speed,0.308
2026-07-30T17:30:00Z,wind_speed,0.0433
2026-07-30T18:30:00Z,wind_speed,0.115
2026-07-30T19:30:00Z,wind_speed,0.155
2026-07-30T20:30:00Z,wind_speed,0.3
2026-07-30T21:30:00Z,wind_speed,0.303
2026-07-30T22:30:00Z,wind_speed,0.225
2026-07-30T23:30:00Z,wind_speed,0.193
2026-07-31T00:30:00Z,wind_speed,0.228
2026-07-31T01:30:00Z,wind_speed,0.178
2026-07-31T02:30:00Z,wind_speed,0.283
2026-07-31T03:30:00Z,wind_speed,0.405
2026-07-31T04:30:00Z,wind_speed,0.365
2026-07-31T05:30:00Z,wind_speed,0.38
2026-07-31T06:30:00Z,wind_speed,0.555
2026-07-31T07:30:00Z,wind_speed,0.595
2026-07-31T08:30:00Z,wind_speed,0.553
2026-07-31T09:30:00Z,wind_speed,0.443
2026-07-31T10:30:00Z,wind_speed,0.165
2026-07-31T11:30:00Z,wind_speed,0.22
2026-07-31T12:30:00Z,wind_speed,0.185
2026-07-31T13:30:00Z,wind_speed,0.17
2026-07-31T14:30:00Z,wind_speed,0.155
2026-07-31T15:30:00Z,wind_speed,0.115
2026-07-31T16:30:00Z,wind_speed,0.095
2026-07-31T17:30:00Z,wind_speed,0.07
2026-07-31T18:30:00Z,wind_speed,0.13
2026-07-31T19:30:00Z,wind_speed,0.103
2026-07-31T20:30:00Z,wind_speed,0.115
2026-07-31T21:30:00Z,wind_speed,0.0775
2026-07-31T22:30:00Z,wind_speed,0.11
2026-07-31T23:30:00Z,wind_speed,0.0875
2026-08-01T00:30:00Z,wind_speed,0.12
2026-08-01T01:30:00Z,wind_speed,0.373
2026-08-01T02:30:00Z,wind_speed,0.54
2026-08-01T03:30:00Z,wind_speed,0.568
2026-08-01T04:30:00Z,wind_speed,0.463
2026-08-01T05:30:00Z,wind_speed,0.29
2026-08-01T06:30:00Z,wind_speed,0.45
2026-08-01T07:30:00Z,wind_speed,0.61
2026-08-01T08:30:00Z,wind_speed,0.493
2026-08-01T09:30:00Z,wind_speed,0.62
2026-08-01T10:30:00Z,wind_speed,0.428
2026-08-01T11:30:00Z,wind_speed,0.515
2026-08-01T12:30:00Z,wind_speed,0.385
2026-08-01T13:30:00Z,wind_speed,0.218
2026-08-01T14:30:00Z,wind_speed,0.13
2026-08-01T15:30:00Z,wind_speed,0.15
2026-08-01T16:30:00Z,wind_speed,0.125
2026-08-01T17:30:00Z,wind_speed,0.17
2026-08-01T18:30:00Z,wind_speed,0.185
2026-08-01T19:30:00Z,wind_speed,0.135
2026-08-01T20:30:00Z,wind_speed,0.143
2026-08-01T21:30:00Z,wind_speed,0.115
2026-08-01T22:30:00Z,wind_speed,0.175
2026-08-01T23:30:00Z,wind_speed,0.228
2026-08-02T00:30:00Z,wind_speed,0.395
2026-08-02T01:30:00Z,wind_speed,0.617
2026-08-02T02:30:00Z,wind_speed,0.68
2026-08-02T03:30:00Z,wind_speed,0.67
2026-08-02T04:30:00Z,wind_speed,0.783
2026-08-02T05:30:00Z,wind_speed,0.66
2026-08-02T06:30:00Z,wind_speed,0.465
2026-08-02T07:30:00Z,wind_speed,0.548
2026-08-02T08:30:00Z,wind_speed,0.528
2026-08-02T09:30:00Z,wind_speed,0.557
2026-08-02T10:30:00Z,wind_speed,0.603
2026-08-02T11:30:00Z,wind_speed,0.587
2026-08-02T12:30:00Z,wind_speed,0.47
2026-08-02T13:30:00Z,wind_speed,0.3
2026-08-02T14:30:00Z,wind_speed,0.303
2026-08-02T15:30:00Z,wind_speed,0.3
2026-08-02T16:30:00Z,wind_speed,0.383
2026-08-02T17:30:00Z,wind_speed,0.17
2026-08-02T18:30:00Z,wind_speed,0.16
2026-08-02T19:30:00Z,wind_speed,0.253
2026-08-02T20:30:00Z,wind_speed,0.317
2026-08-02T21:30:00Z,wind_speed,0.215
2026-08-02T22:30:00Z,wind_speed,0.223
2026-08-02T23:30:00Z,wind_speed,0.208
2026-08-03T00:30:00Z,wind_speed,0.228
2026-08-03T01:30:00Z,wind_speed,0.317
2026-08-03T02:30:00Z,wind_speed,0.42
2026-08-03T03:30:00Z,wind_speed,0.485
2026-08-03T04:30:00Z,wind_speed,0.485
2026-08-03T05:30:00Z,wind_speed,0.583
2026-08-03T06:30:00Z,wind_speed,0.555
2026-08-03T07:30:00Z,wind_speed,0.598
2026-08-03T08:30:00Z,wind_speed,0.343
2026-08-03T09:30:00Z,wind_speed,0.375
2026-08-03T10:30:00Z,wind_speed,0.368
2026-08-03T11:30:00Z,wind_speed,0.258
2026-08-03T12:30:00Z,wind_speed,0.888
2026-08-03T13:30:00Z,wind_speed,0.205
2026-08-03T14:30:00Z,wind_speed,0.168
2026-08-03T15:30:00Z,wind_speed,0.15
2026-08-03T16:30:00Z,wind_speed,0.123
2026-08-03T17:30:00Z,wind_speed,0.17
2026-08-03T18:30:00Z,wind_speed,0.13
2026-08-03T19:30:00Z,wind_speed,0.157
2026-08-03T20:30:00Z,wind_speed,0.148
2026-08-03T21:30:00Z,wind_speed,0.143
2026-08-03T22:30:00Z,wind_speed,0.153
2026-08-03T23:30:00Z,wind_speed,0.14
2026-08-04T00:30:00Z,wind_speed,0.188
2026-08-04T01:30:00Z,wind_speed,0.317
2026-08-04T02:30:00Z,wind_speed,0.308
2026-08-04T03:30:00Z,wind_speed,0.34
2026-08-04T04:30:00Z,wind_speed,0.363
2026-08-04T05:30:00Z,wind_speed,0.515
2026-08-04T06:30:00Z,wind_speed,0.47
2026-08-04T13:30:00Z,wind_speed,0.15
2026-08-04T14:30:00Z,wind_speed,0.11
2026-08-04T15:30:00Z,wind_speed,0.135
2026-08-04T16:30:00Z,wind_speed,0.26
2026-08-04T17:30:00Z,wind_speed,0.257
2026-08-04T18:30:00Z,wind_speed,0.56
2026-08-04T19:30:00Z,wind_speed,0.483
2026-08-04T20:30:00Z,wind_speed,0.563
2026-08-04T21:30:00Z,wind_speed,0.42
2026-08-04T22:30:00Z,wind_speed,0.133
2026-08-04T23:30:00Z,wind_speed,0.138
2026-08-05T00:30:00Z,wind_speed,0.09
2026-08-05T01:30:00Z,wind_speed,0.11
2026-08-05T02:30:00Z,wind_speed,0.31
2026-08-05T03:30:00Z,wind_speed,0.49
2026-08-05T04:30:00Z,wind_speed,0.743
2026-08-05T05:30:00Z,wind_speed,0.89
2026-08-05T06:30:00Z,wind_speed,0.798
2026-08-05T07:30:00Z,wind_speed,0.85
2026-08-05T08:30:00Z,wind_speed,0.748
2026-08-05T09:30:00Z,wind_speed,0.67
2026-08-05T10:30:00Z,wind_speed,0.748
2026-08-05T11:30:00Z,wind_speed,0.463
2026-08-05T12:30:00Z,wind_speed,0.37
2026-08-05T13:30:00Z,wind_speed,0.1
2026-08-05T14:30:00Z,wind_speed,0.148
2026-08-05T15:30:00Z,wind_speed,0.115
2026-08-05T16:30:00Z,wind_speed,0.12
2026-08-05T17:30:00Z,wind_speed,0.12
2026-08-05T18:30:00Z,wind_speed,0.08
2026-08-05T20:30:00Z,wind_speed,0.145
2026-08-05T21:30:00Z,wind_speed,0.16
2026-08-05T22:30:00Z,wind_speed,0.3
2026-08-05T23:30:00Z,wind_speed,0.26
2026-08-06T00:30:00Z,wind_speed,0.36
2026-08-06T01:30:00Z,wind_speed,0.56
2026-08-06T02:30:00Z,wind_speed,0.688
2026-08-06T03:30:00Z,wind_speed,0.79
2026-08-06T04:30:00Z,wind_speed,0.885
2026-08-06T05:30:00Z,wind_speed,0.87
2026-08-06T06:30:00Z,wind_speed,0.765
2026-08-06T07:30:00Z,wind_speed,0.588
2026-08-06T08:30:00Z,wind_speed,0.575
2026-08-06T09:30:00Z,wind_speed,0.393
2026-08-06T10:30:00Z,wind_speed,0.318
2026-08-06T11:30:00Z,wind_speed,0.288
2026-08-06T12:30:00Z,wind_speed,0.4
2026-08-06T13:30:00Z,wind_speed,0.165
2026-08-06T14:30:00Z,wind_speed,0.25
2026-08-06T15:30:00Z,wind_speed,0.16
2026-08-06T16:30:00Z,wind_speed,0.145
2026-08-06T17:30:00Z,wind_speed,0.16
2026-08-06T19:30:00Z,wind_speed,0.105
2026-08-06T20:30:00Z,wind_speed,0.13
2026-08-06T21:30:00Z,wind_speed,0.117
2026-08-06T22:30:00Z,wind_speed,0.338
2026-08-06T23:30:00Z,wind_speed,0.35
2026-08-07T01:30:00Z,wind_speed,0.455
2026-08-07T02:30:00Z,wind_speed,0.26
2026-08-07T03:30:00Z,wind_speed,0.54
2026-08-07T04:30:00Z,wind_speed,0.593
2026-08-07T05:30:00Z,wind_speed,0.695
2026-08-07T06:30:00Z,wind_speed,0.523
2026-08-07T07:30:00Z,wind_speed,0.3
2026-08-07T08:30:00Z,wind_speed,0.357
2026-08-07T09:30:00Z,wind_speed,0.145
2026-08-07T10:30:00Z,wind_speed,0.223
2026-08-07T11:30:00Z,wind_speed,0.183
2026-08-07T12:30:00Z,wind_speed,0.38
2026-08-07T13:30:00Z,wind_speed,0.175
2026-08-07T14:30:00Z,wind_speed,0.348
2026-08-07T15:30:00Z,wind_speed,0.343
2026-08-07T16:30:00Z,wind_speed,0.408
2026-08-07T17:30:00Z,wind_speed,0.423
2026-08-07T18:30:00Z,wind_speed,0.285
2026-08-07T19:30:00Z,wind_speed,0.22
2026-08-07T20:30:00Z,wind_speed,0.375
2026-08-07T21:30:00Z,wind_speed,0.453
2026-08-07T22:30:00Z,wind_speed,0.295
2026-08-07T23:30:00Z,wind_speed,0.288
2026-08-08T00:30:00Z,wind_speed,0.45
2026-08-08T01:30:00Z,wind_speed,0.49
2026-08-08T02:30:00Z,wind_speed,0.608
2026-08-08T03:30:00Z,wind_speed,0.653
2026-08-08T04:30:00Z,wind_speed,0.578
2026-08-08T05:30:00Z,wind_speed,0.557
2026-08-08T06:30:00Z,wind_speed,0.67
2026-08-08T07:30:00Z,wind_speed,0.55
2026-08-08T08:30:00Z,wind_speed,0.49
2026-08-08T09:30:00Z,wind_speed,0.478
2026-08-08T10:30:00Z,wind_speed,0.473
2026-08-08T11:30:00Z,wind_speed,0.465
2026-08-08T12:30:00Z,wind_speed,0.9
2026-08-08T13:30:00Z,wind_speed,0.493
2026-08-08T14:30:00Z,wind_speed,0.25
2026-08-08T15:30:00Z,wind_speed,0.358
2026-08-08T16:30:00Z,wind_speed,0.4
2026-08-08T17:30:00Z,wind_speed,0.58
2026-08-08T19:30:00Z,wind_speed,0.415
2026-08-08T20:30:00Z,wind_speed,0.508
2026-08-08T21:30:00Z,wind_speed,0.617
2026-08-08T22:30:00Z,wind_speed,0.413
2026-08-08T23:30:00Z,wind_speed,0.543
2026-08-09T00:30:00Z,wind_speed,0.448
2026-08-09T01:30:00Z,wind_speed,0.65
2026-08-09T02:30:00Z,wind_speed,0.495
2026-08-09T03:30:00Z,wind_speed,0.78
2026-08-09T04:30:00Z,wind_speed,0.715
2026-08-09T05:30:00Z,wind_speed,0.74
2026-08-09T06:30:00Z,wind_speed,0.765
2026-08-09T07:30:00Z,wind_speed,0.815
2026-08-09T08:30:00Z,wind_speed,0.795
2026-08-09T09:30:00Z,wind_speed,1.04
2026-08-09T10:30:00Z,wind_speed,0.897
2026-08-09T11:30:00Z,wind_speed,0.795
2026-08-09T12:30:00Z,wind_speed,0.67
2026-08-09T13:30:00Z,wind_speed,0.705
2026-08-09T14:30:00Z,wind_speed,0.385
2026-08-09T15:30:00Z,wind_speed,0.425
2026-08-09T16:30:00Z,wind_speed,0.455
2026-08-09T17:30:00Z,wind_speed,0.403
2026-08-09T18:30:00Z,wind_speed,0.545
2026-08-09T19:30:00Z,wind_speed,0.393
2026-08-09T20:30:00Z,wind_speed,0.468
2026-08-09T21:30:00Z,wind_speed,0.41
2026-08-09T22:30:00Z,wind_speed,0.36
2026-08-09T23:30:00Z,wind_speed,0.308
2026-08-10T00:30:00Z,wind_speed,0.365
2026-08-10T01:30:00Z,wind_speed,0.58
2026-08-10T02:30:00Z,wind_speed,0.673
2026-08-10T03:30:00Z,wind_speed,0.81
2026-08-10T04:30:00Z,wind_speed,0.82
2026-08-10T05:30:00Z,wind_speed,0.775
2026-08-10T06:30:00Z,wind_speed,0.77
2026-08-10T07:30:00Z,wind_speed,0.63
2026-08-10T08:30:00Z,wind_speed,0.728
2026-08-10T09:30:00Z,wind_speed,0.727
2026-08-10T10:30:00Z,wind_speed,0.543
2026-08-10T11:30:00Z,wind_speed,0.203
2026-08-10T12:30:00Z,wind_speed,0.235
2026-08-10T13:30:00Z,wind_speed,0.757
2026-08-10T14:30:00Z,wind_speed,0.608
2026-08-10T15:30:00Z,wind_speed,0.353
2026-08-10T16:30:00Z,wind_speed,0.333
2026-08-10T17:30:00Z,wind_speed,0.31
2026-08-10T18:30:00Z,wind_speed,0.5
2026-08-10T19:30:00Z,wind_speed,0.45
2026-08-10T20:30:00Z,wind_speed,0.298
2026-08-10T21:30:00Z,wind_speed,0.245
2026-08-10T22:30:00Z,wind_speed,0.355
2026-08-10T23:30:00Z,wind_speed,0.36
2026-08-11T00:30:00Z,wind_speed,0.34
2026-08-11T01:30:00Z,wind_speed,0.565
2026-08-11T02:30:00Z,wind_speed,0.643
2026-08-11T03:30:00Z,wind_speed,0.69
2026-08-11T04:30:00Z,wind_speed,0.727
2026-08-11T05:30:00Z,wind_speed,0.687
2026-08-11T06:30:00Z,wind_speed,0.748
2026-08-11T07:30:00Z,wind_speed,0.635
2026-08-11T08:30:00Z,wind_speed,0.563
2026-08-11T09:30:00Z,wind_speed,0.605
2026-08-11T10:30:00Z,wind_speed,0.623
2026-08-11T11:30:00Z,wind_speed,0.43
2026-08-11T12:30:00Z,wind_speed,0.158
2026-08-11T13:30:00Z,wind_speed,0.21
2026-08-11T14:30:00Z,wind_speed,0.158
2026-08-11T15:30:00Z,wind_speed,0.158
2026-08-11T16:30:00Z,wind_speed,0.213
2026-08-11T17:30:00Z,wind_speed,1.11
2026-08-11T19:30:00Z,wind_speed,0.38
2026-08-11T20:30:00Z,wind_speed,0.258
2026-08-11T21:30:00Z,wind_speed,0.173
2026-08-11T22:30:00Z,wind_speed,0.133
2026-08-11T23:30:00Z,wind_speed,0.117
2026-08-12T00:30:00Z,wind_speed,0.285
2026-08-12T01:30:00Z,wind_speed,0.373
2026-08-12T02:30:00Z,wind_speed,0.43
2026-08-12T03:30:00Z,wind_speed,0.785
2026-08-12T04:30:00Z,wind_speed,0.888
2026-08-12T05:30:00Z,wind_speed,0.745
2026-08-12T06:30:00Z,wind_speed,0.735
2026-08-12T07:30:00Z,wind_speed,0.5
2026-08-12T08:30:00Z,wind_speed,0.59
2026-08-12T09:30:00Z,wind_speed,0.713
2026-08-12T10:30:00Z,wind_speed,0.663
2026-08-12T11:30:00Z,wind_speed,0.58
2026-08-12T12:30:00Z,wind_speed,0.48
2026-08-12T13:30:00Z,wind_speed,0.325
2026-08-12T14:30:00Z,wind_speed,0.205
2026-08-12T15:30:00Z,wind_speed,0.618
2026-08-12T16:30:00Z,wind_speed,0.518
2026-08-12T17:30:00Z,wind_speed,0.525
2026-08-12T18:30:00Z,wind_speed,0.53
2026-08-12T19:30:00Z,wind_speed,0.527
2026-08-12T20:30:00Z,wind_speed,0.553
2026-08-12T21:30:00Z,wind_speed,0.69
2026-08-12T23:30:00Z,wind_speed,0.335
2026-08-13T00:30:00Z,wind_speed,0.535
2026-08-13T02:30:00Z,wind_speed,0.65
2026-08-13T03:30:00Z,wind_speed,0.665
2026-08-13T04:30:00Z,wind_speed,0.573
2026-08-13T05:30:00Z,wind_speed,0.77
2026-08-13T06:30:00Z,wind_speed,0.78
2026-08-13T07:30:00Z,wind_speed,0.39
2026-08-14T05:30:00Z,wind_speed,0.685
2026-08-14T06:30:00Z,wind_speed,0.553
2026-08-14T07:30:00Z,wind_speed,0.657
2026-08-14T08:30:00Z,wind_speed,0.775
2026-08-14T09:30:00Z,wind_speed,0.735
2026-08-14T10:30:00Z,wind_speed,0.688
2026-08-14T11:30:00Z,wind_speed,0.645
2026-08-14T12:30:00Z,wind_speed,0.553
2026-08-14T13:30:00Z,wind_speed,0.5
2026-08-14T14:30:00Z,wind_speed,0.548
2026-08-14T15:30:00Z,wind_speed,0.415
2026-08-14T16:30:00Z,wind_speed,0.578
2026-08-14T17:30:00Z,wind_speed,0.58
2026-08-14T18:30:00Z,wind_speed,0.45
2026-08-14T19:30:00Z,wind_speed,0.525
2026-08-14T20:30:00Z,wind_speed,0.5
2026-08-14T22:30:00Z,wind_speed,0.745
2026-08-14T23:30:00Z,wind_speed,0.693
2026-08-15T00:30:00Z,wind_speed,0.613
2026-08-15T01:30:00Z,wind_speed,0.863
2026-08-15T02:30:00Z,wind_speed,0.928
2026-08-15T03:30:00Z,wind_speed,1.06
2026-08-15T04:30:00Z,wind_speed,1.08
2026-08-15T05:30:00Z,wind_speed,1.01
2026-08-15T06:30:00Z,wind_speed,0.878
2026-08-15T07:30:00Z,wind_speed,0.908
2026-08-15T08:30:00Z,wind_speed,0.873
2026-06-30T23:30:00Z,wind_direction,243.0
2026-07-01T00:30:00Z,wind_direction,244.0
2026-07-01T01:30:00Z,wind_direction,242.0
2026-07-01T02:30:00Z,wind_direction,244.0
2026-07-01T03:30:00Z,wind_direction,245.0
2026-07-01T04:30:00Z,wind_direction,280.0
2026-07-01T05:30:00Z,wind_direction,280.0
2026-07-01T06:30:00Z,wind_direction,285.0
2026-07-01T07:30:00Z,wind_direction,288.0
2026-07-01T08:30:00Z,wind_direction,296.0
2026-07-01T09:30:00Z,wind_direction,286.0
2026-07-01T10:30:00Z,wind_direction,274.0
2026-07-01T11:30:00Z,wind_direction,259.0
2026-07-01T12:30:00Z,wind_direction,254.0
2026-07-01T13:30:00Z,wind_direction,239.0
2026-07-01T14:30:00Z,wind_direction,242.0
2026-07-01T15:30:00Z,wind_direction,242.0
2026-07-01T16:30:00Z,wind_direction,237.0
2026-07-01T17:30:00Z,wind_direction,236.0
2026-07-01T18:30:00Z,wind_direction,233.0
2026-07-01T19:30:00Z,wind_direction,242.0
2026-07-01T20:30:00Z,wind_direction,242.0
2026-07-01T21:30:00Z,wind_direction,248.0
2026-07-01T22:30:00Z,wind_direction,246.0
2026-07-01T23:30:00Z,wind_direction,247.0
2026-07-02T00:30:00Z,wind_direction,244.0
2026-07-02T01:30:00Z,wind_direction,257.0
2026-07-02T02:30:00Z,wind_direction,271.0
2026-07-02T03:30:00Z,wind_direction,281.0
2026-07-02T04:30:00Z,wind_direction,262.0
2026-07-02T05:30:00Z,wind_direction,252.0
2026-07-02T06:30:00Z,wind_direction,261.0
2026-07-02T07:30:00Z,wind_direction,259.0
2026-07-02T08:30:00Z,wind_direction,268.0
2026-07-02T09:30:00Z,wind_direction,274.0
2026-07-02T10:30:00Z,wind_direction,99.3
2026-07-02T11:30:00Z,wind_direction,173.0
2026-07-02T12:30:00Z,wind_direction,191.0
2026-07-02T13:30:00Z,wind_direction,192.0
2026-07-02T14:30:00Z,wind_direction,220.0
2026-07-02T15:30:00Z,wind_direction,221.0
2026-07-02T16:30:00Z,wind_direction,238.0
2026-07-02T17:30:00Z,wind_direction,239.0
2026-07-02T18:30:00Z,wind_direction,240.0
2026-07-02T19:30:00Z,wind_direction,234.0
2026-07-02T20:30:00Z,wind_direction,236.0
2026-07-02T21:30:00Z,wind_direction,236.0
2026-07-02T22:30:00Z,wind_direction,238.0
2026-07-02T23:30:00Z,wind_direction,244.0
2026-07-03T00:30:00Z,wind_direction,245.0
2026-07-03T01:30:00Z,wind_direction,248.0
2026-07-03T02:30:00Z,wind_direction,249.0
2026-07-03T03:30:00Z,wind_direction,253.0
2026-07-03T04:30:00Z,wind_direction,257.0
2026-07-03T05:30:00Z,wind_direction,258.0
2026-07-03T06:30:00Z,wind_direction,258.0
2026-07-03T07:30:00Z,wind_direction,258.0
2026-07-03T08:30:00Z,wind_direction,253.0
2026-07-03T09:30:00Z,wind_direction,250.0
2026-07-03T10:30:00Z,wind_direction,242.0
2026-07-03T11:30:00Z,wind_direction,249.0
2026-07-03T12:30:00Z,wind_direction,245.0
2026-07-03T13:30:00Z,wind_direction,238.0
2026-07-03T14:30:00Z,wind_direction,241.0
2026-07-03T15:30:00Z,wind_direction,245.0
2026-07-03T16:30:00Z,wind_direction,245.0
2026-07-03T17:30:00Z,wind_direction,246.0
2026-07-03T18:30:00Z,wind_direction,240.0
2026-07-03T19:30:00Z,wind_direction,237.0
2026-07-03T20:30:00Z,wind_direction,248.0
2026-07-03T21:30:00Z,wind_direction,242.0
2026-07-03T22:30:00Z,wind_direction,245.0
2026-07-03T23:30:00Z,wind_direction,252.0
2026-07-04T00:30:00Z,wind_direction,269.0
2026-07-04T01:30:00Z,wind_direction,242.0
2026-07-04T02:30:00Z,wind_direction,296.0
2026-07-04T03:30:00Z,wind_direction,277.0
2026-07-04T04:30:00Z,wind_direction,32.5
2026-07-04T05:30:00Z,wind_direction,46.2
2026-07-04T06:30:00Z,wind_direction,92.0
2026-07-04T07:30:00Z,wind_direction,158.0
2026-07-04T08:30:00Z,wind_direction,166.0
2026-07-04T09:30:00Z,wind_direction,192.0
2026-07-04T10:30:00Z,wind_direction,201.0
2026-07-04T11:30:00Z,wind_direction,254.0
2026-07-04T12:30:00Z,wind_direction,261.0
2026-07-04T13:30:00Z,wind_direction,250.0
2026-07-04T14:30:00Z,wind_direction,248.0
2026-07-04T15:30:00Z,wind_direction,246.0
2026-07-04T16:30:00Z,wind_direction,247.0
2026-07-04T17:30:00Z,wind_direction,245.0
2026-07-04T18:30:00Z,wind_direction,259.0
2026-07-04T19:30:00Z,wind_direction,255.0
2026-07-04T20:30:00Z,wind_direction,246.0
2026-07-04T21:30:00Z,wind_direction,199.0
2026-07-04T22:30:00Z,wind_direction,248.0
2026-07-04T23:30:00Z,wind_direction,242.0
2026-07-05T00:30:00Z,wind_direction,245.0
2026-07-05T01:30:00Z,wind_direction,246.0
2026-07-05T02:30:00Z,wind_direction,246.0
2026-07-05T03:30:00Z,wind_direction,263.0
2026-07-05T04:30:00Z,wind_direction,256.0
2026-07-05T05:30:00Z,wind_direction,250.0
2026-07-05T06:30:00Z,wind_direction,245.0
2026-07-05T07:30:00Z,wind_direction,256.0
2026-07-05T08:30:00Z,wind_direction,254.0
2026-07-05T09:30:00Z,wind_direction,252.0
2026-07-05T10:30:00Z,wind_direction,247.0
2026-07-05T11:30:00Z,wind_direction,246.0
2026-07-05T12:30:00Z,wind_direction,246.0
2026-07-05T13:30:00Z,wind_direction,246.0
2026-07-05T14:30:00Z,wind_direction,248.0
2026-07-05T15:30:00Z,wind_direction,244.0
2026-07-05T16:30:00Z,wind_direction,250.0
2026-07-05T17:30:00Z,wind_direction,244.0
2026-07-05T18:30:00Z,wind_direction,244.0
2026-07-05T19:30:00Z,wind_direction,246.0
2026-07-05T20:30:00Z,wind_direction,246.0
2026-07-05T21:30:00Z,wind_direction,243.0
2026-07-05T22:30:00Z,wind_direction,245.0
2026-07-05T23:30:00Z,wind_direction,244.0
2026-07-06T00:30:00Z,wind_direction,244.0
2026-07-06T01:30:00Z,wind_direction,244.0
2026-07-06T02:30:00Z,wind_direction,243.0
2026-07-06T03:30:00Z,wind_direction,241.0
2026-07-06T04:30:00Z,wind_direction,244.0
2026-07-06T05:30:00Z,wind_direction,246.0
2026-07-06T06:30:00Z,wind_direction,246.0
2026-07-06T07:30:00Z,wind_direction,246.0
2026-07-06T08:30:00Z,wind_direction,245.0
2026-07-06T09:30:00Z,wind_direction,242.0
2026-07-06T10:30:00Z,wind_direction,240.0
2026-07-06T11:30:00Z,wind_direction,237.0
2026-07-06T12:30:00Z,wind_direction,236.0
2026-07-06T13:30:00Z,wind_direction,237.0
2026-07-06T14:30:00Z,wind_direction,236.0
2026-07-06T15:30:00Z,wind_direction,238.0
2026-07-06T16:30:00Z,wind_direction,237.0
2026-07-06T17:30:00Z,wind_direction,238.0
2026-07-06T19:30:00Z,wind_direction,234.0
2026-07-06T20:30:00Z,wind_direction,238.0
2026-07-06T21:30:00Z,wind_direction,226.0
2026-07-06T22:30:00Z,wind_direction,230.0
2026-07-06T23:30:00Z,wind_direction,235.0
2026-07-07T00:30:00Z,wind_direction,238.0
2026-07-07T01:30:00Z,wind_direction,238.0
2026-07-07T02:30:00Z,wind_direction,241.0
2026-07-07T03:30:00Z,wind_direction,241.0
2026-07-07T04:30:00Z,wind_direction,239.0
2026-07-07T05:30:00Z,wind_direction,240.0
2026-07-07T06:30:00Z,wind_direction,238.0
2026-07-07T07:30:00Z,wind_direction,239.0
2026-07-07T08:30:00Z,wind_direction,244.0
2026-07-07T09:30:00Z,wind_direction,233.0
2026-07-07T10:30:00Z,wind_direction,253.0
2026-07-07T11:30:00Z,wind_direction,248.0
2026-07-07T12:30:00Z,wind_direction,252.0
2026-07-07T13:30:00Z,wind_direction,259.0
2026-07-07T14:30:00Z,wind_direction,248.0
2026-07-07T15:30:00Z,wind_direction,242.0
2026-07-07T16:30:00Z,wind_direction,246.0
2026-07-07T17:30:00Z,wind_direction,239.0
2026-07-07T18:30:00Z,wind_direction,237.0
2026-07-07T19:30:00Z,wind_direction,239.0
2026-07-07T20:30:00Z,wind_direction,240.0
2026-07-07T21:30:00Z,wind_direction,238.0
2026-07-07T22:30:00Z,wind_direction,241.0
2026-07-07T23:30:00Z,wind_direction,240.0
2026-07-08T00:30:00Z,wind_direction,241.0
2026-07-08T01:30:00Z,wind_direction,240.0
2026-07-08T02:30:00Z,wind_direction,242.0
2026-07-08T03:30:00Z,wind_direction,240.0
2026-07-08T04:30:00Z,wind_direction,236.0
2026-07-08T05:30:00Z,wind_direction,237.0
2026-07-08T06:30:00Z,wind_direction,239.0
2026-07-08T07:30:00Z,wind_direction,234.0
2026-07-08T08:30:00Z,wind_direction,234.0
2026-07-08T09:30:00Z,wind_direction,234.0
2026-07-08T10:30:00Z,wind_direction,224.0
2026-07-08T11:30:00Z,wind_direction,231.0
2026-07-08T12:30:00Z,wind_direction,234.0
2026-07-08T13:30:00Z,wind_direction,228.0
2026-07-08T14:30:00Z,wind_direction,232.0
2026-07-08T15:30:00Z,wind_direction,229.0
2026-07-08T16:30:00Z,wind_direction,234.0
2026-07-08T17:30:00Z,wind_direction,238.0
2026-07-08T18:30:00Z,wind_direction,239.0
2026-07-08T19:30:00Z,wind_direction,242.0
2026-07-08T20:30:00Z,wind_direction,241.0
2026-07-08T21:30:00Z,wind_direction,240.0
2026-07-08T22:30:00Z,wind_direction,242.0
2026-07-08T23:30:00Z,wind_direction,242.0
2026-07-09T00:30:00Z,wind_direction,241.0
2026-07-09T01:30:00Z,wind_direction,243.0
2026-07-09T02:30:00Z,wind_direction,244.0
2026-07-09T03:30:00Z,wind_direction,242.0
2026-07-09T04:30:00Z,wind_direction,245.0
2026-07-09T05:30:00Z,wind_direction,250.0
2026-07-09T06:30:00Z,wind_direction,251.0
2026-07-09T07:30:00Z,wind_direction,256.0
2026-07-09T08:30:00Z,wind_direction,258.0
2026-07-09T09:30:00Z,wind_direction,258.0
2026-07-09T10:30:00Z,wind_direction,231.0
2026-07-09T11:30:00Z,wind_direction,239.0
2026-07-09T12:30:00Z,wind_direction,240.0
2026-07-09T13:30:00Z,wind_direction,244.0
2026-07-09T14:30:00Z,wind_direction,236.0
2026-07-09T15:30:00Z,wind_direction,244.0
2026-07-09T16:30:00Z,wind_direction,239.0
2026-07-09T17:30:00Z,wind_direction,236.0
2026-07-09T18:30:00Z,wind_direction,235.0
2026-07-09T19:30:00Z,wind_direction,234.0
2026-07-09T20:30:00Z,wind_direction,241.0
2026-07-09T21:30:00Z,wind_direction,240.0
2026-07-09T22:30:00Z,wind_direction,239.0
2026-07-09T23:30:00Z,wind_direction,237.0
2026-07-10T00:30:00Z,wind_direction,239.0
2026-07-10T01:30:00Z,wind_direction,240.0
2026-07-10T02:30:00Z,wind_direction,246.0
2026-07-10T03:30:00Z,wind_direction,247.0
2026-07-10T04:30:00Z,wind_direction,256.0
2026-07-10T05:30:00Z,wind_direction,251.0
2026-07-10T06:30:00Z,wind_direction,256.0
2026-07-10T07:30:00Z,wind_direction,253.0
2026-07-10T08:30:00Z,wind_direction,253.0
2026-07-10T09:30:00Z,wind_direction,244.0
2026-07-10T10:30:00Z,wind_direction,242.0
2026-07-10T11:30:00Z,wind_direction,247.0
2026-07-10T12:30:00Z,wind_direction,245.0
2026-07-10T13:30:00Z,wind_direction,227.0
2026-07-10T14:30:00Z,wind_direction,238.0
2026-07-10T15:30:00Z,wind_direction,240.0
2026-07-10T16:30:00Z,wind_direction,236.0
2026-07-10T17:30:00Z,wind_direction,243.0
2026-07-10T18:30:00Z,wind_direction,242.0
2026-07-10T19:30:00Z,wind_direction,238.0
2026-07-10T20:30:00Z,wind_direction,236.0
2026-07-10T21:30:00Z,wind_direction,228.0
2026-07-10T22:30:00Z,wind_direction,225.0
2026-07-10T23:30:00Z,wind_direction,239.0
2026-07-11T00:30:00Z,wind_direction,241.0
2026-07-11T01:30:00Z,wind_direction,243.0
2026-07-11T02:30:00Z,wind_direction,245.0
2026-07-11T03:30:00Z,wind_direction,259.0
2026-07-11T04:30:00Z,wind_direction,252.0
2026-07-11T05:30:00Z,wind_direction,259.0
2026-07-11T06:30:00Z,wind_direction,265.0
2026-07-11T07:30:00Z,wind_direction,252.0
2026-07-11T08:30:00Z,wind_direction,256.0
2026-07-11T09:30:00Z,wind_direction,260.0
2026-07-11T10:30:00Z,wind_direction,262.0
2026-07-11T11:30:00Z,wind_direction,246.0
2026-07-11T12:30:00Z,wind_direction,244.0
2026-07-11T13:30:00Z,wind_direction,241.0
2026-07-11T14:30:00Z,wind_direction,241.0
2026-07-11T15:30:00Z,wind_direction,242.0
2026-07-11T16:30:00Z,wind_direction,243.0
2026-07-11T17:30:00Z,wind_direction,242.0
2026-07-11T18:30:00Z,wind_direction,238.0
2026-07-11T19:30:00Z,wind_direction,232.0
2026-07-11T20:30:00Z,wind_direction,237.0
2026-07-11T21:30:00Z,wind_direction,236.0
2026-07-11T22:30:00Z,wind_direction,234.0
2026-07-11T23:30:00Z,wind_direction,242.0
2026-07-12T00:30:00Z,wind_direction,244.0
2026-07-12T01:30:00Z,wind_direction,250.0
2026-07-12T02:30:00Z,wind_direction,259.0
2026-07-12T03:30:00Z,wind_direction,263.0
2026-07-12T04:30:00Z,wind_direction,259.0
2026-07-12T05:30:00Z,wind_direction,250.0
2026-07-12T06:30:00Z,wind_direction,256.0
2026-07-12T07:30:00Z,wind_direction,264.0
2026-07-12T08:30:00Z,wind_direction,261.0
2026-07-12T09:30:00Z,wind_direction,256.0
2026-07-12T10:30:00Z,wind_direction,250.0
2026-07-12T11:30:00Z,wind_direction,248.0
2026-07-12T12:30:00Z,wind_direction,245.0
2026-07-12T13:30:00Z,wind_direction,245.0
2026-07-12T14:30:00Z,wind_direction,248.0
2026-07-12T15:30:00Z,wind_direction,244.0
2026-07-12T16:30:00Z,wind_direction,245.0
2026-07-12T17:30:00Z,wind_direction,224.0
2026-07-12T18:30:00Z,wind_direction,243.0
2026-07-12T19:30:00Z,wind_direction,244.0
2026-07-12T20:30:00Z,wind_direction,253.0
2026-07-12T21:30:00Z,wind_direction,230.0
2026-07-12T22:30:00Z,wind_direction,229.0
2026-07-12T23:30:00Z,wind_direction,234.0
2026-07-13T00:30:00Z,wind_direction,243.0
2026-07-13T01:30:00Z,wind_direction,251.0
2026-07-13T02:30:00Z,wind_direction,255.0
2026-07-13T03:30:00Z,wind_direction,269.0
2026-07-13T04:30:00Z,wind_direction,282.0
2026-07-13T05:30:00Z,wind_direction,287.0
2026-07-13T06:30:00Z,wind_direction,280.0
2026-07-13T07:30:00Z,wind_direction,267.0
2026-07-13T08:30:00Z,wind_direction,249.0
2026-07-13T09:30:00Z,wind_direction,253.0
2026-07-13T10:30:00Z,wind_direction,246.0
2026-07-13T11:30:00Z,wind_direction,242.0
2026-07-13T12:30:00Z,wind_direction,242.0
2026-07-13T13:30:00Z,wind_direction,245.0
2026-07-13T14:30:00Z,wind_direction,246.0
2026-07-13T15:30:00Z,wind_direction,236.0
2026-07-13T16:30:00Z,wind_direction,241.0
2026-07-13T17:30:00Z,wind_direction,243.0
2026-07-13T18:30:00Z,wind_direction,243.0
2026-07-13T19:30:00Z,wind_direction,242.0
2026-07-13T20:30:00Z,wind_direction,254.0
2026-07-13T21:30:00Z,wind_direction,244.0
2026-07-13T22:30:00Z,wind_direction,228.0
2026-07-13T23:30:00Z,wind_direction,235.0
2026-07-14T00:30:00Z,wind_direction,243.0
2026-07-14T01:30:00Z,wind_direction,258.0
2026-07-14T02:30:00Z,wind_direction,285.0
2026-07-14T03:30:00Z,wind_direction,285.0
2026-07-14T04:30:00Z,wind_direction,280.0
2026-07-14T05:30:00Z,wind_direction,287.0
2026-07-14T06:30:00Z,wind_direction,279.0
2026-07-14T07:30:00Z,wind_direction,286.0
2026-07-14T08:30:00Z,wind_direction,273.0
2026-07-14T09:30:00Z,wind_direction,245.0
2026-07-14T10:30:00Z,wind_direction,244.0
2026-07-14T11:30:00Z,wind_direction,252.0
2026-07-14T12:30:00Z,wind_direction,248.0
2026-07-14T13:30:00Z,wind_direction,243.0
2026-07-14T14:30:00Z,wind_direction,242.0
2026-07-14T15:30:00Z,wind_direction,245.0
2026-07-14T16:30:00Z,wind_direction,95.8
2026-07-14T17:30:00Z,wind_direction,93.8
2026-07-14T18:30:00Z,wind_direction,153.0
2026-07-14T19:30:00Z,wind_direction,201.0
2026-07-14T20:30:00Z,wind_direction,135.0
2026-07-14T21:30:00Z,wind_direction,137.0
2026-07-14T22:30:00Z,wind_direction,209.0
2026-07-14T23:30:00Z,wind_direction,144.0
2026-07-15T00:30:00Z,wind_direction,152.0
2026-07-15T01:30:00Z,wind_direction,217.0
2026-07-15T02:30:00Z,wind_direction,241.0
2026-07-15T03:30:00Z,wind_direction,272.0
2026-07-15T04:30:00Z,wind_direction,285.0
2026-07-15T05:30:00Z,wind_direction,274.0
2026-07-15T06:30:00Z,wind_direction,271.0
2026-07-15T07:30:00Z,wind_direction,255.0
2026-07-15T08:30:00Z,wind_direction,248.0
2026-07-15T09:30:00Z,wind_direction,240.0
2026-07-15T10:30:00Z,wind_direction,252.0
2026-07-15T11:30:00Z,wind_direction,63.1
2026-07-15T12:30:00Z,wind_direction,110.0
2026-07-15T13:30:00Z,wind_direction,254.0
2026-07-15T14:30:00Z,wind_direction,238.0
2026-07-15T15:30:00Z,wind_direction,168.0
2026-07-15T16:30:00Z,wind_direction,313.0
2026-07-15T17:30:00Z,wind_direction,18.3
2026-07-15T19:30:00Z,wind_direction,148.0
2026-07-15T20:30:00Z,wind_direction,209.0
2026-07-15T21:30:00Z,wind_direction,182.0
2026-07-15T22:30:00Z,wind_direction,238.0
2026-07-15T23:30:00Z,wind_direction,233.0
2026-07-16T00:30:00Z,wind_direction,241.0
2026-07-16T01:30:00Z,wind_direction,249.0
2026-07-16T02:30:00Z,wind_direction,232.0
2026-07-16T03:30:00Z,wind_direction,229.0
2026-07-16T04:30:00Z,wind_direction,220.0
2026-07-16T05:30:00Z,wind_direction,212.0
2026-07-16T06:30:00Z,wind_direction,210.0
2026-07-16T07:30:00Z,wind_direction,219.0
2026-07-16T08:30:00Z,wind_direction,224.0
2026-07-16T09:30:00Z,wind_direction,234.0
2026-07-16T10:30:00Z,wind_direction,250.0
2026-07-16T11:30:00Z,wind_direction,240.0
2026-07-16T12:30:00Z,wind_direction,237.0
2026-07-16T13:30:00Z,wind_direction,240.0
2026-07-16T14:30:00Z,wind_direction,254.0
2026-07-16T15:30:00Z,wind_direction,246.0
2026-07-16T16:30:00Z,wind_direction,246.0
2026-07-16T17:30:00Z,wind_direction,245.0
2026-07-16T18:30:00Z,wind_direction,239.0
2026-07-16T19:30:00Z,wind_direction,190.0
2026-07-16T20:30:00Z,wind_direction,75.8
2026-07-16T21:30:00Z,wind_direction,184.0
2026-07-16T22:30:00Z,wind_direction,240.0
2026-07-16T23:30:00Z,wind_direction,246.0
2026-07-17T00:30:00Z,wind_direction,243.0
2026-07-17T01:30:00Z,wind_direction,242.0
2026-07-17T02:30:00Z,wind_direction,233.0
2026-07-17T03:30:00Z,wind_direction,248.0
2026-07-17T04:30:00Z,wind_direction,249.0
2026-07-17T05:30:00Z,wind_direction,244.0
2026-07-17T06:30:00Z,wind_direction,258.0
2026-07-17T07:30:00Z,wind_direction,267.0
2026-07-17T08:30:00Z,wind_direction,268.0
2026-07-17T09:30:00Z,wind_direction,264.0
2026-07-17T10:30:00Z,wind_direction,255.0
2026-07-17T11:30:00Z,wind_direction,247.0
2026-07-17T12:30:00Z,wind_direction,252.0
2026-07-17T13:30:00Z,wind_direction,247.0
2026-07-17T14:30:00Z,wind_direction,243.0
2026-07-17T15:30:00Z,wind_direction,244.0
2026-07-17T16:30:00Z,wind_direction,243.0
2026-07-17T17:30:00Z,wind_direction,238.0
2026-07-17T18:30:00Z,wind_direction,243.0
2026-07-17T19:30:00Z,wind_direction,245.0
2026-07-17T20:30:00Z,wind_direction,245.0
2026-07-17T21:30:00Z,wind_direction,245.0
2026-07-17T22:30:00Z,wind_direction,245.0
2026-07-17T23:30:00Z,wind_direction,243.0
2026-07-18T00:30:00Z,wind_direction,243.0
2026-07-18T01:30:00Z,wind_direction,246.0
2026-07-18T02:30:00Z,wind_direction,245.0
2026-07-18T03:30:00Z,wind_direction,247.0
2026-07-18T04:30:00Z,wind_direction,246.0
2026-07-18T05:30:00Z,wind_direction,247.0
2026-07-18T06:30:00Z,wind_direction,240.0
2026-07-18T07:30:00Z,wind_direction,242.0
2026-07-18T08:30:00Z,wind_direction,246.0
2026-07-18T09:30:00Z,wind_direction,243.0
2026-07-18T10:30:00Z,wind_direction,238.0
2026-07-18T11:30:00Z,wind_direction,239.0
2026-07-18T12:30:00Z,wind_direction,241.0
2026-07-18T13:30:00Z,wind_direction,239.0
2026-07-18T14:30:00Z,wind_direction,242.0
2026-07-18T15:30:00Z,wind_direction,244.0
2026-07-18T16:30:00Z,wind_direction,244.0
2026-07-18T17:30:00Z,wind_direction,240.0
2026-07-18T18:30:00Z,wind_direction,247.0
2026-07-18T19:30:00Z,wind_direction,245.0
2026-07-18T20:30:00Z,wind_direction,248.0
2026-07-18T21:30:00Z,wind_direction,248.0
2026-07-18T22:30:00Z,wind_direction,244.0
2026-07-18T23:30:00Z,wind_direction,243.0
2026-07-19T00:30:00Z,wind_direction,249.0
2026-07-19T01:30:00Z,wind_direction,247.0
2026-07-19T02:30:00Z,wind_direction,250.0
2026-07-19T03:30:00Z,wind_direction,251.0
2026-07-19T04:30:00Z,wind_direction,248.0
2026-07-19T05:30:00Z,wind_direction,237.0
2026-07-19T06:30:00Z,wind_direction,233.0
2026-07-19T07:30:00Z,wind_direction,231.0
2026-07-19T08:30:00Z,wind_direction,238.0
2026-07-19T09:30:00Z,wind_direction,235.0
2026-07-19T10:30:00Z,wind_direction,230.0
2026-07-19T11:30:00Z,wind_direction,227.0
2026-07-19T12:30:00Z,wind_direction,184.0
2026-07-19T13:30:00Z,wind_direction,126.0
2026-07-19T14:30:00Z,wind_direction,177.0
2026-07-19T15:30:00Z,wind_direction,152.0
2026-07-19T16:30:00Z,wind_direction,235.0
2026-07-19T17:30:00Z,wind_direction,177.0
2026-07-19T18:30:00Z,wind_direction,223.0
2026-07-19T19:30:00Z,wind_direction,232.0
2026-07-19T20:30:00Z,wind_direction,203.0
2026-07-19T21:30:00Z,wind_direction,183.0
2026-07-19T22:30:00Z,wind_direction,234.0
2026-07-19T23:30:00Z,wind_direction,244.0
2026-07-20T00:30:00Z,wind_direction,246.0
2026-07-20T01:30:00Z,wind_direction,245.0
2026-07-20T02:30:00Z,wind_direction,247.0
2026-07-20T03:30:00Z,wind_direction,246.0
2026-07-20T04:30:00Z,wind_direction,253.0
2026-07-20T05:30:00Z,wind_direction,261.0
2026-07-20T06:30:00Z,wind_direction,269.0
2026-07-20T07:30:00Z,wind_direction,272.0
2026-07-20T08:30:00Z,wind_direction,176.0
2026-07-20T09:30:00Z,wind_direction,180.0
2026-07-20T10:30:00Z,wind_direction,241.0
2026-07-20T11:30:00Z,wind_direction,290.0
2026-07-20T12:30:00Z,wind_direction,236.0
2026-07-20T13:30:00Z,wind_direction,187.0
2026-07-20T14:30:00Z,wind_direction,218.0
2026-07-20T15:30:00Z,wind_direction,231.0
2026-07-20T16:30:00Z,wind_direction,240.0
2026-07-20T17:30:00Z,wind_direction,239.0
2026-07-20T19:30:00Z,wind_direction,243.0
2026-07-20T20:30:00Z,wind_direction,244.0
2026-07-20T21:30:00Z,wind_direction,244.0
2026-07-20T22:30:00Z,wind_direction,245.0
2026-07-20T23:30:00Z,wind_direction,242.0
2026-07-21T00:30:00Z,wind_direction,240.0
2026-07-21T01:30:00Z,wind_direction,244.0
2026-07-21T02:30:00Z,wind_direction,246.0
2026-07-21T03:30:00Z,wind_direction,247.0
2026-07-21T04:30:00Z,wind_direction,245.0
2026-07-21T05:30:00Z,wind_direction,243.0
2026-07-21T06:30:00Z,wind_direction,244.0
2026-07-21T07:30:00Z,wind_direction,246.0
2026-07-21T08:30:00Z,wind_direction,244.0
2026-07-21T09:30:00Z,wind_direction,243.0
2026-07-21T10:30:00Z,wind_direction,245.0
2026-07-21T11:30:00Z,wind_direction,244.0
2026-07-21T12:30:00Z,wind_direction,246.0
2026-07-21T13:30:00Z,wind_direction,248.0
2026-07-21T14:30:00Z,wind_direction,244.0
2026-07-21T15:30:00Z,wind_direction,245.0
2026-07-21T16:30:00Z,wind_direction,245.0
2026-07-21T17:30:00Z,wind_direction,244.0
2026-07-21T21:30:00Z,wind_direction,241.0
2026-07-21T22:30:00Z,wind_direction,240.0
2026-07-21T23:30:00Z,wind_direction,240.0
2026-07-22T00:30:00Z,wind_direction,241.0
2026-07-22T01:30:00Z,wind_direction,240.0
2026-07-22T02:30:00Z,wind_direction,242.0
2026-07-22T03:30:00Z,wind_direction,244.0
2026-07-22T04:30:00Z,wind_direction,242.0
2026-07-22T05:30:00Z,wind_direction,241.0
2026-07-22T06:30:00Z,wind_direction,245.0
2026-07-22T07:30:00Z,wind_direction,240.0
2026-07-24T08:30:00Z,wind_direction,248.0
2026-07-24T09:30:00Z,wind_direction,245.0
2026-07-24T10:30:00Z,wind_direction,247.0
2026-07-24T11:30:00Z,wind_direction,238.0
2026-07-24T12:30:00Z,wind_direction,226.0
2026-07-24T13:30:00Z,wind_direction,204.0
2026-07-24T14:30:00Z,wind_direction,181.0
2026-07-24T15:30:00Z,wind_direction,194.0
2026-07-24T16:30:00Z,wind_direction,234.0
2026-07-24T17:30:00Z,wind_direction,236.0
2026-07-24T18:30:00Z,wind_direction,235.0
2026-07-24T19:30:00Z,wind_direction,237.0
2026-07-24T20:30:00Z,wind_direction,223.0
2026-07-24T21:30:00Z,wind_direction,244.0
2026-07-24T22:30:00Z,wind_direction,241.0
2026-07-24T23:30:00Z,wind_direction,203.0
2026-07-25T00:30:00Z,wind_direction,232.0
2026-07-25T01:30:00Z,wind_direction,241.0
2026-07-25T02:30:00Z,wind_direction,249.0
2026-07-25T03:30:00Z,wind_direction,258.0
2026-07-25T04:30:00Z,wind_direction,258.0
2026-07-25T05:30:00Z,wind_direction,251.0
2026-07-25T06:30:00Z,wind_direction,256.0
2026-07-25T07:30:00Z,wind_direction,248.0
2026-07-25T08:30:00Z,wind_direction,243.0
2026-07-25T09:30:00Z,wind_direction,248.0
2026-07-25T10:30:00Z,wind_direction,245.0
2026-07-25T11:30:00Z,wind_direction,246.0
2026-07-25T12:30:00Z,wind_direction,243.0
2026-07-25T13:30:00Z,wind_direction,217.0
2026-07-25T14:30:00Z,wind_direction,248.0
2026-07-25T15:30:00Z,wind_direction,246.0
2026-07-25T16:30:00Z,wind_direction,247.0
2026-07-25T17:30:00Z,wind_direction,244.0
2026-07-25T18:30:00Z,wind_direction,242.0
2026-07-25T19:30:00Z,wind_direction,217.0
2026-07-25T20:30:00Z,wind_direction,243.0
2026-07-25T21:30:00Z,wind_direction,247.0
2026-07-25T22:30:00Z,wind_direction,250.0
2026-07-25T23:30:00Z,wind_direction,255.0
2026-07-26T00:30:00Z,wind_direction,256.0
2026-07-26T01:30:00Z,wind_direction,256.0
2026-07-26T02:30:00Z,wind_direction,248.0
2026-07-26T03:30:00Z,wind_direction,246.0
2026-07-26T04:30:00Z,wind_direction,239.0
2026-07-26T05:30:00Z,wind_direction,227.0
2026-07-26T06:30:00Z,wind_direction,247.0
2026-07-26T07:30:00Z,wind_direction,247.0
2026-07-26T08:30:00Z,wind_direction,252.0
2026-07-26T09:30:00Z,wind_direction,252.0
2026-07-26T10:30:00Z,wind_direction,256.0
2026-07-26T11:30:00Z,wind_direction,247.0
2026-07-26T12:30:00Z,wind_direction,226.0
2026-07-26T13:30:00Z,wind_direction,216.0
2026-07-26T14:30:00Z,wind_direction,246.0
2026-07-26T15:30:00Z,wind_direction,247.0
2026-07-26T16:30:00Z,wind_direction,245.0
2026-07-26T17:30:00Z,wind_direction,245.0
2026-07-26T18:30:00Z,wind_direction,246.0
2026-07-26T19:30:00Z,wind_direction,247.0
2026-07-26T20:30:00Z,wind_direction,248.0
2026-07-26T21:30:00Z,wind_direction,247.0
2026-07-26T22:30:00Z,wind_direction,247.0
2026-07-26T23:30:00Z,wind_direction,246.0
2026-07-27T00:30:00Z,wind_direction,244.0
2026-07-27T01:30:00Z,wind_direction,249.0
2026-07-27T02:30:00Z,wind_direction,247.0
2026-07-27T03:30:00Z,wind_direction,253.0
2026-07-27T04:30:00Z,wind_direction,256.0
2026-07-27T05:30:00Z,wind_direction,243.0
2026-07-27T06:30:00Z,wind_direction,242.0
2026-07-27T07:30:00Z,wind_direction,243.0
2026-07-27T08:30:00Z,wind_direction,233.0
2026-07-27T09:30:00Z,wind_direction,259.0
2026-07-27T10:30:00Z,wind_direction,14.7
2026-07-27T11:30:00Z,wind_direction,178.0
2026-07-27T12:30:00Z,wind_direction,209.0
2026-07-27T13:30:00Z,wind_direction,199.0
2026-07-27T14:30:00Z,wind_direction,209.0
2026-07-27T15:30:00Z,wind_direction,86.0
2026-07-27T16:30:00Z,wind_direction,146.0
2026-07-27T17:30:00Z,wind_direction,250.0
2026-07-27T18:30:00Z,wind_direction,204.0
2026-07-27T19:30:00Z,wind_direction,188.0
2026-07-27T20:30:00Z,wind_direction,204.0
2026-07-27T21:30:00Z,wind_direction,228.0
2026-07-27T22:30:00Z,wind_direction,206.0
2026-07-27T23:30:00Z,wind_direction,209.0
2026-07-28T00:30:00Z,wind_direction,163.0
2026-07-28T01:30:00Z,wind_direction,198.0
2026-07-28T02:30:00Z,wind_direction,261.0
2026-07-28T03:30:00Z,wind_direction,270.0
2026-07-28T04:30:00Z,wind_direction,281.0
2026-07-28T05:30:00Z,wind_direction,159.0
2026-07-28T06:30:00Z,wind_direction,207.0
2026-07-28T07:30:00Z,wind_direction,241.0
2026-07-28T08:30:00Z,wind_direction,220.0
2026-07-28T09:30:00Z,wind_direction,242.0
2026-07-28T10:30:00Z,wind_direction,244.0
2026-07-28T11:30:00Z,wind_direction,249.0
2026-07-28T12:30:00Z,wind_direction,249.0
2026-07-28T13:30:00Z,wind_direction,278.0
2026-07-28T14:30:00Z,wind_direction,213.0
2026-07-28T15:30:00Z,wind_direction,248.0
2026-07-28T16:30:00Z,wind_direction,254.0
2026-07-28T17:30:00Z,wind_direction,250.0
2026-07-28T18:30:00Z,wind_direction,253.0
2026-07-28T19:30:00Z,wind_direction,255.0
2026-07-28T20:30:00Z,wind_direction,260.0
2026-07-28T21:30:00Z,wind_direction,275.0
2026-07-28T22:30:00Z,wind_direction,221.0
2026-07-28T23:30:00Z,wind_direction,273.0
2026-07-29T00:30:00Z,wind_direction,275.0
2026-07-29T01:30:00Z,wind_direction,273.0
2026-07-29T02:30:00Z,wind_direction,274.0
2026-07-29T03:30:00Z,wind_direction,267.0
2026-07-29T04:30:00Z,wind_direction,274.0
2026-07-29T05:30:00Z,wind_direction,163.0
2026-07-29T06:30:00Z,wind_direction,178.0
2026-07-29T07:30:00Z,wind_direction,113.0
2026-07-29T08:30:00Z,wind_direction,30.6
2026-07-29T09:30:00Z,wind_direction,22.6
2026-07-29T10:30:00Z,wind_direction,30.6
2026-07-29T11:30:00Z,wind_direction,36.7
2026-07-29T12:30:00Z,wind_direction,34.8
2026-07-29T13:30:00Z,wind_direction,28.7
2026-07-29T14:30:00Z,wind_direction,38.0
2026-07-29T15:30:00Z,wind_direction,38.3
2026-07-29T16:30:00Z,wind_direction,35.0
2026-07-29T17:30:00Z,wind_direction,33.4
2026-07-29T18:30:00Z,wind_direction,34.8
2026-07-29T19:30:00Z,wind_direction,35.6
2026-07-29T20:30:00Z,wind_direction,41.1
2026-07-29T21:30:00Z,wind_direction,53.5
2026-07-29T22:30:00Z,wind_direction,51.1
2026-07-29T23:30:00Z,wind_direction,46.7
2026-07-30T01:30:00Z,wind_direction,54.2
2026-07-30T02:30:00Z,wind_direction,50.3
2026-07-30T03:30:00Z,wind_direction,77.6
2026-07-30T04:30:00Z,wind_direction,87.0
2026-07-30T05:30:00Z,wind_direction,96.5
2026-07-30T06:30:00Z,wind_direction,101.0
2026-07-30T07:30:00Z,wind_direction,108.0
2026-07-30T08:30:00Z,wind_direction,88.7
2026-07-30T09:30:00Z,wind_direction,96.0
2026-07-30T10:30:00Z,wind_direction,96.2
2026-07-30T11:30:00Z,wind_direction,104.0
2026-07-30T12:30:00Z,wind_direction,154.0
2026-07-30T13:30:00Z,wind_direction,91.5
2026-07-30T14:30:00Z,wind_direction,82.3
2026-07-30T15:30:00Z,wind_direction,79.6
2026-07-30T16:30:00Z,wind_direction,93.5
2026-07-30T17:30:00Z,wind_direction,88.2
2026-07-30T18:30:00Z,wind_direction,115.0
2026-07-30T19:30:00Z,wind_direction,126.0
2026-07-30T20:30:00Z,wind_direction,72.7
2026-07-30T21:30:00Z,wind_direction,83.9
2026-07-30T22:30:00Z,wind_direction,83.9
2026-07-30T23:30:00Z,wind_direction,88.7
2026-07-31T00:30:00Z,wind_direction,94.1
2026-07-31T01:30:00Z,wind_direction,151.0
2026-07-31T02:30:00Z,wind_direction,251.0
2026-07-31T03:30:00Z,wind_direction,251.0
2026-07-31T04:30:00Z,wind_direction,256.0
2026-07-31T05:30:00Z,wind_direction,238.0
2026-07-31T06:30:00Z,wind_direction,241.0
2026-07-31T07:30:00Z,wind_direction,236.0
2026-07-31T08:30:00Z,wind_direction,239.0
2026-07-31T09:30:00Z,wind_direction,228.0
2026-07-31T10:30:00Z,wind_direction,188.0
2026-07-31T11:30:00Z,wind_direction,164.0
2026-07-31T12:30:00Z,wind_direction,153.0
2026-07-31T13:30:00Z,wind_direction,147.0
2026-07-31T14:30:00Z,wind_direction,151.0
2026-07-31T15:30:00Z,wind_direction,161.0
2026-07-31T16:30:00Z,wind_direction,191.0
2026-07-31T17:30:00Z,wind_direction,159.0
2026-07-31T18:30:00Z,wind_direction,245.0
2026-07-31T19:30:00Z,wind_direction,236.0
2026-07-31T20:30:00Z,wind_direction,171.0
2026-07-31T21:30:00Z,wind_direction,160.0
2026-07-31T22:30:00Z,wind_direction,161.0
2026-07-31T23:30:00Z,wind_direction,182.0
2026-08-01T00:30:00Z,wind_direction,182.0
2026-08-01T01:30:00Z,wind_direction,249.0
2026-08-01T02:30:00Z,wind_direction,245.0
2026-08-01T03:30:00Z,wind_direction,243.0
2026-08-01T04:30:00Z,wind_direction,238.0
2026-08-01T05:30:00Z,wind_direction,234.0
2026-08-01T06:30:00Z,wind_direction,234.0
2026-08-01T07:30:00Z,wind_direction,244.0
2026-08-01T08:30:00Z,wind_direction,232.0
2026-08-01T09:30:00Z,wind_direction,240.0
2026-08-01T10:30:00Z,wind_direction,230.0
2026-08-01T11:30:00Z,wind_direction,242.0
2026-08-01T12:30:00Z,wind_direction,239.0
2026-08-01T13:30:00Z,wind_direction,210.0
2026-08-01T14:30:00Z,wind_direction,191.0
2026-08-01T15:30:00Z,wind_direction,182.0
2026-08-01T16:30:00Z,wind_direction,185.0
2026-08-01T17:30:00Z,wind_direction,228.0
2026-08-01T18:30:00Z,wind_direction,233.0
2026-08-01T19:30:00Z,wind_direction,203.0
2026-08-01T20:30:00Z,wind_direction,171.0
2026-08-01T21:30:00Z,wind_direction,182.0
2026-08-01T22:30:00Z,wind_direction,205.0
2026-08-01T23:30:00Z,wind_direction,232.0
2026-08-02T00:30:00Z,wind_direction,242.0
2026-08-02T01:30:00Z,wind_direction,247.0
2026-08-02T02:30:00Z,wind_direction,248.0
2026-08-02T03:30:00Z,wind_direction,248.0
2026-08-02T04:30:00Z,wind_direction,254.0
2026-08-02T05:30:00Z,wind_direction,247.0
2026-08-02T06:30:00Z,wind_direction,275.0
2026-08-02T07:30:00Z,wind_direction,246.0
2026-08-02T08:30:00Z,wind_direction,242.0
2026-08-02T09:30:00Z,wind_direction,239.0
2026-08-02T10:30:00Z,wind_direction,247.0
2026-08-02T11:30:00Z,wind_direction,246.0
2026-08-02T12:30:00Z,wind_direction,245.0
2026-08-02T13:30:00Z,wind_direction,238.0
2026-08-02T14:30:00Z,wind_direction,238.0
2026-08-02T15:30:00Z,wind_direction,240.0
2026-08-02T16:30:00Z,wind_direction,243.0
2026-08-02T17:30:00Z,wind_direction,226.0
2026-08-02T18:30:00Z,wind_direction,228.0
2026-08-02T19:30:00Z,wind_direction,239.0
2026-08-02T20:30:00Z,wind_direction,244.0
2026-08-02T21:30:00Z,wind_direction,235.0
2026-08-02T22:30:00Z,wind_direction,232.0
2026-08-02T23:30:00Z,wind_direction,231.0
2026-08-03T00:30:00Z,wind_direction,227.0
2026-08-03T01:30:00Z,wind_direction,236.0
2026-08-03T02:30:00Z,wind_direction,240.0
2026-08-03T03:30:00Z,wind_direction,240.0
2026-08-03T04:30:00Z,wind_direction,247.0
2026-08-03T05:30:00Z,wind_direction,246.0
2026-08-03T06:30:00Z,wind_direction,248.0
2026-08-03T07:30:00Z,wind_direction,254.0
2026-08-03T08:30:00Z,wind_direction,225.0
2026-08-03T09:30:00Z,wind_direction,223.0
2026-08-03T10:30:00Z,wind_direction,226.0
2026-08-03T11:30:00Z,wind_direction,248.0
2026-08-03T12:30:00Z,wind_direction,31.0
2026-08-03T13:30:00Z,wind_direction,106.0
2026-08-03T14:30:00Z,wind_direction,173.0
2026-08-03T15:30:00Z,wind_direction,162.0
2026-08-03T16:30:00Z,wind_direction,174.0
2026-08-03T17:30:00Z,wind_direction,158.0
2026-08-03T18:30:00Z,wind_direction,157.0
2026-08-03T19:30:00Z,wind_direction,154.0
2026-08-03T20:30:00Z,wind_direction,159.0
2026-08-03T21:30:00Z,wind_direction,160.0
2026-08-03T22:30:00Z,wind_direction,192.0
2026-08-03T23:30:00Z,wind_direction,189.0
2026-08-04T00:30:00Z,wind_direction,212.0
2026-08-04T01:30:00Z,wind_direction,245.0
2026-08-04T02:30:00Z,wind_direction,235.0
2026-08-04T03:30:00Z,wind_direction,237.0
2026-08-04T04:30:00Z,wind_direction,235.0
2026-08-04T05:30:00Z,wind_direction,246.0
2026-08-04T06:30:00Z,wind_direction,242.0
2026-08-04T13:30:00Z,wind_direction,190.0
2026-08-04T14:30:00Z,wind_direction,219.0
2026-08-04T15:30:00Z,wind_direction,204.0
2026-08-04T16:30:00Z,wind_direction,235.0
2026-08-04T17:30:00Z,wind_direction,232.0
2026-08-04T18:30:00Z,wind_direction,246.0
2026-08-04T19:30:00Z,wind_direction,245.0
2026-08-04T20:30:00Z,wind_direction,304.0
2026-08-04T21:30:00Z,wind_direction,71.7
2026-08-04T22:30:00Z,wind_direction,135.0
2026-08-04T23:30:00Z,wind_direction,167.0
2026-08-05T00:30:00Z,wind_direction,179.0
2026-08-05T01:30:00Z,wind_direction,208.0
2026-08-05T02:30:00Z,wind_direction,239.0
2026-08-05T03:30:00Z,wind_direction,250.0
2026-08-05T04:30:00Z,wind_direction,253.0
2026-08-05T05:30:00Z,wind_direction,260.0
2026-08-05T06:30:00Z,wind_direction,261.0
2026-08-05T07:30:00Z,wind_direction,253.0
2026-08-05T08:30:00Z,wind_direction,250.0
2026-08-05T09:30:00Z,wind_direction,256.0
2026-08-05T10:30:00Z,wind_direction,251.0
2026-08-05T11:30:00Z,wind_direction,248.0
2026-08-05T12:30:00Z,wind_direction,246.0
2026-08-05T13:30:00Z,wind_direction,163.0
2026-08-05T14:30:00Z,wind_direction,120.0
2026-08-05T15:30:00Z,wind_direction,152.0
2026-08-05T16:30:00Z,wind_direction,153.0
2026-08-05T17:30:00Z,wind_direction,176.0
2026-08-05T18:30:00Z,wind_direction,183.0
2026-08-05T20:30:00Z,wind_direction,183.0
2026-08-05T21:30:00Z,wind_direction,197.0
2026-08-05T22:30:00Z,wind_direction,242.0
2026-08-05T23:30:00Z,wind_direction,236.0
2026-08-06T00:30:00Z,wind_direction,242.0
2026-08-06T01:30:00Z,wind_direction,248.0
2026-08-06T02:30:00Z,wind_direction,252.0
2026-08-06T03:30:00Z,wind_direction,256.0
2026-08-06T04:30:00Z,wind_direction,256.0
2026-08-06T05:30:00Z,wind_direction,282.0
2026-08-06T06:30:00Z,wind_direction,280.0
2026-08-06T07:30:00Z,wind_direction,269.0
2026-08-06T08:30:00Z,wind_direction,236.0
2026-08-06T09:30:00Z,wind_direction,223.0
2026-08-06T10:30:00Z,wind_direction,221.0
2026-08-06T11:30:00Z,wind_direction,233.0
2026-08-06T12:30:00Z,wind_direction,270.0
2026-08-06T13:30:00Z,wind_direction,281.0
2026-08-06T14:30:00Z,wind_direction,172.0
2026-08-06T15:30:00Z,wind_direction,211.0
2026-08-06T16:30:00Z,wind_direction,160.0
2026-08-06T17:30:00Z,wind_direction,167.0
2026-08-06T19:30:00Z,wind_direction,175.0
2026-08-06T20:30:00Z,wind_direction,169.0
2026-08-06T21:30:00Z,wind_direction,162.0
2026-08-06T22:30:00Z,wind_direction,247.0
2026-08-06T23:30:00Z,wind_direction,247.0
2026-08-07T01:30:00Z,wind_direction,249.0
2026-08-07T02:30:00Z,wind_direction,237.0
2026-08-07T03:30:00Z,wind_direction,263.0
2026-08-07T04:30:00Z,wind_direction,256.0
2026-08-07T05:30:00Z,wind_direction,271.0
2026-08-07T06:30:00Z,wind_direction,268.0
2026-08-07T07:30:00Z,wind_direction,248.0
2026-08-07T08:30:00Z,wind_direction,245.0
2026-08-07T09:30:00Z,wind_direction,180.0
2026-08-07T10:30:00Z,wind_direction,215.0
2026-08-07T11:30:00Z,wind_direction,196.0
2026-08-07T12:30:00Z,wind_direction,256.0
2026-08-07T13:30:00Z,wind_direction,213.0
2026-08-07T14:30:00Z,wind_direction,243.0
2026-08-07T15:30:00Z,wind_direction,243.0
2026-08-07T16:30:00Z,wind_direction,246.0
2026-08-07T17:30:00Z,wind_direction,248.0
2026-08-07T18:30:00Z,wind_direction,246.0
2026-08-07T19:30:00Z,wind_direction,234.0
2026-08-07T20:30:00Z,wind_direction,243.0
2026-08-07T21:30:00Z,wind_direction,248.0
2026-08-07T22:30:00Z,wind_direction,243.0
2026-08-07T23:30:00Z,wind_direction,242.0
2026-08-08T00:30:00Z,wind_direction,250.0
2026-08-08T01:30:00Z,wind_direction,257.0
2026-08-08T02:30:00Z,wind_direction,264.0
2026-08-08T03:30:00Z,wind_direction,266.0
2026-08-08T04:30:00Z,wind_direction,258.0
2026-08-08T05:30:00Z,wind_direction,262.0
2026-08-08T06:30:00Z,wind_direction,276.0
2026-08-08T07:30:00Z,wind_direction,255.0
2026-08-08T08:30:00Z,wind_direction,246.0
2026-08-08T09:30:00Z,wind_direction,243.0
2026-08-08T10:30:00Z,wind_direction,242.0
2026-08-08T11:30:00Z,wind_direction,243.0
2026-08-08T12:30:00Z,wind_direction,278.0
2026-08-08T13:30:00Z,wind_direction,251.0
2026-08-08T14:30:00Z,wind_direction,177.0
2026-08-08T15:30:00Z,wind_direction,245.0
2026-08-08T16:30:00Z,wind_direction,247.0
2026-08-08T17:30:00Z,wind_direction,249.0
2026-08-08T19:30:00Z,wind_direction,243.0
2026-08-08T20:30:00Z,wind_direction,247.0
2026-08-08T21:30:00Z,wind_direction,251.0
2026-08-08T22:30:00Z,wind_direction,244.0
2026-08-08T23:30:00Z,wind_direction,247.0
2026-08-09T00:30:00Z,wind_direction,248.0
2026-08-09T01:30:00Z,wind_direction,247.0
2026-08-09T02:30:00Z,wind_direction,248.0
2026-08-09T03:30:00Z,wind_direction,251.0
2026-08-09T04:30:00Z,wind_direction,251.0
2026-08-09T05:30:00Z,wind_direction,246.0
2026-08-09T06:30:00Z,wind_direction,250.0
2026-08-09T07:30:00Z,wind_direction,260.0
2026-08-09T08:30:00Z,wind_direction,261.0
2026-08-09T09:30:00Z,wind_direction,262.0
2026-08-09T10:30:00Z,wind_direction,252.0
2026-08-09T11:30:00Z,wind_direction,249.0
2026-08-09T12:30:00Z,wind_direction,249.0
2026-08-09T13:30:00Z,wind_direction,248.0
2026-08-09T14:30:00Z,wind_direction,242.0
2026-08-09T15:30:00Z,wind_direction,245.0
2026-08-09T16:30:00Z,wind_direction,247.0
2026-08-09T17:30:00Z,wind_direction,246.0
2026-08-09T18:30:00Z,wind_direction,248.0
2026-08-09T19:30:00Z,wind_direction,240.0
2026-08-09T20:30:00Z,wind_direction,246.0
2026-08-09T21:30:00Z,wind_direction,243.0
2026-08-09T22:30:00Z,wind_direction,245.0
2026-08-09T23:30:00Z,wind_direction,245.0
2026-08-10T00:30:00Z,wind_direction,244.0
2026-08-10T01:30:00Z,wind_direction,246.0
2026-08-10T02:30:00Z,wind_direction,246.0
2026-08-10T03:30:00Z,wind_direction,251.0
2026-08-10T04:30:00Z,wind_direction,252.0
2026-08-10T05:30:00Z,wind_direction,252.0
2026-08-10T06:30:00Z,wind_direction,246.0
2026-08-10T07:30:00Z,wind_direction,247.0
2026-08-10T08:30:00Z,wind_direction,248.0
2026-08-10T09:30:00Z,wind_direction,251.0
2026-08-10T10:30:00Z,wind_direction,228.0
2026-08-10T11:30:00Z,wind_direction,163.0
2026-08-10T12:30:00Z,wind_direction,184.0
2026-08-10T13:30:00Z,wind_direction,258.0
2026-08-10T14:30:00Z,wind_direction,248.0
2026-08-10T15:30:00Z,wind_direction,238.0
2026-08-10T16:30:00Z,wind_direction,241.0
2026-08-10T17:30:00Z,wind_direction,241.0
2026-08-10T18:30:00Z,wind_direction,250.0
2026-08-10T19:30:00Z,wind_direction,247.0
2026-08-10T20:30:00Z,wind_direction,237.0
2026-08-10T21:30:00Z,wind_direction,245.0
2026-08-10T22:30:00Z,wind_direction,246.0
2026-08-10T23:30:00Z,wind_direction,247.0
2026-08-11T00:30:00Z,wind_direction,245.0
2026-08-11T01:30:00Z,wind_direction,259.0
2026-08-11T02:30:00Z,wind_direction,254.0
2026-08-11T03:30:00Z,wind_direction,247.0
2026-08-11T04:30:00Z,wind_direction,248.0
2026-08-11T05:30:00Z,wind_direction,248.0
2026-08-11T06:30:00Z,wind_direction,250.0
2026-08-11T07:30:00Z,wind_direction,249.0
2026-08-11T08:30:00Z,wind_direction,247.0
2026-08-11T09:30:00Z,wind_direction,244.0
2026-08-11T10:30:00Z,wind_direction,243.0
2026-08-11T11:30:00Z,wind_direction,250.0
2026-08-11T12:30:00Z,wind_direction,180.0
2026-08-11T13:30:00Z,wind_direction,143.0
2026-08-11T14:30:00Z,wind_direction,167.0
2026-08-11T15:30:00Z,wind_direction,151.0
2026-08-11T16:30:00Z,wind_direction,190.0
2026-08-11T17:30:00Z,wind_direction,282.0
2026-08-11T19:30:00Z,wind_direction,249.0
2026-08-11T20:30:00Z,wind_direction,227.0
2026-08-11T21:30:00Z,wind_direction,214.0
2026-08-11T22:30:00Z,wind_direction,213.0
2026-08-11T23:30:00Z,wind_direction,229.0
2026-08-12T00:30:00Z,wind_direction,244.0
2026-08-12T01:30:00Z,wind_direction,245.0
2026-08-12T02:30:00Z,wind_direction,245.0
2026-08-12T03:30:00Z,wind_direction,254.0
2026-08-12T04:30:00Z,wind_direction,250.0
2026-08-12T05:30:00Z,wind_direction,246.0
2026-08-12T06:30:00Z,wind_direction,248.0
2026-08-12T07:30:00Z,wind_direction,239.0
2026-08-12T08:30:00Z,wind_direction,243.0
2026-08-12T09:30:00Z,wind_direction,248.0
2026-08-12T10:30:00Z,wind_direction,246.0
2026-08-12T11:30:00Z,wind_direction,247.0
2026-08-12T12:30:00Z,wind_direction,251.0
2026-08-12T13:30:00Z,wind_direction,246.0
2026-08-12T14:30:00Z,wind_direction,233.0
2026-08-12T15:30:00Z,wind_direction,252.0
2026-08-12T16:30:00Z,wind_direction,249.0
2026-08-12T17:30:00Z,wind_direction,247.0
2026-08-12T18:30:00Z,wind_direction,250.0
2026-08-12T19:30:00Z,wind_direction,246.0
2026-08-12T20:30:00Z,wind_direction,251.0
2026-08-12T21:30:00Z,wind_direction,251.0
2026-08-12T23:30:00Z,wind_direction,250.0
2026-08-13T00:30:00Z,wind_direction,247.0
2026-08-13T02:30:00Z,wind_direction,258.0
2026-08-13T03:30:00Z,wind_direction,258.0
2026-08-13T04:30:00Z,wind_direction,264.0
2026-08-13T05:30:00Z,wind_direction,261.0
2026-08-13T06:30:00Z,wind_direction,273.0
2026-08-13T07:30:00Z,wind_direction,243.0
2026-08-14T05:30:00Z,wind_direction,257.0
2026-08-14T06:30:00Z,wind_direction,254.0
2026-08-14T07:30:00Z,wind_direction,255.0
2026-08-14T08:30:00Z,wind_direction,259.0
2026-08-14T09:30:00Z,wind_direction,255.0
2026-08-14T10:30:00Z,wind_direction,257.0
2026-08-14T11:30:00Z,wind_direction,252.0
2026-08-14T12:30:00Z,wind_direction,252.0
2026-08-14T13:30:00Z,wind_direction,250.0
2026-08-14T14:30:00Z,wind_direction,251.0
2026-08-14T15:30:00Z,wind_direction,251.0
2026-08-14T16:30:00Z,wind_direction,258.0
2026-08-14T17:30:00Z,wind_direction,255.0
2026-08-14T18:30:00Z,wind_direction,247.0
2026-08-14T19:30:00Z,wind_direction,247.0
2026-08-14T20:30:00Z,wind_direction,249.0
2026-08-14T22:30:00Z,wind_direction,253.0
2026-08-14T23:30:00Z,wind_direction,251.0
2026-08-15T00:30:00Z,wind_direction,251.0
2026-08-15T01:30:00Z,wind_direction,254.0
2026-08-15T02:30:00Z,wind_direction,252.0
2026-08-15T03:30:00Z,wind_direction,252.0
2026-08-15T04:30:00Z,wind_direction,256.0
2026-08-15T05:30:00Z,wind_direction,252.0
2026-08-15T06:30:00Z,wind_direction,252.0
2026-08-15T07:30:00Z,wind_direction,250.0
2026-08-15T08:30:00Z,wind_direction,249.0
